path,baseline_raw_sha256,snapshot_raw_sha256,baseline_lf_sha256,snapshot_lf_sha256,comparison
Editor/AssetKit/AssetFolders.cs,242f5dd540570730fb04eb3d6486c5178a2a87ae2e6284c93eca01c7a7cd9181,242f5dd540570730fb04eb3d6486c5178a2a87ae2e6284c93eca01c7a7cd9181,242f5dd540570730fb04eb3d6486c5178a2a87ae2e6284c93eca01c7a7cd9181,242f5dd540570730fb04eb3d6486c5178a2a87ae2e6284c93eca01c7a7cd9181,raw match
Editor/AssetKit/AssetKit.Editor.asmdef,bafbb0f6f92d1e2b8fb8d33c6eb5bf61e36a45a91c881333476e75e784658cef,bafbb0f6f92d1e2b8fb8d33c6eb5bf61e36a45a91c881333476e75e784658cef,bafbb0f6f92d1e2b8fb8d33c6eb5bf61e36a45a91c881333476e75e784658cef,bafbb0f6f92d1e2b8fb8d33c6eb5bf61e36a45a91c881333476e75e784658cef,raw match
Editor/AssetKit/AssetLibrary.cs,8725050bb5ec39f1779a9bcf7b1e06b5efb57d05339ea73270d5c7a70333ce46,0da7e8c3cc45be1388eedadcf6dc78a118ecf2defc96ce429fb1397593d74e69,8725050bb5ec39f1779a9bcf7b1e06b5efb57d05339ea73270d5c7a70333ce46,8725050bb5ec39f1779a9bcf7b1e06b5efb57d05339ea73270d5c7a70333ce46,EOL-only difference
Editor/AssetKit/AssetLibraryUntyped.cs,1100d8445d5ebb939440d50bfe2dc0782fa667203f1a9d77aca0b18d82714e28,b1edab5d54e761498fd393a7564d290ac6cbde962d03f073718796ba592f038f,1100d8445d5ebb939440d50bfe2dc0782fa667203f1a9d77aca0b18d82714e28,1100d8445d5ebb939440d50bfe2dc0782fa667203f1a9d77aca0b18d82714e28,EOL-only difference
Editor/AssetKit/LauAssetBrowser.cs,770c713748386af312cf3982a2017c99e180481c97440bb259472bc3bd63e77d,770c713748386af312cf3982a2017c99e180481c97440bb259472bc3bd63e77d,770c713748386af312cf3982a2017c99e180481c97440bb259472bc3bd63e77d,770c713748386af312cf3982a2017c99e180481c97440bb259472bc3bd63e77d,raw match
Editor/AssetKit/LauAssetEditors.cs,8308f6bee569c162bd2cff646a4d2106b2ec017dafa0b2c5588ae68891d29da4,4ad733286091b12bffb2a5e429391a896618251464a33af3a17c6b9c99787edf,8308f6bee569c162bd2cff646a4d2106b2ec017dafa0b2c5588ae68891d29da4,8308f6bee569c162bd2cff646a4d2106b2ec017dafa0b2c5588ae68891d29da4,EOL-only difference
Editor/AssetKit/LauAssetElement.cs,7baa81af86c0f2155a3da1ebabd7a5b83f17037b61320e660956ad29961931e1,7baa81af86c0f2155a3da1ebabd7a5b83f17037b61320e660956ad29961931e1,7baa81af86c0f2155a3da1ebabd7a5b83f17037b61320e660956ad29961931e1,7baa81af86c0f2155a3da1ebabd7a5b83f17037b61320e660956ad29961931e1,raw match
Editor/AssetKit/LauAssetGridGUI.cs,cc98b3547e4186c8642b914fe63ce2edb70848226380476ca00fd186aa1cab42,39dbf279e9e5a3465b2187fa746193d9aec829494feedffaa34f76e517441a84,cc98b3547e4186c8642b914fe63ce2edb70848226380476ca00fd186aa1cab42,cc98b3547e4186c8642b914fe63ce2edb70848226380476ca00fd186aa1cab42,EOL-only difference
Editor/AssetKit/LauAssetHook.cs,a7bd307b2c67b792c1c131a768ca8a58e6b2a093f74cce30996f41e2dc83a57d,a7bd307b2c67b792c1c131a768ca8a58e6b2a093f74cce30996f41e2dc83a57d,a7bd307b2c67b792c1c131a768ca8a58e6b2a093f74cce30996f41e2dc83a57d,a7bd307b2c67b792c1c131a768ca8a58e6b2a093f74cce30996f41e2dc83a57d,raw match
Editor/AssetKit/LauPrivateAsset.cs,fd4d349062cebbdfa79a75a1262e7463f97b3995ee9be9dd925a2a699f8a151c,fd4d349062cebbdfa79a75a1262e7463f97b3995ee9be9dd925a2a699f8a151c,fd4d349062cebbdfa79a75a1262e7463f97b3995ee9be9dd925a2a699f8a151c,fd4d349062cebbdfa79a75a1262e7463f97b3995ee9be9dd925a2a699f8a151c,raw match
Editor/AssetKit/LauTagField.cs,f3b7173154cf5d736fd8fdade2973a6c936ba397800f11612c3f6432bee13573,c74b8886d78531f2e428c0e94355e9b57f26ae8f52407cc3b6c562392bf9cc06,f3b7173154cf5d736fd8fdade2973a6c936ba397800f11612c3f6432bee13573,f3b7173154cf5d736fd8fdade2973a6c936ba397800f11612c3f6432bee13573,EOL-only difference
Editor/AssetKit/LauTagFilter.cs,d41f7518af25c7281e107000a833301dea5053c460061596ac15b290f3b79b6c,d41f7518af25c7281e107000a833301dea5053c460061596ac15b290f3b79b6c,d41f7518af25c7281e107000a833301dea5053c460061596ac15b290f3b79b6c,d41f7518af25c7281e107000a833301dea5053c460061596ac15b290f3b79b6c,raw match
Editor/AssetKit/LauTagLibrary.cs,65974775428d5b877a29b2e60fe388002a390c38fc79503794d404000bd4a282,65974775428d5b877a29b2e60fe388002a390c38fc79503794d404000bd4a282,65974775428d5b877a29b2e60fe388002a390c38fc79503794d404000bd4a282,65974775428d5b877a29b2e60fe388002a390c38fc79503794d404000bd4a282,raw match
Editor/AssetKit/LauTagLibraryProvider.cs,d1b7102cce12a519b4617fc7bb0cd227ef728f54acb5f49ea3e00d414d110b01,d1b7102cce12a519b4617fc7bb0cd227ef728f54acb5f49ea3e00d414d110b01,d1b7102cce12a519b4617fc7bb0cd227ef728f54acb5f49ea3e00d414d110b01,d1b7102cce12a519b4617fc7bb0cd227ef728f54acb5f49ea3e00d414d110b01,raw match
Editor/AssetKit/LauTagPicker.cs,234d801141a1fe1a332139cebc9338da1cb81d3db6343a4001dc7328a46485b5,234d801141a1fe1a332139cebc9338da1cb81d3db6343a4001dc7328a46485b5,234d801141a1fe1a332139cebc9338da1cb81d3db6343a4001dc7328a46485b5,234d801141a1fe1a332139cebc9338da1cb81d3db6343a4001dc7328a46485b5,raw match
Editor/AssetKit/LaubraryAssetWindow.cs,62ffea096b31f2c558ed2b9d6d9d723674353d09423878c66bbce8b4a529b48d,dac1ebf63a40a64f69ad10a3ead51f76b77309bb4ac05a5977bb6d58d8c18171,62ffea096b31f2c558ed2b9d6d9d723674353d09423878c66bbce8b4a529b48d,62ffea096b31f2c558ed2b9d6d9d723674353d09423878c66bbce8b4a529b48d,EOL-only difference
Editor/AssetKit/PreviewSpritePrefs.cs,b47c7dba06ef5cae501b7c110eb6b7a2d36ea27e22af290c897f56f59327ac34,b47c7dba06ef5cae501b7c110eb6b7a2d36ea27e22af290c897f56f59327ac34,b47c7dba06ef5cae501b7c110eb6b7a2d36ea27e22af290c897f56f59327ac34,b47c7dba06ef5cae501b7c110eb6b7a2d36ea27e22af290c897f56f59327ac34,raw match
Editor/AssetKit/SheetProvenance.cs,2026474fb9bd7348937710552431addd598900c4e944d58ba592d1a187f15b04,2026474fb9bd7348937710552431addd598900c4e944d58ba592d1a187f15b04,2026474fb9bd7348937710552431addd598900c4e944d58ba592d1a187f15b04,2026474fb9bd7348937710552431addd598900c4e944d58ba592d1a187f15b04,raw match
Editor/AssetKit/ZuiAssetWindow.cs,3e423841a75b9fb9d2842a6634cdbeaf4bdb4d3aa810000ac69002d34456a968,d935962b914fede84e3b480373923172b723dee17667069b74132f72e0bd7ccf,3e423841a75b9fb9d2842a6634cdbeaf4bdb4d3aa810000ac69002d34456a968,3e423841a75b9fb9d2842a6634cdbeaf4bdb4d3aa810000ac69002d34456a968,EOL-only difference
Editor/BackSplash/BackSplashEditorLink.cs,2cff5f4901006b0399c5d568a59d109c22fe5ae1a50ab39e4e048e3e81cbc87b,2cff5f4901006b0399c5d568a59d109c22fe5ae1a50ab39e4e048e3e81cbc87b,2cff5f4901006b0399c5d568a59d109c22fe5ae1a50ab39e4e048e3e81cbc87b,2cff5f4901006b0399c5d568a59d109c22fe5ae1a50ab39e4e048e3e81cbc87b,raw match
Editor/BackSplash/BackSplashElement.cs,1d71e7e1b19374bc6328d4aa62e158163a1a598ed8a2ed4e5b0e5d90653391a4,41e7ff93409f844504b4007a5725718426720f1b9731235d996f408d9c3dd356,1d71e7e1b19374bc6328d4aa62e158163a1a598ed8a2ed4e5b0e5d90653391a4,1d71e7e1b19374bc6328d4aa62e158163a1a598ed8a2ed4e5b0e5d90653391a4,EOL-only difference
Editor/BackSplash/BackSplashGUI.cs,959cb8d7d6fdd50c0f85b072fb87916eed78854a7ece8f8782dfb2e2729ff596,942199c688987feaeed85cdb04bcb11b1e49317cc63f7cc3f6aae1e2df367da1,959cb8d7d6fdd50c0f85b072fb87916eed78854a7ece8f8782dfb2e2729ff596,959cb8d7d6fdd50c0f85b072fb87916eed78854a7ece8f8782dfb2e2729ff596,EOL-only difference
Editor/BackSplash/BackSplashPainter.cs,b28fd60d6a2c71c98103953d3ad4ee07f34045c9bface8662d8d69abbda5259a,c7914788804ab87e6e83d1d0787256682776a4a598308dabae71968876f6d8e5,b28fd60d6a2c71c98103953d3ad4ee07f34045c9bface8662d8d69abbda5259a,b28fd60d6a2c71c98103953d3ad4ee07f34045c9bface8662d8d69abbda5259a,EOL-only difference
Editor/BackSplash/BackSplashWindow.cs,686db4643c3ccb3e56fadad2ed9180e4a1b65ab3e184ffa06c5a1186caf2a677,686db4643c3ccb3e56fadad2ed9180e4a1b65ab3e184ffa06c5a1186caf2a677,686db4643c3ccb3e56fadad2ed9180e4a1b65ab3e184ffa06c5a1186caf2a677,686db4643c3ccb3e56fadad2ed9180e4a1b65ab3e184ffa06c5a1186caf2a677,raw match
Editor/BackSplash/BackSplashZui.cs,df14b167a96224c2b59b3750dbd425132dc4580da9a0149329b9bfa5e69d3af6,f87e6db07d34bce2ef73fa16121b91c717facf5987f8ff08091736e611befbf5,df14b167a96224c2b59b3750dbd425132dc4580da9a0149329b9bfa5e69d3af6,df14b167a96224c2b59b3750dbd425132dc4580da9a0149329b9bfa5e69d3af6,EOL-only difference
Editor/BackSplash/com.Lautaro-Arino.Laubrary.BackSplash.Editor.asmdef,83a0b1cbbe0d998bb4ab7f22e2de44c43643687ef7f787db9d04aae47ddc143c,83a0b1cbbe0d998bb4ab7f22e2de44c43643687ef7f787db9d04aae47ddc143c,83a0b1cbbe0d998bb4ab7f22e2de44c43643687ef7f787db9d04aae47ddc143c,83a0b1cbbe0d998bb4ab7f22e2de44c43643687ef7f787db9d04aae47ddc143c,raw match
Editor/Cabinets/CabinetEditor.cs,7f47e4902bff17c8dd437820864d2fc339dfe5d6797583398be628ec5b74891a,22947fa27cf77697d9c120d3398f4e7d023f7e7ced3470db3d6c87a51338969f,7f47e4902bff17c8dd437820864d2fc339dfe5d6797583398be628ec5b74891a,7f47e4902bff17c8dd437820864d2fc339dfe5d6797583398be628ec5b74891a,EOL-only difference
Editor/Cabinets/com.Lautaro-Arino.Laubrary.Cabinets.Editor.asmdef,b6fcb079253c979295e76e834d5c32193065e52e79604df9244516be9cdb2f82,bdaebc45cf444da1e6d06fb4a69f4eb2d66d2e1aface4b0d062dd7521fbad573,b6fcb079253c979295e76e834d5c32193065e52e79604df9244516be9cdb2f82,b6fcb079253c979295e76e834d5c32193065e52e79604df9244516be9cdb2f82,EOL-only difference
Editor/Caching/AssetCacheInvalidationBridge.cs,516b0bd99f47aa6cc2f22cd2ecac55ed5aecb32e264830895363735ef2b1d367,516b0bd99f47aa6cc2f22cd2ecac55ed5aecb32e264830895363735ef2b1d367,516b0bd99f47aa6cc2f22cd2ecac55ed5aecb32e264830895363735ef2b1d367,516b0bd99f47aa6cc2f22cd2ecac55ed5aecb32e264830895363735ef2b1d367,raw match
Editor/Caching/com.Lautaro-Arino.Laubrary.Caching.Editor.asmdef,69a99cc20a3d85cf884a7dc2a945ce719832209ecd743b423654a7b4dbade096,69a99cc20a3d85cf884a7dc2a945ce719832209ecd743b423654a7b4dbade096,69a99cc20a3d85cf884a7dc2a945ce719832209ecd743b423654a7b4dbade096,69a99cc20a3d85cf884a7dc2a945ce719832209ecd743b423654a7b4dbade096,raw match
Editor/Cartographer/CartographerEditor.asmdef,b273b2fec01e64f4cfdedd9571c83c7b89976f9a0b278108c66462a41da8cfb0,b273b2fec01e64f4cfdedd9571c83c7b89976f9a0b278108c66462a41da8cfb0,b273b2fec01e64f4cfdedd9571c83c7b89976f9a0b278108c66462a41da8cfb0,b273b2fec01e64f4cfdedd9571c83c7b89976f9a0b278108c66462a41da8cfb0,raw match
Editor/Cartographer/CartographerWindow.SceneTools.cs,823b757b4cd83f444e86c93de5f28daec69f7d1911fff2dce5a3568bcea8c26e,823b757b4cd83f444e86c93de5f28daec69f7d1911fff2dce5a3568bcea8c26e,823b757b4cd83f444e86c93de5f28daec69f7d1911fff2dce5a3568bcea8c26e,823b757b4cd83f444e86c93de5f28daec69f7d1911fff2dce5a3568bcea8c26e,raw match
Editor/Cartographer/CartographerWindow.cs,a2cd366816d56ed26cb57dbb25a9690350479db1ea3b5d6d698eabdb7b4f5846,6c751b03739d5cfd89faa0b31574e0041409a4362c51eaca31dcdb3fe7cdd06f,a2cd366816d56ed26cb57dbb25a9690350479db1ea3b5d6d698eabdb7b4f5846,a2cd366816d56ed26cb57dbb25a9690350479db1ea3b5d6d698eabdb7b4f5846,EOL-only difference
Editor/Cartographer/PropWindow.Stamper.cs,66faf2bda4cdece058240d1d67a935b60538dc2d7075814ba67c7558526b9b54,66faf2bda4cdece058240d1d67a935b60538dc2d7075814ba67c7558526b9b54,66faf2bda4cdece058240d1d67a935b60538dc2d7075814ba67c7558526b9b54,66faf2bda4cdece058240d1d67a935b60538dc2d7075814ba67c7558526b9b54,raw match
Editor/Cartographer/PropWindow.cs,0ec17312aa8cca5b94e62c36ba0a29e687cec83544f6700f7aaa9c03b3bd1f4e,0ec17312aa8cca5b94e62c36ba0a29e687cec83544f6700f7aaa9c03b3bd1f4e,0ec17312aa8cca5b94e62c36ba0a29e687cec83544f6700f7aaa9c03b3bd1f4e,0ec17312aa8cca5b94e62c36ba0a29e687cec83544f6700f7aaa9c03b3bd1f4e,raw match
Editor/Cartographer/TilesetAtlas.cs,404db63d507c6c88f97492f490cc976d9b93254ee3d38360353ea9408d6e5a26,404db63d507c6c88f97492f490cc976d9b93254ee3d38360353ea9408d6e5a26,404db63d507c6c88f97492f490cc976d9b93254ee3d38360353ea9408d6e5a26,404db63d507c6c88f97492f490cc976d9b93254ee3d38360353ea9408d6e5a26,raw match
Editor/Cartographer/TilesetBuilderWindow.cs,1b64928568b9c8591f04a9f09f66d2c8bff99343c295b729ba2289eba5a0b39f,1b64928568b9c8591f04a9f09f66d2c8bff99343c295b729ba2289eba5a0b39f,1b64928568b9c8591f04a9f09f66d2c8bff99343c295b729ba2289eba5a0b39f,1b64928568b9c8591f04a9f09f66d2c8bff99343c295b729ba2289eba5a0b39f,raw match
Editor/Choreographer/ChoreographerEditor.asmdef,362eb2ffe55314ec74a18e88ecd84d9728a404095fe404ff857342f946e37308,362eb2ffe55314ec74a18e88ecd84d9728a404095fe404ff857342f946e37308,362eb2ffe55314ec74a18e88ecd84d9728a404095fe404ff857342f946e37308,362eb2ffe55314ec74a18e88ecd84d9728a404095fe404ff857342f946e37308,raw match
Editor/Choreographer/ChoreographerEditorLink.cs,01d3240db6e3a2199e967bc86399f86c26dcbb58cd843ea395962cdb44c7161e,01d3240db6e3a2199e967bc86399f86c26dcbb58cd843ea395962cdb44c7161e,01d3240db6e3a2199e967bc86399f86c26dcbb58cd843ea395962cdb44c7161e,01d3240db6e3a2199e967bc86399f86c26dcbb58cd843ea395962cdb44c7161e,raw match
Editor/Choreographer/ChoreographerWindow.cs,fa802c4932fe795d75ab807da7f053eea3876447fb404c3af7df496feb3dada7,a7599baf61ebe41dab640741e8400e8b89eb40f51e15e332ab9ef58103dfd844,fa802c4932fe795d75ab807da7f053eea3876447fb404c3af7df496feb3dada7,fa802c4932fe795d75ab807da7f053eea3876447fb404c3af7df496feb3dada7,EOL-only difference
Editor/Chunks/ChunkAnimationEditors.cs,5685d38565823e4b67313da65b84deadb4427803d984afaf79252c29ef52ad8c,5685d38565823e4b67313da65b84deadb4427803d984afaf79252c29ef52ad8c,5685d38565823e4b67313da65b84deadb4427803d984afaf79252c29ef52ad8c,5685d38565823e4b67313da65b84deadb4427803d984afaf79252c29ef52ad8c,raw match
Editor/Chunks/ChunkCapabilityCopy.cs,963b093cbdb21a09c8687c86ca4e556ef1fecc6736037256aa97ba81433f1708,5883a6384941b7aa73417d4ae739a7a64350493cfa1eb9936a95c9e3a45b0eed,963b093cbdb21a09c8687c86ca4e556ef1fecc6736037256aa97ba81433f1708,963b093cbdb21a09c8687c86ca4e556ef1fecc6736037256aa97ba81433f1708,EOL-only difference
Editor/Chunks/ChunkCardColors.cs,52825e421531d9793484a300722f52930af5f52a32f33c5c711668665c5f5ac3,910fbe985ccc27ca4de0fa5cf7f6ac2bd0cb67b7a9dc7f12d39fd46c31bfc491,52825e421531d9793484a300722f52930af5f52a32f33c5c711668665c5f5ac3,52825e421531d9793484a300722f52930af5f52a32f33c5c711668665c5f5ac3,EOL-only difference
Editor/Chunks/ChunkFollowEmitterEditor.cs,5d5fb73813eeaf093299b26aada678b060c9aed0ace60293abf0cb54bda3d46c,5d5fb73813eeaf093299b26aada678b060c9aed0ace60293abf0cb54bda3d46c,5d5fb73813eeaf093299b26aada678b060c9aed0ace60293abf0cb54bda3d46c,5d5fb73813eeaf093299b26aada678b060c9aed0ace60293abf0cb54bda3d46c,raw match
Editor/Chunks/ChunkPreviewSim.cs,baf02dd5067e5237ec2d514ac8e106532f3fe25f23dbda6a2e894a7c5f56a3a6,4003b97069a53ad35c96912c09fd0ad6c8cac28a9c07eb911ad7bbf1deb24120,baf02dd5067e5237ec2d514ac8e106532f3fe25f23dbda6a2e894a7c5f56a3a6,baf02dd5067e5237ec2d514ac8e106532f3fe25f23dbda6a2e894a7c5f56a3a6,EOL-only difference
Editor/Chunks/ChunkPyreBlastLength.cs,82d3eea9219242881685b9af3b2c0b5aad5967ba47e7f327932ab3207ee523a2,82d3eea9219242881685b9af3b2c0b5aad5967ba47e7f327932ab3207ee523a2,82d3eea9219242881685b9af3b2c0b5aad5967ba47e7f327932ab3207ee523a2,82d3eea9219242881685b9af3b2c0b5aad5967ba47e7f327932ab3207ee523a2,raw match
Editor/Chunks/ChunkSpecEditor.cs,57e3db0b811b694678bbe2f2b293a3dba4b4ebf1e72ca2bd862b45b18e5820a5,57e3db0b811b694678bbe2f2b293a3dba4b4ebf1e72ca2bd862b45b18e5820a5,57e3db0b811b694678bbe2f2b293a3dba4b4ebf1e72ca2bd862b45b18e5820a5,57e3db0b811b694678bbe2f2b293a3dba4b4ebf1e72ca2bd862b45b18e5820a5,raw match
Editor/Chunks/ChunkSpecEditorLink.cs,02b8e0df8869d443a164c7a4a80fb899ee6f3afb77542798ef16099ec0e92790,02b8e0df8869d443a164c7a4a80fb899ee6f3afb77542798ef16099ec0e92790,02b8e0df8869d443a164c7a4a80fb899ee6f3afb77542798ef16099ec0e92790,02b8e0df8869d443a164c7a4a80fb899ee6f3afb77542798ef16099ec0e92790,raw match
Editor/Chunks/ChunkSpecMigration.cs,1d888ced159d0e9716454c1fc271f249f6e595c6d7a00341f9004576135e4e08,1d888ced159d0e9716454c1fc271f249f6e595c6d7a00341f9004576135e4e08,1d888ced159d0e9716454c1fc271f249f6e595c6d7a00341f9004576135e4e08,1d888ced159d0e9716454c1fc271f249f6e595c6d7a00341f9004576135e4e08,raw match
Editor/Chunks/ChunkWindow.CardState.cs,cace11e9fd24ee8f0686897ba4ecebb131fb876b021c4867ef4b2e33d997ed12,b25cb8cbca4b63daccbad451dbb71ec04a34e2b856204466e3f7f07499c7045d,cace11e9fd24ee8f0686897ba4ecebb131fb876b021c4867ef4b2e33d997ed12,cace11e9fd24ee8f0686897ba4ecebb131fb876b021c4867ef4b2e33d997ed12,EOL-only difference
Editor/Chunks/ChunkWindow.CuesCard.cs,deccee074ee490b83284907fb5721f3c232a9f09a9e44c7294a30c34d4f25aa1,deccee074ee490b83284907fb5721f3c232a9f09a9e44c7294a30c34d4f25aa1,deccee074ee490b83284907fb5721f3c232a9f09a9e44c7294a30c34d4f25aa1,deccee074ee490b83284907fb5721f3c232a9f09a9e44c7294a30c34d4f25aa1,raw match
Editor/Chunks/ChunkWindow.DebrisScatterCard.cs,50f7c1a6084745b741a36563cdb7162ba7fe87d670b4bd54cbbb5f7dc1d7d957,661a1755e156e3b85c619c7080371b91d776b094f5de5aef23564b303fa351ab,50f7c1a6084745b741a36563cdb7162ba7fe87d670b4bd54cbbb5f7dc1d7d957,50f7c1a6084745b741a36563cdb7162ba7fe87d670b4bd54cbbb5f7dc1d7d957,EOL-only difference
Editor/Chunks/ChunkWindow.FragmentFractureCard.cs,acf98a63f1d8da3993b94b14dec6c06ce891a24d3cb7ae62785b7e33eafb2a18,12bc5678ed0d4b998e0e9096f35e15e382240860b0545e0cf9d7c8621ab0cc44,acf98a63f1d8da3993b94b14dec6c06ce891a24d3cb7ae62785b7e33eafb2a18,acf98a63f1d8da3993b94b14dec6c06ce891a24d3cb7ae62785b7e33eafb2a18,EOL-only difference
Editor/Chunks/ChunkWindow.HitsCard.cs,ed88de68c12153564353fab588ad0efeed06d931176a4065aad5cc016d82d6e0,ed88de68c12153564353fab588ad0efeed06d931176a4065aad5cc016d82d6e0,ed88de68c12153564353fab588ad0efeed06d931176a4065aad5cc016d82d6e0,ed88de68c12153564353fab588ad0efeed06d931176a4065aad5cc016d82d6e0,raw match
Editor/Chunks/ChunkWindow.LayerPlanCard.cs,832b2be3ed4a5e90d4338a7ada05a254f2ac436676f93eb0e6e2ae38487261d2,832b2be3ed4a5e90d4338a7ada05a254f2ac436676f93eb0e6e2ae38487261d2,832b2be3ed4a5e90d4338a7ada05a254f2ac436676f93eb0e6e2ae38487261d2,832b2be3ed4a5e90d4338a7ada05a254f2ac436676f93eb0e6e2ae38487261d2,raw match
Editor/Chunks/ChunkWindow.PaletteSplashCard.cs,06fdd60d820a4f4f8547f8f11f7b495f44c148b584aec72ab85cf0087790a5ed,9e4769842bb789a965ed1f74b0f49adaef59f0bbbade676e82434daa37d5180f,06fdd60d820a4f4f8547f8f11f7b495f44c148b584aec72ab85cf0087790a5ed,06fdd60d820a4f4f8547f8f11f7b495f44c148b584aec72ab85cf0087790a5ed,EOL-only difference
Editor/Chunks/ChunkWindow.Preview.cs,e0680b1e524f0f7d6c507b5293cb06268decd35f3931044866c95e9a6a016b9a,d86dcdea3889dd0f52e50daa62c919f153b4ca14b863ad2f83be4848eb34b33a,e0680b1e524f0f7d6c507b5293cb06268decd35f3931044866c95e9a6a016b9a,e0680b1e524f0f7d6c507b5293cb06268decd35f3931044866c95e9a6a016b9a,EOL-only difference
Editor/Chunks/ChunkWindow.PyreBlastCard.cs,e5f15e52a7966325b735949403d317d0fa3e038e782199e43a0f5812dddb2910,f002cfb68ab4c4586effdc3e168d16eb0cffabc32b51aa68ae4aca1eae9ff38d,e5f15e52a7966325b735949403d317d0fa3e038e782199e43a0f5812dddb2910,e5f15e52a7966325b735949403d317d0fa3e038e782199e43a0f5812dddb2910,EOL-only difference
Editor/Chunks/ChunkWindow.Recipe.cs,1573e3b638b0ca827fd4957d3ca576f835c0a2a0da750c26bd72120a45b36cc1,d93d752e79e2096d474f922f217a0ad00d9b0092ed1875eed9b2d2b4ed4a4703,1573e3b638b0ca827fd4957d3ca576f835c0a2a0da750c26bd72120a45b36cc1,1573e3b638b0ca827fd4957d3ca576f835c0a2a0da750c26bd72120a45b36cc1,EOL-only difference
Editor/Chunks/ChunkWindow.Timing.cs,13a7857c50a082740d70dda5e964968846fc86548c690c5a0e030fc730e36b97,9f5c720e952b4e6060d8167b07767b9e5072754ea9ae7cff8221db7b0c29743d,13a7857c50a082740d70dda5e964968846fc86548c690c5a0e030fc730e36b97,13a7857c50a082740d70dda5e964968846fc86548c690c5a0e030fc730e36b97,EOL-only difference
Editor/Chunks/ChunkWindow.TrailCard.cs,4bd43644d10c949abd26e1769732a1102cca084bd40a74d21f227a2dd719f8c1,4bd43644d10c949abd26e1769732a1102cca084bd40a74d21f227a2dd719f8c1,4bd43644d10c949abd26e1769732a1102cca084bd40a74d21f227a2dd719f8c1,4bd43644d10c949abd26e1769732a1102cca084bd40a74d21f227a2dd719f8c1,raw match
Editor/Chunks/ChunkWindow.TrajectoryCard.cs,b8179112a02656bd902248e690adae13447eebff9ccd59bfc7ba4cd08089f6c6,76fa13c6ebab8127a61aaaa8e4a8f92a6292beb97eaf282d27958b40f69c44e5,b8179112a02656bd902248e690adae13447eebff9ccd59bfc7ba4cd08089f6c6,b8179112a02656bd902248e690adae13447eebff9ccd59bfc7ba4cd08089f6c6,EOL-only difference
Editor/Chunks/ChunkWindow.cs,9854bb3bc9adddd792d0eff86ad17bd6e8f6818971aad9c45210ae898b7320b8,60df41d9b2773b73c63347c659ed9d8bb72e4eb0e1b42d10a705017be5e94a48,9854bb3bc9adddd792d0eff86ad17bd6e8f6818971aad9c45210ae898b7320b8,9854bb3bc9adddd792d0eff86ad17bd6e8f6818971aad9c45210ae898b7320b8,EOL-only difference
Editor/Chunks/ChunkZoundPickerHook.cs,b397fa03e83a25c47f377e896e719764916c526c0fe8051c88159ce8cc25192a,b397fa03e83a25c47f377e896e719764916c526c0fe8051c88159ce8cc25192a,b397fa03e83a25c47f377e896e719764916c526c0fe8051c88159ce8cc25192a,b397fa03e83a25c47f377e896e719764916c526c0fe8051c88159ce8cc25192a,raw match
Editor/Chunks/ChunksEditor.asmdef,feec28a268c14e034dca8ef1f6ee2a999d396d935dc587d8525fffd79c18f87b,feec28a268c14e034dca8ef1f6ee2a999d396d935dc587d8525fffd79c18f87b,feec28a268c14e034dca8ef1f6ee2a999d396d935dc587d8525fffd79c18f87b,feec28a268c14e034dca8ef1f6ee2a999d396d935dc587d8525fffd79c18f87b,raw match
Editor/ChunksZounds/ChunkZoundPickerLink.cs,641f4beed24b02eecfe9336c49d4cfaae93b1cb183cb5631c0d2fee8eec180c2,641f4beed24b02eecfe9336c49d4cfaae93b1cb183cb5631c0d2fee8eec180c2,641f4beed24b02eecfe9336c49d4cfaae93b1cb183cb5631c0d2fee8eec180c2,641f4beed24b02eecfe9336c49d4cfaae93b1cb183cb5631c0d2fee8eec180c2,raw match
Editor/ChunksZounds/com.Lautaro-Arino.Laubrary.Chunks.Zounds.Editor.asmdef,d65b7df8d3cf71ba1b56a3cfd515284dda91cb07dfbb91f2cd9e280c41419d55,d65b7df8d3cf71ba1b56a3cfd515284dda91cb07dfbb91f2cd9e280c41419d55,d65b7df8d3cf71ba1b56a3cfd515284dda91cb07dfbb91f2cd9e280c41419d55,d65b7df8d3cf71ba1b56a3cfd515284dda91cb07dfbb91f2cd9e280c41419d55,raw match
Editor/Daemon/BrainGraphWindow.cs,5ee45ee1ff5983f6f89f90ad22b695151ea985a9efa347ddc5cb857f5e4614c3,c7b5f0fca610e701e65b42d4cd52de211bab9dddd1f18bdf545d75381fd6bdac,5ee45ee1ff5983f6f89f90ad22b695151ea985a9efa347ddc5cb857f5e4614c3,5ee45ee1ff5983f6f89f90ad22b695151ea985a9efa347ddc5cb857f5e4614c3,EOL-only difference
Editor/Daemon/Daemon.Editor.asmdef,fd78fcf4d354605f83f04cf8db8fd8446d8f6ed36b1bbcb7af6662f8dafc9631,fd681385e6be883b06c226ac5cd09867bf78c19c05dc5ca9cd19140a4666185d,fd78fcf4d354605f83f04cf8db8fd8446d8f6ed36b1bbcb7af6662f8dafc9631,fd78fcf4d354605f83f04cf8db8fd8446d8f6ed36b1bbcb7af6662f8dafc9631,EOL-only difference
Editor/Dashboard/Dashboard.asmdef,84e93f777ad59542d07c5f6061e4c945ada59bc242872c1f642934085ea8edf1,dbdb2f25ab34610cd3f17eb5adbb0cd696ad32e6b761542de847b54f6057662d,84e93f777ad59542d07c5f6061e4c945ada59bc242872c1f642934085ea8edf1,84e93f777ad59542d07c5f6061e4c945ada59bc242872c1f642934085ea8edf1,EOL-only difference
Editor/Dashboard/DashboardEditorWindow.cs,472140231868d97546994994c3de9e19241bb3564b06466e2a7d82627a96a3bb,8903d4fedc7e3f5bf9ceb7681ebec2fd542d9870cf85d5494e1cdf017d60590e,472140231868d97546994994c3de9e19241bb3564b06466e2a7d82627a96a3bb,472140231868d97546994994c3de9e19241bb3564b06466e2a7d82627a96a3bb,EOL-only difference
Editor/Dashboard/TrackedField.cs,1193da30e770d32981a27189d092f8f5ba8f7e34fd681a14b3b30e47f29dde26,40524eadcdf63a7b7e4e1e632de3ed0efb6f0702a509281c41088f83f1ebb007,1193da30e770d32981a27189d092f8f5ba8f7e34fd681a14b3b30e47f29dde26,1193da30e770d32981a27189d092f8f5ba8f7e34fd681a14b3b30e47f29dde26,EOL-only difference
Editor/Dashboard/WindowLog.cs,828c50799397531ba9397d72715eb6eb5c85a69138eeeef6e753df6fe25d96cf,bdc1039b59068e71740570111562b05b39568107548eb59ce4869434c9654d01,828c50799397531ba9397d72715eb6eb5c85a69138eeeef6e753df6fe25d96cf,828c50799397531ba9397d72715eb6eb5c85a69138eeeef6e753df6fe25d96cf,EOL-only difference
Editor/DotGen/DotGenCardsFill.cs,1e27697fe7e07780772167f65914e95de4c6170ce56bef5e0a80b6dd527abc3f,1e27697fe7e07780772167f65914e95de4c6170ce56bef5e0a80b6dd527abc3f,1e27697fe7e07780772167f65914e95de4c6170ce56bef5e0a80b6dd527abc3f,1e27697fe7e07780772167f65914e95de4c6170ce56bef5e0a80b6dd527abc3f,raw match
Editor/DotGen/DotGenClone.cs,78882c418242b73bba5c6b1959979939490bd04709ebc746fa962878fd58a3fe,78882c418242b73bba5c6b1959979939490bd04709ebc746fa962878fd58a3fe,78882c418242b73bba5c6b1959979939490bd04709ebc746fa962878fd58a3fe,78882c418242b73bba5c6b1959979939490bd04709ebc746fa962878fd58a3fe,raw match
Editor/DotGen/DotGenWindow.Cards.cs,13770d9ba749659677b96dd330d5463ace62f6cb83ee2cc7fa8893cef264c791,13770d9ba749659677b96dd330d5463ace62f6cb83ee2cc7fa8893cef264c791,13770d9ba749659677b96dd330d5463ace62f6cb83ee2cc7fa8893cef264c791,13770d9ba749659677b96dd330d5463ace62f6cb83ee2cc7fa8893cef264c791,raw match
Editor/DotGen/DotGenWindow.Gizmos.cs,00e43fad6322a84f15dcfa260d4731862c4d5c7b476dcf05c0c836334b363a2d,00e43fad6322a84f15dcfa260d4731862c4d5c7b476dcf05c0c836334b363a2d,00e43fad6322a84f15dcfa260d4731862c4d5c7b476dcf05c0c836334b363a2d,00e43fad6322a84f15dcfa260d4731862c4d5c7b476dcf05c0c836334b363a2d,raw match
Editor/DotGen/DotGenWindow.Preview.cs,6b4b1b419bda4de9487604db9decb6a7c336e4b95c3df28a9ffcf33ea97d5741,6b4b1b419bda4de9487604db9decb6a7c336e4b95c3df28a9ffcf33ea97d5741,6b4b1b419bda4de9487604db9decb6a7c336e4b95c3df28a9ffcf33ea97d5741,6b4b1b419bda4de9487604db9decb6a7c336e4b95c3df28a9ffcf33ea97d5741,raw match
Editor/DotGen/DotGenWindow.cs,757627e30efee95737ba6b779470b96fbb282c7a648b80b43103ff23496e4cec,757627e30efee95737ba6b779470b96fbb282c7a648b80b43103ff23496e4cec,757627e30efee95737ba6b779470b96fbb282c7a648b80b43103ff23496e4cec,757627e30efee95737ba6b779470b96fbb282c7a648b80b43103ff23496e4cec,raw match
Editor/DotGen/com.Lautaro-Arino.Laubrary.DotGen.Editor.asmdef,a0fc6a6dd83604a78589d3bfd1e5fdc165e251d4fba5addc737a83ed475aa206,a0fc6a6dd83604a78589d3bfd1e5fdc165e251d4fba5addc737a83ed475aa206,a0fc6a6dd83604a78589d3bfd1e5fdc165e251d4fba5addc737a83ed475aa206,a0fc6a6dd83604a78589d3bfd1e5fdc165e251d4fba5addc737a83ed475aa206,raw match
Editor/GraphViewKit/GraphViewKit.Editor.asmdef,2c7cfa162bb85154b98ba7bbe453721be83cf5a86585617c998fd1879d548820,2c7cfa162bb85154b98ba7bbe453721be83cf5a86585617c998fd1879d548820,2c7cfa162bb85154b98ba7bbe453721be83cf5a86585617c998fd1879d548820,2c7cfa162bb85154b98ba7bbe453721be83cf5a86585617c998fd1879d548820,raw match
Editor/GraphViewKit/UniversalRerouteNode.cs,5afed61f6df051091b6b8589647554cc47c36d11c9e0beb4d542567ed8782142,5afed61f6df051091b6b8589647554cc47c36d11c9e0beb4d542567ed8782142,5afed61f6df051091b6b8589647554cc47c36d11c9e0beb4d542567ed8782142,5afed61f6df051091b6b8589647554cc47c36d11c9e0beb4d542567ed8782142,raw match
Editor/Larder/LarderEditor.asmdef,93f17d2da9b2874f077b7dd626cdeed5c2f17d98406fb0f984494fe4780347a1,29c19a9dd869ae403de906cfc608032ccc6aebc9b8ef195c8cf3a0e4ef613188,93f17d2da9b2874f077b7dd626cdeed5c2f17d98406fb0f984494fe4780347a1,93f17d2da9b2874f077b7dd626cdeed5c2f17d98406fb0f984494fe4780347a1,EOL-only difference
Editor/Larder/LarderEditorLink.cs,c1a927a876e85311580f083573a4e5b975f59641f9e124d7229231f89c085e13,8ecba3e0ef42e6567b4044f3cf027ce66d1e41e55bcb1fb43f7b5c45afb96733,c1a927a876e85311580f083573a4e5b975f59641f9e124d7229231f89c085e13,c1a927a876e85311580f083573a4e5b975f59641f9e124d7229231f89c085e13,EOL-only difference
Editor/Larder/LarderWindow.cs,50ed484014f01b2b4844c0757cc794010e1259939fb226b4f308a8cadd044fdc,f422db85304fd67a623c7fba892f93b130fea5be9021dee4e8175dadddff6309,50ed484014f01b2b4844c0757cc794010e1259939fb226b4f308a8cadd044fdc,50ed484014f01b2b4844c0757cc794010e1259939fb226b4f308a8cadd044fdc,EOL-only difference
Editor/Larder/WareBaker.cs,03379595c4c07d123e18be6a08655dd6ad4bc895b6581be06893054d344c53e7,6b2e703e262a006596de547e5a8b6ad2d55954c848783745840d337aa056c8b6,03379595c4c07d123e18be6a08655dd6ad4bc895b6581be06893054d344c53e7,03379595c4c07d123e18be6a08655dd6ad4bc895b6581be06893054d344c53e7,EOL-only difference
Editor/Lathe/LatheBakePass.cs,d4c466d008bcb6270daba9ab4ca67751339aa098cd30071b19556f9a0d9c7d5e,9e18acdb90ec8d233f5b55e3faa7ec7751abcd764d2c56e45121406d23ce0ef1,d4c466d008bcb6270daba9ab4ca67751339aa098cd30071b19556f9a0d9c7d5e,d4c466d008bcb6270daba9ab4ca67751339aa098cd30071b19556f9a0d9c7d5e,EOL-only difference
Editor/Lathe/LatheBaker.cs,c4478c14fbbf5f9e0a3d5ef93309afd67f7457ced624be6f717f0339d8fb41a7,03fd17ec299e3faf9e7d5781806ad966072825bcb32185aefa4b29a0c9813cb1,c4478c14fbbf5f9e0a3d5ef93309afd67f7457ced624be6f717f0339d8fb41a7,c4478c14fbbf5f9e0a3d5ef93309afd67f7457ced624be6f717f0339d8fb41a7,EOL-only difference
Editor/Lathe/LatheEditor.asmdef,2abaf824040e1fa22d2a57dfc9e0623960e4d1a64a3f64cb3e56ec8d0626069b,2abaf824040e1fa22d2a57dfc9e0623960e4d1a64a3f64cb3e56ec8d0626069b,2abaf824040e1fa22d2a57dfc9e0623960e4d1a64a3f64cb3e56ec8d0626069b,2abaf824040e1fa22d2a57dfc9e0623960e4d1a64a3f64cb3e56ec8d0626069b,raw match
Editor/Lathe/LatheMoldWindow.cs,b31cbe070b6c83f736d097be9a9c2a29091e65e02d750870cb37c646de98cd5e,b31cbe070b6c83f736d097be9a9c2a29091e65e02d750870cb37c646de98cd5e,b31cbe070b6c83f736d097be9a9c2a29091e65e02d750870cb37c646de98cd5e,b31cbe070b6c83f736d097be9a9c2a29091e65e02d750870cb37c646de98cd5e,raw match
Editor/Lathe/LathePreview.cs,3d4f770d0198c7c34af7eea7f568ea6627d541098c50fbcee1c24bb14eca58be,ca14a9c3d9397bc15029d1dfa6810e8cfc0a64f88184c8d15abfbfb839155ac1,3d4f770d0198c7c34af7eea7f568ea6627d541098c50fbcee1c24bb14eca58be,3d4f770d0198c7c34af7eea7f568ea6627d541098c50fbcee1c24bb14eca58be,EOL-only difference
Editor/Lathe/LatheWindow.Gizmo.cs,d24ed3b5ebd4bcc9c0e6f25434e66fa4741c98501c16191388ff48c766ea9570,d24ed3b5ebd4bcc9c0e6f25434e66fa4741c98501c16191388ff48c766ea9570,d24ed3b5ebd4bcc9c0e6f25434e66fa4741c98501c16191388ff48c766ea9570,d24ed3b5ebd4bcc9c0e6f25434e66fa4741c98501c16191388ff48c766ea9570,raw match
Editor/Lathe/LatheWindow.Modifiers.cs,1ee86654e679067e2e0b2dafd548a6af0d9d395a5ddf372e023f80b560656265,4d02fb9656a0d6b1f8233758a030faf1304f0aef587a798fa483f253d9dca847,1ee86654e679067e2e0b2dafd548a6af0d9d395a5ddf372e023f80b560656265,1ee86654e679067e2e0b2dafd548a6af0d9d395a5ddf372e023f80b560656265,EOL-only difference
Editor/Lathe/LatheWindow.Module.cs,e53c65076a8309e6ca2a8ca61dba6a0b8f12a030c1f4c04ce725781e0874ef71,98cc0a459eb2fe407eb111b2a3e028220d454e5cbaa2ec6e738182b0b13ebca0,e53c65076a8309e6ca2a8ca61dba6a0b8f12a030c1f4c04ce725781e0874ef71,e53c65076a8309e6ca2a8ca61dba6a0b8f12a030c1f4c04ce725781e0874ef71,EOL-only difference
Editor/Lathe/LatheWindow.Skeleton.cs,22c47bfb80260b880e973ea7fa98d9b2615e0b221376440329832205ed4cb979,b198db512fa0b58cfe457f2c79a4986b642cfeac76f1fb8e1e4117cf1149cf1d,22c47bfb80260b880e973ea7fa98d9b2615e0b221376440329832205ed4cb979,22c47bfb80260b880e973ea7fa98d9b2615e0b221376440329832205ed4cb979,EOL-only difference
Editor/Lathe/LatheWindow.Solids.cs,d6201197e860d03fe9216d52365f16382f239a4527fb836c19d228ce20f7a657,4226863c82c253215c3267f3c65ceaa439189288f62067c03d981a0f7e7186a4,d6201197e860d03fe9216d52365f16382f239a4527fb836c19d228ce20f7a657,d6201197e860d03fe9216d52365f16382f239a4527fb836c19d228ce20f7a657,EOL-only difference
Editor/Lathe/LatheWindow.cs,c7ca8f42f77be1f8c716e685d24ad4f7a2efaf1d53ef376099a0cbce113fe227,8dce550ef41c1891c673c2db25df5406db7732f17d6f975b84dff99132f6598f,c7ca8f42f77be1f8c716e685d24ad4f7a2efaf1d53ef376099a0cbce113fe227,c7ca8f42f77be1f8c716e685d24ad4f7a2efaf1d53ef376099a0cbce113fe227,EOL-only difference
Editor/Launimator/AnimationAseprite.cs,af37331ee88d2d4a638803303f0425aa97b3395c13ae00901e4653cbb8ff4090,af37331ee88d2d4a638803303f0425aa97b3395c13ae00901e4653cbb8ff4090,af37331ee88d2d4a638803303f0425aa97b3395c13ae00901e4653cbb8ff4090,af37331ee88d2d4a638803303f0425aa97b3395c13ae00901e4653cbb8ff4090,raw match
Editor/Launimator/AnimationAsepriteWindow.cs,61ccd061e97dc8e5a9acc522568a9f01286fbc7640ebe0764286e3481b578890,07d0e6deb64801da8f892b55dea3a205b5730f5a2e6ee641d64ab6089a91f10f,61ccd061e97dc8e5a9acc522568a9f01286fbc7640ebe0764286e3481b578890,61ccd061e97dc8e5a9acc522568a9f01286fbc7640ebe0764286e3481b578890,EOL-only difference
Editor/Launimator/AnimationBuilderWindow.AutoSlice.cs,27195f61f1969fcbb56b2dbcb1503edc9704e66a1165584a7a8051ff3c3a0640,27195f61f1969fcbb56b2dbcb1503edc9704e66a1165584a7a8051ff3c3a0640,27195f61f1969fcbb56b2dbcb1503edc9704e66a1165584a7a8051ff3c3a0640,27195f61f1969fcbb56b2dbcb1503edc9704e66a1165584a7a8051ff3c3a0640,raw match
Editor/Launimator/AnimationBuilderWindow.Undo.cs,fc8a5f47e40918367459ffa016efaac7c52bfb7e2236a61efb66cb9f2ac70936,fc8a5f47e40918367459ffa016efaac7c52bfb7e2236a61efb66cb9f2ac70936,fc8a5f47e40918367459ffa016efaac7c52bfb7e2236a61efb66cb9f2ac70936,fc8a5f47e40918367459ffa016efaac7c52bfb7e2236a61efb66cb9f2ac70936,raw match
Editor/Launimator/AnimationLibrary.cs,6d26217e61d8ce66cc2e72e0600c027121e562ed36a971b862a3d29f7d86ad29,6d26217e61d8ce66cc2e72e0600c027121e562ed36a971b862a3d29f7d86ad29,6d26217e61d8ce66cc2e72e0600c027121e562ed36a971b862a3d29f7d86ad29,6d26217e61d8ce66cc2e72e0600c027121e562ed36a971b862a3d29f7d86ad29,raw match
Editor/Launimator/AsepriteIO.cs,353aee9936076ceaae2e799fc698ce0cc8d1059a496c5d9f7745a2e792c449a5,353aee9936076ceaae2e799fc698ce0cc8d1059a496c5d9f7745a2e792c449a5,353aee9936076ceaae2e799fc698ce0cc8d1059a496c5d9f7745a2e792c449a5,353aee9936076ceaae2e799fc698ce0cc8d1059a496c5d9f7745a2e792c449a5,raw match
Editor/Launimator/AsepriteLauminaryImport.cs,10ced3857766632020ea19fa34e431a9f60bafc600aa4bed7ec1825ef9ff57e5,10ced3857766632020ea19fa34e431a9f60bafc600aa4bed7ec1825ef9ff57e5,10ced3857766632020ea19fa34e431a9f60bafc600aa4bed7ec1825ef9ff57e5,10ced3857766632020ea19fa34e431a9f60bafc600aa4bed7ec1825ef9ff57e5,raw match
Editor/Launimator/AsepriteLauncher.cs,75cbf860d7beb0bc30909bf34ddc7b719899eb2c5619994dbcb807275a37e8e5,75cbf860d7beb0bc30909bf34ddc7b719899eb2c5619994dbcb807275a37e8e5,75cbf860d7beb0bc30909bf34ddc7b719899eb2c5619994dbcb807275a37e8e5,75cbf860d7beb0bc30909bf34ddc7b719899eb2c5619994dbcb807275a37e8e5,raw match
Editor/Launimator/AtlasBaker.cs,d73edd03a677e05d74cba010653bc874f54bab5d17c081c0a83d226df12c2a0a,d73edd03a677e05d74cba010653bc874f54bab5d17c081c0a83d226df12c2a0a,d73edd03a677e05d74cba010653bc874f54bab5d17c081c0a83d226df12c2a0a,d73edd03a677e05d74cba010653bc874f54bab5d17c081c0a83d226df12c2a0a,raw match
Editor/Launimator/AutoScavenger.cs,d5b19cda6c22df4bda438c5b3f2fcb3d3b8ee8336bf6bc4919cc04fbfd068079,d5b19cda6c22df4bda438c5b3f2fcb3d3b8ee8336bf6bc4919cc04fbfd068079,d5b19cda6c22df4bda438c5b3f2fcb3d3b8ee8336bf6bc4919cc04fbfd068079,d5b19cda6c22df4bda438c5b3f2fcb3d3b8ee8336bf6bc4919cc04fbfd068079,raw match
Editor/Launimator/FramePreview.cs,646a6dba448e6e539f508579b94ef3993f8365b1f0a97a6c18660f749d8600ca,646a6dba448e6e539f508579b94ef3993f8365b1f0a97a6c18660f749d8600ca,646a6dba448e6e539f508579b94ef3993f8365b1f0a97a6c18660f749d8600ca,646a6dba448e6e539f508579b94ef3993f8365b1f0a97a6c18660f749d8600ca,raw match
Editor/Launimator/GridSlicer.cs,77cc52d974eef9fe642765172dd1f40f75d7657d6ba30418ca0d690eec6a8883,77cc52d974eef9fe642765172dd1f40f75d7657d6ba30418ca0d690eec6a8883,77cc52d974eef9fe642765172dd1f40f75d7657d6ba30418ca0d690eec6a8883,77cc52d974eef9fe642765172dd1f40f75d7657d6ba30418ca0d690eec6a8883,raw match
Editor/Launimator/LauminaryAnimationChunkAdapterEditorLink.cs,194f1aad349b7f41eef0d26dae8d83099d2e2e684fb2aa5918a2de880c6e0513,194f1aad349b7f41eef0d26dae8d83099d2e2e684fb2aa5918a2de880c6e0513,194f1aad349b7f41eef0d26dae8d83099d2e2e684fb2aa5918a2de880c6e0513,194f1aad349b7f41eef0d26dae8d83099d2e2e684fb2aa5918a2de880c6e0513,raw match
Editor/Launimator/LauminaryAtlasPacker.cs,13538137012dfd592c0b35fb700591080e804f9e720da8f762b6a201131a2ece,13538137012dfd592c0b35fb700591080e804f9e720da8f762b6a201131a2ece,13538137012dfd592c0b35fb700591080e804f9e720da8f762b6a201131a2ece,13538137012dfd592c0b35fb700591080e804f9e720da8f762b6a201131a2ece,raw match
Editor/Launimator/LauminaryBrowserWindow.cs,ad6f250dd939ab3c94cb77178caaa058e2051e195fc2ed65e7f68883a69d4db2,ad6f250dd939ab3c94cb77178caaa058e2051e195fc2ed65e7f68883a69d4db2,ad6f250dd939ab3c94cb77178caaa058e2051e195fc2ed65e7f68883a69d4db2,ad6f250dd939ab3c94cb77178caaa058e2051e195fc2ed65e7f68883a69d4db2,raw match
Editor/Launimator/LauminaryBuilder.cs,45e7abb75e6e9c55eee68914502cf6a980cf21caf5da93a72916d08794358c66,45e7abb75e6e9c55eee68914502cf6a980cf21caf5da93a72916d08794358c66,45e7abb75e6e9c55eee68914502cf6a980cf21caf5da93a72916d08794358c66,45e7abb75e6e9c55eee68914502cf6a980cf21caf5da93a72916d08794358c66,raw match
Editor/Launimator/LauminaryMaintenance.cs,9571805088d2a95b0bafd37c59d4505eb7b132a0cd47ff5f0032b4090b899f8e,9571805088d2a95b0bafd37c59d4505eb7b132a0cd47ff5f0032b4090b899f8e,9571805088d2a95b0bafd37c59d4505eb7b132a0cd47ff5f0032b4090b899f8e,9571805088d2a95b0bafd37c59d4505eb7b132a0cd47ff5f0032b4090b899f8e,raw match
Editor/Launimator/LauminaryRepo.cs,93dca641fa27c0e145936b57879bb5f2d846c32944a9f47f44b174b8cbd037e7,93dca641fa27c0e145936b57879bb5f2d846c32944a9f47f44b174b8cbd037e7,93dca641fa27c0e145936b57879bb5f2d846c32944a9f47f44b174b8cbd037e7,93dca641fa27c0e145936b57879bb5f2d846c32944a9f47f44b174b8cbd037e7,raw match
Editor/Launimator/LauminarySources.cs,57415e2ff0ac9b6278f23fda48ba37f61e62801656782cb32abeef8c50f72269,57415e2ff0ac9b6278f23fda48ba37f61e62801656782cb32abeef8c50f72269,57415e2ff0ac9b6278f23fda48ba37f61e62801656782cb32abeef8c50f72269,57415e2ff0ac9b6278f23fda48ba37f61e62801656782cb32abeef8c50f72269,raw match
Editor/Launimator/LauminationBuilderWindow.Browser.cs,8ada80c4228d198d0b402225f96fea0c774cab021c6b7e994bd15107ad5c7430,8ada80c4228d198d0b402225f96fea0c774cab021c6b7e994bd15107ad5c7430,8ada80c4228d198d0b402225f96fea0c774cab021c6b7e994bd15107ad5c7430,8ada80c4228d198d0b402225f96fea0c774cab021c6b7e994bd15107ad5c7430,raw match
Editor/Launimator/LauminationBuilderWindow.Zones.cs,122ef3ea1e3d23135c77c334ed67336364da02c8223b8e276f9cb3e85f8905c0,122ef3ea1e3d23135c77c334ed67336364da02c8223b8e276f9cb3e85f8905c0,122ef3ea1e3d23135c77c334ed67336364da02c8223b8e276f9cb3e85f8905c0,122ef3ea1e3d23135c77c334ed67336364da02c8223b8e276f9cb3e85f8905c0,raw match
Editor/Launimator/LauminationBuilderWindow.cs,acb5df30b7b9adc40fcbcd8d10ee0b717062c94f019d4cdc7cbf6a4c0b83ae7d,3390f04afcf92d8203d31a2f498bb2f089f9c7f991f8656b0c99078d46830847,acb5df30b7b9adc40fcbcd8d10ee0b717062c94f019d4cdc7cbf6a4c0b83ae7d,acb5df30b7b9adc40fcbcd8d10ee0b717062c94f019d4cdc7cbf6a4c0b83ae7d,EOL-only difference
Editor/Launimator/LaunimatorEditor.asmdef,c817182f32f79bfd6c008e33f24f5d62196f428a7dcf43f676011d9082420e1d,f0b237c5bc55f00c8b57c174b47b5c1b666eb8d1e154797e03ec5e6451d3aee6,c817182f32f79bfd6c008e33f24f5d62196f428a7dcf43f676011d9082420e1d,c817182f32f79bfd6c008e33f24f5d62196f428a7dcf43f676011d9082420e1d,EOL-only difference
Editor/Launimator/RecentSheetsPopup.cs,c5a32977717fdcb5732ed431b242b371326c0d7bd283a407a4f8150c2253968f,c5a32977717fdcb5732ed431b242b371326c0d7bd283a407a4f8150c2253968f,c5a32977717fdcb5732ed431b242b371326c0d7bd283a407a4f8150c2253968f,c5a32977717fdcb5732ed431b242b371326c0d7bd283a407a4f8150c2253968f,raw match
Editor/Launimator/RegionSlicer.cs,08dd46507c46a026f4fac4cb79e327fadc57febf0382be2af48f74ce7e34efe1,08dd46507c46a026f4fac4cb79e327fadc57febf0382be2af48f74ce7e34efe1,08dd46507c46a026f4fac4cb79e327fadc57febf0382be2af48f74ce7e34efe1,08dd46507c46a026f4fac4cb79e327fadc57febf0382be2af48f74ce7e34efe1,raw match
Editor/Launimator/RegionSlicerPersistence.cs,a6ae46e91964b3cb9ecb762e1dd116680220aec767130dae6d20765372a60503,a6ae46e91964b3cb9ecb762e1dd116680220aec767130dae6d20765372a60503,a6ae46e91964b3cb9ecb762e1dd116680220aec767130dae6d20765372a60503,a6ae46e91964b3cb9ecb762e1dd116680220aec767130dae6d20765372a60503,raw match
Editor/Launimator/SelfTest.cs,47b604adf6abd25c89216c0605c330852aa467b6cfdf0616429a5c8d130d7f4f,47b604adf6abd25c89216c0605c330852aa467b6cfdf0616429a5c8d130d7f4f,47b604adf6abd25c89216c0605c330852aa467b6cfdf0616429a5c8d130d7f4f,47b604adf6abd25c89216c0605c330852aa467b6cfdf0616429a5c8d130d7f4f,raw match
Editor/Launimator/SheetLibrary.cs,8eb6eed4e8434b306cb90623c888457688e2f4d29f6496da46ae6fc256320d30,8eb6eed4e8434b306cb90623c888457688e2f4d29f6496da46ae6fc256320d30,8eb6eed4e8434b306cb90623c888457688e2f4d29f6496da46ae6fc256320d30,8eb6eed4e8434b306cb90623c888457688e2f4d29f6496da46ae6fc256320d30,raw match
Editor/Launimator/SheetRegistry.cs,119b59c0dc2484d732a2e4d5178cdae424d670bb9008f9258f021787a2ec28cb,119b59c0dc2484d732a2e4d5178cdae424d670bb9008f9258f021787a2ec28cb,119b59c0dc2484d732a2e4d5178cdae424d670bb9008f9258f021787a2ec28cb,119b59c0dc2484d732a2e4d5178cdae424d670bb9008f9258f021787a2ec28cb,raw match
Editor/Launimator/SpriteCatalogEditorLink.cs,b124e34bd75fc2e78c9b6e5e67869caea8f440140facd74c73ffb83f3be36735,b124e34bd75fc2e78c9b6e5e67869caea8f440140facd74c73ffb83f3be36735,b124e34bd75fc2e78c9b6e5e67869caea8f440140facd74c73ffb83f3be36735,b124e34bd75fc2e78c9b6e5e67869caea8f440140facd74c73ffb83f3be36735,raw match
Editor/Launimator/SpriteCatalogWindow.cs,2ba0401ed1be0eebc65ed82cfb756dbe3a376a339213ffe616dd9148272f81e3,41098992b187751be089f874a228aa193a867672e31b812748f01f940b0aa55b,2ba0401ed1be0eebc65ed82cfb756dbe3a376a339213ffe616dd9148272f81e3,2ba0401ed1be0eebc65ed82cfb756dbe3a376a339213ffe616dd9148272f81e3,EOL-only difference
Editor/Launimator/SpriteChunkAnimationEditorLink.cs,62058bddb5c015ed968970392665b3cad00fc6b855f7a039ab4eb6c0c1131665,62058bddb5c015ed968970392665b3cad00fc6b855f7a039ab4eb6c0c1131665,62058bddb5c015ed968970392665b3cad00fc6b855f7a039ab4eb6c0c1131665,62058bddb5c015ed968970392665b3cad00fc6b855f7a039ab4eb6c0c1131665,raw match
Editor/LaunimatorZounds/LaunimatorZoundsEditor.asmdef,84fe54da2a437baaa9fac48e906695349bc656186f6b598d301f66755dc36ee4,84fe54da2a437baaa9fac48e906695349bc656186f6b598d301f66755dc36ee4,84fe54da2a437baaa9fac48e906695349bc656186f6b598d301f66755dc36ee4,84fe54da2a437baaa9fac48e906695349bc656186f6b598d301f66755dc36ee4,raw match
Editor/LaunimatorZounds/ZoundPickerPopup.cs,8ec1ec180c577752a09f3f493f9b97f3b07b98aaae7694e311ac4fca5b922cbc,8ec1ec180c577752a09f3f493f9b97f3b07b98aaae7694e311ac4fca5b922cbc,8ec1ec180c577752a09f3f493f9b97f3b07b98aaae7694e311ac4fca5b922cbc,8ec1ec180c577752a09f3f493f9b97f3b07b98aaae7694e311ac4fca5b922cbc,raw match
Editor/Lazor/LazorEditor.asmdef,7098d2b995d75ed94daf2d559ca6baf289dec95cb9bbb52d28e1ae745afe8aa2,c0542f0bc2cf18336c2dd3a75424027db2639c1ff1b550b66c475cc17fb2ecdd,7098d2b995d75ed94daf2d559ca6baf289dec95cb9bbb52d28e1ae745afe8aa2,7098d2b995d75ed94daf2d559ca6baf289dec95cb9bbb52d28e1ae745afe8aa2,EOL-only difference
Editor/Lazor/LazorEditorLink.cs,b21a88917914bc0ca22f6eb8f89320e0c7439d399d6b2be4538d1860fccc8d4c,4e0d7b3e62f5735285ed746b7b188117fa20e4b2cbe8475d5061a3a46e997cb6,b21a88917914bc0ca22f6eb8f89320e0c7439d399d6b2be4538d1860fccc8d4c,b21a88917914bc0ca22f6eb8f89320e0c7439d399d6b2be4538d1860fccc8d4c,EOL-only difference
Editor/Lazor/LazorSvgImporter.cs,b762c772a6555bad96ceb7798ceae48cec2966b7bbd7f4c4885ed01811ee58c4,cc422d3d3b948f3357aaf934d34fa62a600b8148a049c4fc92518b6db4438e12,b762c772a6555bad96ceb7798ceae48cec2966b7bbd7f4c4885ed01811ee58c4,b762c772a6555bad96ceb7798ceae48cec2966b7bbd7f4c4885ed01811ee58c4,EOL-only difference
Editor/Lazor/LazorWindow.Canvas.cs,4f3d470964b44e902354698361a8f49cb331b6c9ee7de9ce4387204830b45f92,4f3d470964b44e902354698361a8f49cb331b6c9ee7de9ce4387204830b45f92,4f3d470964b44e902354698361a8f49cb331b6c9ee7de9ce4387204830b45f92,4f3d470964b44e902354698361a8f49cb331b6c9ee7de9ce4387204830b45f92,raw match
Editor/Lazor/LazorWindow.Layers.cs,6395a19957c133d737066615a26296e807e9ad243f023283c210741546edba42,6395a19957c133d737066615a26296e807e9ad243f023283c210741546edba42,6395a19957c133d737066615a26296e807e9ad243f023283c210741546edba42,6395a19957c133d737066615a26296e807e9ad243f023283c210741546edba42,raw match
Editor/Lazor/LazorWindow.Preview.cs,ba21d9c101e8c77d9b137662c93d74e8ef1a34242d0721fddf6f7cec19937caf,d401ebd7573c2f40d5a6be06e2cb3dc19b437a1e310b1227b3ee931d13759b1c,ba21d9c101e8c77d9b137662c93d74e8ef1a34242d0721fddf6f7cec19937caf,ba21d9c101e8c77d9b137662c93d74e8ef1a34242d0721fddf6f7cec19937caf,EOL-only difference
Editor/Lazor/LazorWindow.cs,a5218942eddc2270c32f879db9f00d4c6d18cb35a482223a4a51b197dc3c956f,a5218942eddc2270c32f879db9f00d4c6d18cb35a482223a4a51b197dc3c956f,a5218942eddc2270c32f879db9f00d4c6d18cb35a482223a4a51b197dc3c956f,a5218942eddc2270c32f879db9f00d4c6d18cb35a482223a4a51b197dc3c956f,raw match
Editor/Loom/GraphEditor.cs,b30041418b518157c3f3470bce8409715c6ae11ea5454463ec37ef90c457e2e2,b30041418b518157c3f3470bce8409715c6ae11ea5454463ec37ef90c457e2e2,b30041418b518157c3f3470bce8409715c6ae11ea5454463ec37ef90c457e2e2,b30041418b518157c3f3470bce8409715c6ae11ea5454463ec37ef90c457e2e2,raw match
Editor/Loom/Loom.Editor.asmdef,e3f7f9b42efada6d46a8d77cdb3aab1c280248fc22c67d3a68656590dd07fd79,e3f7f9b42efada6d46a8d77cdb3aab1c280248fc22c67d3a68656590dd07fd79,e3f7f9b42efada6d46a8d77cdb3aab1c280248fc22c67d3a68656590dd07fd79,e3f7f9b42efada6d46a8d77cdb3aab1c280248fc22c67d3a68656590dd07fd79,raw match
Editor/Mirage/MirageEditorLink.cs,1adbf383da4c2019488b341c73158bb6e92e6faf2a5da53b1ec21b1ef1a65dc3,1adbf383da4c2019488b341c73158bb6e92e6faf2a5da53b1ec21b1ef1a65dc3,1adbf383da4c2019488b341c73158bb6e92e6faf2a5da53b1ec21b1ef1a65dc3,1adbf383da4c2019488b341c73158bb6e92e6faf2a5da53b1ec21b1ef1a65dc3,raw match
Editor/Mirage/MirageWindow.cs,cd1f9cd9c36e6373238bf39f8800e50f3015cf306ab778328133bf2f127af692,cd1f9cd9c36e6373238bf39f8800e50f3015cf306ab778328133bf2f127af692,cd1f9cd9c36e6373238bf39f8800e50f3015cf306ab778328133bf2f127af692,cd1f9cd9c36e6373238bf39f8800e50f3015cf306ab778328133bf2f127af692,raw match
Editor/Mirage/com.Lautaro-Arino.Laubrary.Mirage.Editor.asmdef,d99370fa469f2b51aac9f380f1ab4f4cc7243ca9a53ecc9410b99800f6c7d4c4,d99370fa469f2b51aac9f380f1ab4f4cc7243ca9a53ecc9410b99800f6c7d4c4,d99370fa469f2b51aac9f380f1ab4f4cc7243ca9a53ecc9410b99800f6c7d4c4,d99370fa469f2b51aac9f380f1ab4f4cc7243ca9a53ecc9410b99800f6c7d4c4,raw match
Editor/Notifyer/Notifyer.asmdef,115812e8234606fb2f2f609433fbfa5342cc8715f6623268db454ac932f9c1ea,115812e8234606fb2f2f609433fbfa5342cc8715f6623268db454ac932f9c1ea,115812e8234606fb2f2f609433fbfa5342cc8715f6623268db454ac932f9c1ea,115812e8234606fb2f2f609433fbfa5342cc8715f6623268db454ac932f9c1ea,raw match
Editor/Notifyer/NotifyerLog.cs,f560f1a8e62d9b75584aa3f6910b46a47898b95ef67e9a2f91474ace06acbcba,0c1d4f8a309bd6c17580b6ac3c00e8621aa3743034d2e94c1ca97d1863eda31d,f560f1a8e62d9b75584aa3f6910b46a47898b95ef67e9a2f91474ace06acbcba,f560f1a8e62d9b75584aa3f6910b46a47898b95ef67e9a2f91474ace06acbcba,EOL-only difference
Editor/Overture/ManagedStateObjectDrawer.cs,ae174f140bac63ac8808f8c66015f4daab33cf0fb5ede51bbb94ebb72296c4d7,a9b70e2315317308e4b7b4592c2a150bac3f77ee8dfe4eeb44614020f50710ad,ae174f140bac63ac8808f8c66015f4daab33cf0fb5ede51bbb94ebb72296c4d7,ae174f140bac63ac8808f8c66015f4daab33cf0fb5ede51bbb94ebb72296c4d7,EOL-only difference
Editor/Overture/OvertureEditor.asmdef,50e5f46bd30eb4d31732636233cd41a458c67195976235ae1057d8b943e0473a,94e20cf11a1a60bf4fab910eca66a38503065de10917b209e7745434d36b5503,50e5f46bd30eb4d31732636233cd41a458c67195976235ae1057d8b943e0473a,50e5f46bd30eb4d31732636233cd41a458c67195976235ae1057d8b943e0473a,EOL-only difference
Editor/Overture/OvertureVisualEditor.cs,e0380f28555153f67194d3a510c051b147ce9750628c2c368457604841f8d59e,b41892db6ead4e2a3109eed59d0b04e178a5148eb82543e759f97dbedb1928dd,e0380f28555153f67194d3a510c051b147ce9750628c2c368457604841f8d59e,e0380f28555153f67194d3a510c051b147ce9750628c2c368457604841f8d59e,EOL-only difference
Editor/PreviewKit/LiveScenePreview.cs,39f0365b59f390a355ca2c49a477d55a79ed7ce9c1752b3060b3093b1537d068,39f0365b59f390a355ca2c49a477d55a79ed7ce9c1752b3060b3093b1537d068,39f0365b59f390a355ca2c49a477d55a79ed7ce9c1752b3060b3093b1537d068,39f0365b59f390a355ca2c49a477d55a79ed7ce9c1752b3060b3093b1537d068,raw match
Editor/PreviewKit/com.Lautaro-Arino.Laubrary.PreviewKit.Editor.asmdef,f5c4fc20c32b5ae8c21424c59c914730866f9e46ed63f1c0cdcdbebeace3a829,f5c4fc20c32b5ae8c21424c59c914730866f9e46ed63f1c0cdcdbebeace3a829,f5c4fc20c32b5ae8c21424c59c914730866f9e46ed63f1c0cdcdbebeace3a829,f5c4fc20c32b5ae8c21424c59c914730866f9e46ed63f1c0cdcdbebeace3a829,raw match
Editor/Pyre/Parity/PyreParityDump.cs,c752c9d917e327af5a68387202187481b86119324a16d606354a095e7c3aef4d,81b7b707d2b9906c28f3d7dc32dcb034ddbce9c16f03a74ec739814a64026370,c752c9d917e327af5a68387202187481b86119324a16d606354a095e7c3aef4d,c752c9d917e327af5a68387202187481b86119324a16d606354a095e7c3aef4d,EOL-only difference
Editor/Pyre/PyreBaker.cs,694e56b811ef04d79db4c6e89367d105a5f15c2d995b06104fabbff701ed5a24,d10a4269b03bbb409e2481e21331a062e205818578c8d3ec89127cb8280664c8,694e56b811ef04d79db4c6e89367d105a5f15c2d995b06104fabbff701ed5a24,694e56b811ef04d79db4c6e89367d105a5f15c2d995b06104fabbff701ed5a24,EOL-only difference
Editor/Pyre/PyreEditor.asmdef,61066e58535b8940606179e3e015cfe884208c51ad8cce2d109f3928c4718524,a3749ba1848d41992f7152a8a3b6d07d7dc526702360960c1b0db9e05c0de5cd,61066e58535b8940606179e3e015cfe884208c51ad8cce2d109f3928c4718524,61066e58535b8940606179e3e015cfe884208c51ad8cce2d109f3928c4718524,EOL-only difference
Editor/Pyre/PyreEditorLink.cs,6b845413a1127025918c830e9a0d893bd1017f48bcef14169963a4a0874fb374,6b845413a1127025918c830e9a0d893bd1017f48bcef14169963a4a0874fb374,6b845413a1127025918c830e9a0d893bd1017f48bcef14169963a4a0874fb374,6b845413a1127025918c830e9a0d893bd1017f48bcef14169963a4a0874fb374,raw match
Editor/Pyre/PyreGif.cs,43d3a880b978abab68ad05cd2af373e97c2da47d3ed8ed368841a9ccfe400623,972478a8a12958358a554a6f1a6a314e1fa3eb9ef391b4fbf0fffa99dc2f4183,43d3a880b978abab68ad05cd2af373e97c2da47d3ed8ed368841a9ccfe400623,43d3a880b978abab68ad05cd2af373e97c2da47d3ed8ed368841a9ccfe400623,EOL-only difference
Editor/Pyre/PyrePlayback3DPreview.cs,1cd7efd95441c3d3cc49c1eb7a34a842f9427044397c02626aca1862f944fc01,3a137d77a7e0684a677cdb58c9220b9bcd1db59f999ab2fda9211f757159aa28,1cd7efd95441c3d3cc49c1eb7a34a842f9427044397c02626aca1862f944fc01,1cd7efd95441c3d3cc49c1eb7a34a842f9427044397c02626aca1862f944fc01,EOL-only difference
Editor/Pyre/PyreSpawnSourceEditorLink.cs,eacef850c9e5228c2239b42d5a317911e137e8a1b81daa4c1d655c7901c00a7b,eacef850c9e5228c2239b42d5a317911e137e8a1b81daa4c1d655c7901c00a7b,eacef850c9e5228c2239b42d5a317911e137e8a1b81daa4c1d655c7901c00a7b,eacef850c9e5228c2239b42d5a317911e137e8a1b81daa4c1d655c7901c00a7b,raw match
Editor/Pyre/PyreWindow.CherryFraming.cs,c62420d01c0069c8908553b9c46324631ce11d4553c60daabb703e94057551ed,9077a45aa141580e1df0b6d7cff974ce74b4708209ab3818ad2cd7f63da9573f,c62420d01c0069c8908553b9c46324631ce11d4553c60daabb703e94057551ed,c62420d01c0069c8908553b9c46324631ce11d4553c60daabb703e94057551ed,EOL-only difference
Editor/Pyre/PyreWindow.Forms.cs,08c0a5bb461153b16689424cb9401f8af7a9ffef43c9619eb05093693c4b5bf2,fdc595294f444c2e147aefff24028a173da1b60ff40c86d8c13840eda32836ca,08c0a5bb461153b16689424cb9401f8af7a9ffef43c9619eb05093693c4b5bf2,08c0a5bb461153b16689424cb9401f8af7a9ffef43c9619eb05093693c4b5bf2,EOL-only difference
Editor/Pyre/PyreWindow.FrameCache.cs,767dd55b17bceb313b7c21910f281f3f98cbc455c4e1c2cfdd5a8cf74436d2b8,53c9f9ef060571eb1b94d73689ee3a5b377c894c598e73c72cd844d19341f366,767dd55b17bceb313b7c21910f281f3f98cbc455c4e1c2cfdd5a8cf74436d2b8,767dd55b17bceb313b7c21910f281f3f98cbc455c4e1c2cfdd5a8cf74436d2b8,EOL-only difference
Editor/Pyre/PyreWindow.Modifiers.cs,6ec419dfaeab5e933e3c21b2b10b3c3090bb28536a969ebea51afe10310a8704,251af3dc56ba945e5fe9bc63a9efecd158373c36eb94889e6755e81002443ffd,6ec419dfaeab5e933e3c21b2b10b3c3090bb28536a969ebea51afe10310a8704,6ec419dfaeab5e933e3c21b2b10b3c3090bb28536a969ebea51afe10310a8704,EOL-only difference
Editor/Pyre/PyreWindow.Preview.cs,1a0519b062447806006821833e1d991449c81b245454c7a3316065ae6aaca591,052a4a666b6ab28ce830b615caf0b7144d7be3a727402f6197a7ed9d9c42cbb5,1a0519b062447806006821833e1d991449c81b245454c7a3316065ae6aaca591,1a0519b062447806006821833e1d991449c81b245454c7a3316065ae6aaca591,EOL-only difference
Editor/Pyre/PyreWindow.cs,cea9cfc92a13410282b7f09ab10075d70242d741fcbc7edb53e331522e70def2,cea9cfc92a13410282b7f09ab10075d70242d741fcbc7edb53e331522e70def2,cea9cfc92a13410282b7f09ab10075d70242d741fcbc7edb53e331522e70def2,cea9cfc92a13410282b7f09ab10075d70242d741fcbc7edb53e331522e70def2,raw match
Editor/Rulesets/RulesEditorWindow.cs,68f53e719c6c3c1a8372dba1f62d7a8b1f7821cafa31d47b2386b0c8b5454527,68f53e719c6c3c1a8372dba1f62d7a8b1f7821cafa31d47b2386b0c8b5454527,68f53e719c6c3c1a8372dba1f62d7a8b1f7821cafa31d47b2386b0c8b5454527,68f53e719c6c3c1a8372dba1f62d7a8b1f7821cafa31d47b2386b0c8b5454527,raw match
Editor/Rulesets/RulesetsEditor.asmdef,7550d5cb6c5c1e572d02c48c528c97e99a289ce915579f4d0fc82f69ddc4bc7b,7550d5cb6c5c1e572d02c48c528c97e99a289ce915579f4d0fc82f69ddc4bc7b,7550d5cb6c5c1e572d02c48c528c97e99a289ce915579f4d0fc82f69ddc4bc7b,7550d5cb6c5c1e572d02c48c528c97e99a289ce915579f4d0fc82f69ddc4bc7b,raw match
Editor/SimpleMenu/SimpleMenuBaseEditor.cs,826f490250b6f9aabc829cd0a30a2617e589fc3b97659af7fbab757c15a73475,c311529fb269bf7ad664ba97b368824433d7270c4ad82776310f6b2c4e567404,826f490250b6f9aabc829cd0a30a2617e589fc3b97659af7fbab757c15a73475,826f490250b6f9aabc829cd0a30a2617e589fc3b97659af7fbab757c15a73475,EOL-only difference
Editor/SimpleMenu/SimpleMenuEditor.asmdef,fa3c0dba38fb42eeb50e4edf4a578ddf58a7f74e95f522ab838bb249d9d7dfea,6b25cc08e7142c409a88980aec3bb10fdc2a3f1d82405b2265b802f3b2c87361,fa3c0dba38fb42eeb50e4edf4a578ddf58a7f74e95f522ab838bb249d9d7dfea,fa3c0dba38fb42eeb50e4edf4a578ddf58a7f74e95f522ab838bb249d9d7dfea,EOL-only difference
Editor/SimpleMenu/SimpleMenuEditor.cs,c902011e657c8950a934327e3eefd03ec4bb71eb6d24a1b9b0e17b4ab26a5075,fdf5bca3878c20b51be36a909f47763d355344955694ceb313b26fed354cd3cd,c902011e657c8950a934327e3eefd03ec4bb71eb6d24a1b9b0e17b4ab26a5075,c902011e657c8950a934327e3eefd03ec4bb71eb6d24a1b9b0e17b4ab26a5075,EOL-only difference
Editor/SimpleMenu/SimpleMenuSettingsEditor.cs,7daf3c9098def7beab8de18a40ba858231219488ac24172e58ba037fcb53a428,a03a7cb342f2f3432e5d408869a1dc6ae6c68b415fe31dca1a2b65c71d8fccaa,7daf3c9098def7beab8de18a40ba858231219488ac24172e58ba037fcb53a428,7daf3c9098def7beab8de18a40ba858231219488ac24172e58ba037fcb53a428,EOL-only difference
Editor/SimpleMenu/SimpleMenuVisualEditor.cs,dd97e92c40d24036da1c7da5e53af9d164b7587ee32aec1cc67cdab869dccfc0,ee084572573be9bd1f40084c10829155dd0a5fad2b717ddf8c6d215db4f0cd8b,dd97e92c40d24036da1c7da5e53af9d164b7587ee32aec1cc67cdab869dccfc0,dd97e92c40d24036da1c7da5e53af9d164b7587ee32aec1cc67cdab869dccfc0,EOL-only difference
Editor/SimpleUI/PropertyGenerator.cs,2d0a5c4b70bc5a635a52680f817a606b6c54e824fc7c3372355938036a1af6b3,48f027ce2a747247ad35f05923b9bf1e8a5c363c39db7255ad2211b408912c60,2d0a5c4b70bc5a635a52680f817a606b6c54e824fc7c3372355938036a1af6b3,2d0a5c4b70bc5a635a52680f817a606b6c54e824fc7c3372355938036a1af6b3,EOL-only difference
Editor/SimpleUI/SimpleUIBuilderEditor.cs,fb1cbc918625f92df825e68477d7d62a425253b4633baffd19141aacbd4c0b8b,10f66840b13abc353b003f7b44c6d69a0108af35f16d84c83be65fe3c6bb8d19,fb1cbc918625f92df825e68477d7d62a425253b4633baffd19141aacbd4c0b8b,fb1cbc918625f92df825e68477d7d62a425253b4633baffd19141aacbd4c0b8b,EOL-only difference
Editor/SimpleUI/SimpleUIEditor.asmdef,5faf6d4b7e8a7c693580ce4e528b9c142ca9be506279492975284f8a060c3e77,5faf6d4b7e8a7c693580ce4e528b9c142ca9be506279492975284f8a060c3e77,5faf6d4b7e8a7c693580ce4e528b9c142ca9be506279492975284f8a060c3e77,5faf6d4b7e8a7c693580ce4e528b9c142ca9be506279492975284f8a060c3e77,raw match
Editor/SimpleUI/SimpleUIHierarchyGenerator.cs,c1ada839fbee6b66023088da931de4c1ca3259679d8b03619465e9e8ae05bb35,d3c3bbecc874c21e7584c72dc54481e0c747106135d8fb04aca0e3ddfcef27b3,c1ada839fbee6b66023088da931de4c1ca3259679d8b03619465e9e8ae05bb35,c1ada839fbee6b66023088da931de4c1ca3259679d8b03619465e9e8ae05bb35,EOL-only difference
Editor/SimpleUI/SimpleUIViewEditor.cs,7ef00835c3fd846c82a18b6a0cc4f0f03434bc536ef98ad57b1aa412fa613574,fa95b7eca61edd277b2474e9e2d791bb1a0af19f81896554d171272ff17c2143,7ef00835c3fd846c82a18b6a0cc4f0f03434bc536ef98ad57b1aa412fa613574,7ef00835c3fd846c82a18b6a0cc4f0f03434bc536ef98ad57b1aa412fa613574,EOL-only difference
Editor/SmartStats/AutoRegisterStatsProcessor.cs,60a1bd56e65e2e764c7dc049f31814e9db3d2dac456db93ccd210ff0d6ee2fab,9e300fa3ffb7cdcdc3c8b8a7b0e715004fc9d924cc6b8c6e70ba8946502412ef,60a1bd56e65e2e764c7dc049f31814e9db3d2dac456db93ccd210ff0d6ee2fab,60a1bd56e65e2e764c7dc049f31814e9db3d2dac456db93ccd210ff0d6ee2fab,EOL-only difference
Editor/SmartStats/BoolStatModifierPropertyDrawer.cs,56fe005c205051ce5c421da04beaa5c07d73abaa13fb6cb4e1eca0314beff72b,894c01f93b359dc58c693076f80fd4615eec2ed1294d73df932e757db05c4fcf,56fe005c205051ce5c421da04beaa5c07d73abaa13fb6cb4e1eca0314beff72b,56fe005c205051ce5c421da04beaa5c07d73abaa13fb6cb4e1eca0314beff72b,EOL-only difference
Editor/SmartStats/BoolStatPropertyDrawer.cs,cf32829bdde55f8ce33094cbeac3f302c5b43f0a8fc10d55629504a41fba4f38,a5be43c03d53f9758704193a1a755236f6c8b579b2074127d188e85d01c59896,cf32829bdde55f8ce33094cbeac3f302c5b43f0a8fc10d55629504a41fba4f38,cf32829bdde55f8ce33094cbeac3f302c5b43f0a8fc10d55629504a41fba4f38,EOL-only difference
Editor/SmartStats/BoolStatTimerModifierPropertyDrawer.cs,2a08c8c282ad46afabb47549d67e2bd7069d711b202a6b1ab3ca180a1a14bbdb,460cb1a9f469765b4f2b6b66c43e620fe74cd6afa250d26a33f59f1ac86dd369,2a08c8c282ad46afabb47549d67e2bd7069d711b202a6b1ab3ca180a1a14bbdb,2a08c8c282ad46afabb47549d67e2bd7069d711b202a6b1ab3ca180a1a14bbdb,EOL-only difference
Editor/SmartStats/FloatStatConditionalModifierPropertyDrawer.cs,cf9031862bb46ea463cd20fc04f26645cbe33f320f1ba86d4a760fff503fca3a,8cd2d953ef1873e614305c7ef3abbe6da87c900b4ea12e58dc955c0deafce739,cf9031862bb46ea463cd20fc04f26645cbe33f320f1ba86d4a760fff503fca3a,cf9031862bb46ea463cd20fc04f26645cbe33f320f1ba86d4a760fff503fca3a,EOL-only difference
Editor/SmartStats/FloatStatModifierPropertyDrawer.cs,aac683c12cde13f866cdc43c1b7b7d4bb9de5210e73dadf3f76bec62e4b896ce,65e702d4b6ef50461bbeed9eecbab79c17e01935323f8b5c9d7f5876f0e72e65,aac683c12cde13f866cdc43c1b7b7d4bb9de5210e73dadf3f76bec62e4b896ce,aac683c12cde13f866cdc43c1b7b7d4bb9de5210e73dadf3f76bec62e4b896ce,EOL-only difference
Editor/SmartStats/FloatStatPropertyDrawer.cs,258d5117a1bc67267377ff9414ac13ba56128606b96e93ca7d94f63312c3f478,034c8ab74b978f063b0ae5fee4a52f9bcfa8290a59db59adcf57a9da9390115b,258d5117a1bc67267377ff9414ac13ba56128606b96e93ca7d94f63312c3f478,258d5117a1bc67267377ff9414ac13ba56128606b96e93ca7d94f63312c3f478,EOL-only difference
Editor/SmartStats/FloatStatSwitchModifierPropertyDrawer.cs,aa876dacff9807cdf4616567423811566fd5b716cdaca42ca7b42f7c4b8e0ab4,e1d4e6531024f91bfd55f43c6abe07a05b87af29b1f6891468eee6e2209e8082,aa876dacff9807cdf4616567423811566fd5b716cdaca42ca7b42f7c4b8e0ab4,aa876dacff9807cdf4616567423811566fd5b716cdaca42ca7b42f7c4b8e0ab4,EOL-only difference
Editor/SmartStats/FloatStatTimerModifierPropertyDrawer.cs,0ea1ba8001c3386887b7e6ab30aad3ea9911193250cde075936501a1b6a8d5b0,a400dbe3d2db56dd550b057660d83c8fa8f123e572d37b188fc3c61845a10312,0ea1ba8001c3386887b7e6ab30aad3ea9911193250cde075936501a1b6a8d5b0,0ea1ba8001c3386887b7e6ab30aad3ea9911193250cde075936501a1b6a8d5b0,EOL-only difference
Editor/SmartStats/IntStatModifierPropertyDrawer.cs,5144674c6c33fce4326c4a333adb807e5b0fb27c202f7ba43d28db908a076387,c101a14d6c4292748a3f67337dc8109c86ee723ac47745df8a7b2c831fb5e8ec,5144674c6c33fce4326c4a333adb807e5b0fb27c202f7ba43d28db908a076387,5144674c6c33fce4326c4a333adb807e5b0fb27c202f7ba43d28db908a076387,EOL-only difference
Editor/SmartStats/IntStatPropertyDrawer.cs,6cf58c76b3e4cbc1afed8bc885d6c01919583fb6a78262bcbdfdfcc24c670867,21308609c659b81fc173305d1f97786e57ccc2c32c976e08cdd5faad09064367,6cf58c76b3e4cbc1afed8bc885d6c01919583fb6a78262bcbdfdfcc24c670867,6cf58c76b3e4cbc1afed8bc885d6c01919583fb6a78262bcbdfdfcc24c670867,EOL-only difference
Editor/SmartStats/IntStatTimerModifierPropertyDrawer.cs,3f6a12a9928dce9aedb0909aa298ca6c2c170a56b1145f08464b4f55f6db2e51,908ee0964bd7f5c8163c950068be17236521ebfd9f2e5363e5060c59c4456740,3f6a12a9928dce9aedb0909aa298ca6c2c170a56b1145f08464b4f55f6db2e51,3f6a12a9928dce9aedb0909aa298ca6c2c170a56b1145f08464b4f55f6db2e51,EOL-only difference
Editor/SmartStats/SmartStatsEditor.asmdef,ea70431827840f008eb148e7158e7c9351800c03ce6f1a44119379ee7ce727d5,7982b612c6e24396c79949dc7dbd69560b163f2788b478a55d7a1e4185bdb0af,ea70431827840f008eb148e7158e7c9351800c03ce6f1a44119379ee7ce727d5,ea70431827840f008eb148e7158e7c9351800c03ce6f1a44119379ee7ce727d5,EOL-only difference
Editor/SmartStats/TimerModifierPropertyDrawerBase.cs,7f312fd4485e262c2a7d6065ace6d7c71eb72fb16ce16b80689c6a939f6e385f,5036447eb2bb1f08179b2b6d87b9c474389057737d1028537db7c7bf99440722,7f312fd4485e262c2a7d6065ace6d7c71eb72fb16ce16b80689c6a939f6e385f,7f312fd4485e262c2a7d6065ace6d7c71eb72fb16ce16b80689c6a939f6e385f,EOL-only difference
Editor/SpriteFx/ColorRemapGpuEditor.cs,89863815a9cb2cdca65108d987988598fa9f7d39731f9bb198de296d29c99fcb,89863815a9cb2cdca65108d987988598fa9f7d39731f9bb198de296d29c99fcb,89863815a9cb2cdca65108d987988598fa9f7d39731f9bb198de296d29c99fcb,89863815a9cb2cdca65108d987988598fa9f7d39731f9bb198de296d29c99fcb,raw match
Editor/SpriteFx/SpriteFxFilterEditor.cs,fd3c39ba85b796d1c5b510f15943f7e217f3b9ce8e9c04e4a041bb7f1700ce5e,fd3c39ba85b796d1c5b510f15943f7e217f3b9ce8e9c04e4a041bb7f1700ce5e,fd3c39ba85b796d1c5b510f15943f7e217f3b9ce8e9c04e4a041bb7f1700ce5e,fd3c39ba85b796d1c5b510f15943f7e217f3b9ce8e9c04e4a041bb7f1700ce5e,raw match
Editor/SpriteFx/SpriteFxPreviewOverlays.cs,3418b0a13c4e592a8021f85462cad7cf9c571456e2a9bd1971f371df7424b834,3418b0a13c4e592a8021f85462cad7cf9c571456e2a9bd1971f371df7424b834,3418b0a13c4e592a8021f85462cad7cf9c571456e2a9bd1971f371df7424b834,3418b0a13c4e592a8021f85462cad7cf9c571456e2a9bd1971f371df7424b834,raw match
Editor/SpriteFx/SpriteFxPreviewSubjects.cs,fab7dba6352bb974155da3ec7bf3c8c9427b5d420dea72d80ada4db99f0c3bf7,fab7dba6352bb974155da3ec7bf3c8c9427b5d420dea72d80ada4db99f0c3bf7,fab7dba6352bb974155da3ec7bf3c8c9427b5d420dea72d80ada4db99f0c3bf7,fab7dba6352bb974155da3ec7bf3c8c9427b5d420dea72d80ada4db99f0c3bf7,raw match
Editor/SpriteFx/SpriteFxRecolorEditor.cs,79259d356646b88a1275cd823722dbbf86c9c84d7f0330ad2614343577151918,79259d356646b88a1275cd823722dbbf86c9c84d7f0330ad2614343577151918,79259d356646b88a1275cd823722dbbf86c9c84d7f0330ad2614343577151918,79259d356646b88a1275cd823722dbbf86c9c84d7f0330ad2614343577151918,raw match
Editor/SpriteFx/SpriteFxStackEditorLink.cs,793d94cae89606167e55bae19ba9cc249a57bcd8fc141c862c15ba0d088d0ae7,2d22d32810a6746e3a78ef05a83acb4a78ea3da7f9328d1685a8bd2a7dc8c121,793d94cae89606167e55bae19ba9cc249a57bcd8fc141c862c15ba0d088d0ae7,793d94cae89606167e55bae19ba9cc249a57bcd8fc141c862c15ba0d088d0ae7,EOL-only difference
Editor/SpriteFx/SpriteFxStackView.cs,341993f87b29ba1ce8b8d7895a36cfb01d9b4fb67a547fbddb30957173e0cccb,2bf041e12615500ad7154f08f434a0e427f4b48a4143ffae98f4a79fd9866f38,341993f87b29ba1ce8b8d7895a36cfb01d9b4fb67a547fbddb30957173e0cccb,341993f87b29ba1ce8b8d7895a36cfb01d9b4fb67a547fbddb30957173e0cccb,EOL-only difference
Editor/SpriteFx/SpriteFxStackWindow.cs,217608fcbaedccdc10e96331b0ab7085300b8e9664266d94cc1c932f70f8ec56,217608fcbaedccdc10e96331b0ab7085300b8e9664266d94cc1c932f70f8ec56,217608fcbaedccdc10e96331b0ab7085300b8e9664266d94cc1c932f70f8ec56,217608fcbaedccdc10e96331b0ab7085300b8e9664266d94cc1c932f70f8ec56,raw match
Editor/SpriteFx/com.Lautaro-Arino.Laubrary.SpriteFx.Editor.asmdef,5ef93f7fb387788d7f0924f124b7b76b37480bfb52115fdf1ad0939603b9f039,8aa32c9ef4ef1f16a72e93dfdcffd741f360cc1db55903986057443377acaa2b,5ef93f7fb387788d7f0924f124b7b76b37480bfb52115fdf1ad0939603b9f039,5ef93f7fb387788d7f0924f124b7b76b37480bfb52115fdf1ad0939603b9f039,EOL-only difference
Editor/StatefulUI/StateModifierFlagsDrawer.cs,409872952db9158e32aaec057b011b9d03c7c3b41060d04de6798902fcdcc957,6ba225dd8e60bc1f10f04de6592c7486fa919329756031835c51cf75a332dddf,409872952db9158e32aaec057b011b9d03c7c3b41060d04de6798902fcdcc957,409872952db9158e32aaec057b011b9d03c7c3b41060d04de6798902fcdcc957,EOL-only difference
Editor/StatefulUI/StatefulUIEditor.asmdef,f65bceefa9c080edaf5d20be9d4bba3f7bc631a71d2cb3f2ab49e1eebe95d757,f65bceefa9c080edaf5d20be9d4bba3f7bc631a71d2cb3f2ab49e1eebe95d757,f65bceefa9c080edaf5d20be9d4bba3f7bc631a71d2cb3f2ab49e1eebe95d757,f65bceefa9c080edaf5d20be9d4bba3f7bc631a71d2cb3f2ab49e1eebe95d757,raw match
Editor/StatefulUI/StatefulUIEditor.cs,533e929f2e947ecdefcc7647467fc3df61cb1eaa5613817ba2d3f46ceef5c7e0,b24c3c7351f44c96d697189bfa0a12c34144ac6c628133c204dbfb37e00a155c,533e929f2e947ecdefcc7647467fc3df61cb1eaa5613817ba2d3f46ceef5c7e0,533e929f2e947ecdefcc7647467fc3df61cb1eaa5613817ba2d3f46ceef5c7e0,EOL-only difference
Editor/StatefulUI/StatefulVisualEditor.cs,d0db643f0fe972772e80cd56a183578e1905628122d591f8c4cddb8e3a10c6f0,3b985d158a791e508573e54193af911184377304b314e64dc58cd5d3f4e87393,d0db643f0fe972772e80cd56a183578e1905628122d591f8c4cddb8e3a10c6f0,d0db643f0fe972772e80cd56a183578e1905628122d591f8c4cddb8e3a10c6f0,EOL-only difference
Editor/Story/ScreenplayInspector.cs,db24e91383746ff8d9bd17761ea3c7c9254aa3b4bac4d59b42466ee05c0e65f1,db24e91383746ff8d9bd17761ea3c7c9254aa3b4bac4d59b42466ee05c0e65f1,db24e91383746ff8d9bd17761ea3c7c9254aa3b4bac4d59b42466ee05c0e65f1,db24e91383746ff8d9bd17761ea3c7c9254aa3b4bac4d59b42466ee05c0e65f1,raw match
Editor/Story/StoryEditor.asmdef,360fba0124b8a44516eb70ca6f6eb6c047600f677b4b29de4d1d1fc142106d73,360fba0124b8a44516eb70ca6f6eb6c047600f677b4b29de4d1d1fc142106d73,360fba0124b8a44516eb70ca6f6eb6c047600f677b4b29de4d1d1fc142106d73,360fba0124b8a44516eb70ca6f6eb6c047600f677b4b29de4d1d1fc142106d73,raw match
Editor/Story/StoryGraphWindow.cs,17fcdb715635a3d33ef2ba7e3d8410a799254398b7f8b2a81970356dbfb7b364,17fcdb715635a3d33ef2ba7e3d8410a799254398b7f8b2a81970356dbfb7b364,17fcdb715635a3d33ef2ba7e3d8410a799254398b7f8b2a81970356dbfb7b364,17fcdb715635a3d33ef2ba7e3d8410a799254398b7f8b2a81970356dbfb7b364,raw match
Editor/Story/StoryInspector.cs,d1f667dd957eb31a11ff4bc5688a8d4209353dbfaeabc52f561de48b3b47b31c,d1f667dd957eb31a11ff4bc5688a8d4209353dbfaeabc52f561de48b3b47b31c,d1f667dd957eb31a11ff4bc5688a8d4209353dbfaeabc52f561de48b3b47b31c,d1f667dd957eb31a11ff4bc5688a8d4209353dbfaeabc52f561de48b3b47b31c,raw match
Editor/Tapestry/TapestryBaker.cs,f7791f48d4cd80762bd66df3fd1fb0f99843b0009c8c31e64b06424b9544f231,f7791f48d4cd80762bd66df3fd1fb0f99843b0009c8c31e64b06424b9544f231,f7791f48d4cd80762bd66df3fd1fb0f99843b0009c8c31e64b06424b9544f231,f7791f48d4cd80762bd66df3fd1fb0f99843b0009c8c31e64b06424b9544f231,raw match
Editor/Tapestry/TapestryWindow.Generators.cs,84b884e69965ccd5a112ef891fe46c337454d37af958905b8a42515f9180919f,84b884e69965ccd5a112ef891fe46c337454d37af958905b8a42515f9180919f,84b884e69965ccd5a112ef891fe46c337454d37af958905b8a42515f9180919f,84b884e69965ccd5a112ef891fe46c337454d37af958905b8a42515f9180919f,raw match
Editor/Tapestry/TapestryWindow.Layers.cs,9b7f6d69dbb2a58c2bb8a7d1e925c412b130533d35bacda70ee0a937a2fa7db4,74675c328e602547cc29319ba3cfe48051a1d9e0d0bd0e07a224e7113f584a6c,9b7f6d69dbb2a58c2bb8a7d1e925c412b130533d35bacda70ee0a937a2fa7db4,9b7f6d69dbb2a58c2bb8a7d1e925c412b130533d35bacda70ee0a937a2fa7db4,EOL-only difference
Editor/Tapestry/TapestryWindow.Modifiers.cs,e48a5c2c1ca62425658a2e5a73f15d215e991dfde01e535b90539a363978b7bc,4044172f0a12b8a937c6479efb16c403325d28075660b8ab831f84687ab60d53,e48a5c2c1ca62425658a2e5a73f15d215e991dfde01e535b90539a363978b7bc,e48a5c2c1ca62425658a2e5a73f15d215e991dfde01e535b90539a363978b7bc,EOL-only difference
Editor/Tapestry/TapestryWindow.Preview.cs,9525e8858abdc078eba8111acc6d8a9b2f121c63d5ca3440b729e0ac373082d6,5fa480dfbad85a4fe0cedb18fc65b2eb3da9fac40468510b9d1a27bdd87e7929,9525e8858abdc078eba8111acc6d8a9b2f121c63d5ca3440b729e0ac373082d6,9525e8858abdc078eba8111acc6d8a9b2f121c63d5ca3440b729e0ac373082d6,EOL-only difference
Editor/Tapestry/TapestryWindow.cs,0c26baf23efe6ac5ed941c23ab827bc351a82a6720e8b974d18728f71a56b260,f094971be4b5d9797b08cf1205df3c20a93f8baf819c93d112b6475044ae7c5f,0c26baf23efe6ac5ed941c23ab827bc351a82a6720e8b974d18728f71a56b260,0c26baf23efe6ac5ed941c23ab827bc351a82a6720e8b974d18728f71a56b260,EOL-only difference
Editor/Tapestry/com.Lautaro-Arino.Laubrary.Tapestry.Editor.asmdef,827f60ba99b274d2752a81d369b34cc17f2121f3a97ddaa1a4408ee954ae32bb,827f60ba99b274d2752a81d369b34cc17f2121f3a97ddaa1a4408ee954ae32bb,827f60ba99b274d2752a81d369b34cc17f2121f3a97ddaa1a4408ee954ae32bb,827f60ba99b274d2752a81d369b34cc17f2121f3a97ddaa1a4408ee954ae32bb,raw match
Editor/TextSplash/SplashBorderAutoBake.cs,c6a70e4389b08675546e64d08082bc4aae01f0563458573747685bf9b67c9356,75b65df1189f933c56a4e9892407a32b18e23c42aa31cffedfea8eda7e2b77f3,c6a70e4389b08675546e64d08082bc4aae01f0563458573747685bf9b67c9356,c6a70e4389b08675546e64d08082bc4aae01f0563458573747685bf9b67c9356,EOL-only difference
Editor/TextSplash/SplashBorderFontBaker.cs,f1f90b68fcd04f202c1a49ae6e6a5f70a633c96d43e0d6cbec5d3d9d825ebf3d,882e5a1477393b498c9b17d8dfd285878c60507744e5740a79c27bf8679beef4,f1f90b68fcd04f202c1a49ae6e6a5f70a633c96d43e0d6cbec5d3d9d825ebf3d,f1f90b68fcd04f202c1a49ae6e6a5f70a633c96d43e0d6cbec5d3d9d825ebf3d,EOL-only difference
Editor/TextSplash/SplashPixelFontBaker.cs,a8b2d5a34cab8fada07517e83aa9c118b6500d6372750d51c76b35a8a1c9820c,41109a5e200e8b378ba44ab271d9a1570ffa487ed84a8f38a70f859f57df85ad,a8b2d5a34cab8fada07517e83aa9c118b6500d6372750d51c76b35a8a1c9820c,a8b2d5a34cab8fada07517e83aa9c118b6500d6372750d51c76b35a8a1c9820c,EOL-only difference
Editor/TextSplash/TextSplashEditorLink.cs,aa8ead99f3fc882d07565c2ad829bfaa1cac1bf98720bf5633b3e4e47a6e52a6,57ce7e03bb2fbeba7535f774f6340d9bb2379f343c97fc48fd5d0e661d91bc31,aa8ead99f3fc882d07565c2ad829bfaa1cac1bf98720bf5633b3e4e47a6e52a6,aa8ead99f3fc882d07565c2ad829bfaa1cac1bf98720bf5633b3e4e47a6e52a6,EOL-only difference
Editor/TextSplash/TextSplashWindow.cs,6fe2f9266f9bb203550bf30abbe1c4e5fe4077ddaa5288d82724b7e2a1d4887e,6e1112ff43a74bf8fe8336d6488fa13a0f7f3e594978d20316dc7bd11e193422,6fe2f9266f9bb203550bf30abbe1c4e5fe4077ddaa5288d82724b7e2a1d4887e,6fe2f9266f9bb203550bf30abbe1c4e5fe4077ddaa5288d82724b7e2a1d4887e,EOL-only difference
Editor/TextSplash/com.Lautaro-Arino.Laubrary.TextSplash.Editor.asmdef,fee545c208869ab75aa86e4570cabb1c4ee4851c0071e41f90024bfaa289adc3,60d2c04b57c45696ec810da37fc03bffd14a6e0b132f5eb5b6dbd108a1743e67,fee545c208869ab75aa86e4570cabb1c4ee4851c0071e41f90024bfaa289adc3,fee545c208869ab75aa86e4570cabb1c4ee4851c0071e41f90024bfaa289adc3,EOL-only difference
Editor/VisionMask/VisionFadeTruth.cs,a958df5736d86112a54ac24e4fa68c16f15801b6f9eee10c59d53c473b87a73f,a958df5736d86112a54ac24e4fa68c16f15801b6f9eee10c59d53c473b87a73f,a958df5736d86112a54ac24e4fa68c16f15801b6f9eee10c59d53c473b87a73f,a958df5736d86112a54ac24e4fa68c16f15801b6f9eee10c59d53c473b87a73f,raw match
Editor/VisionMask/VisionMaskDemoBuilder.cs,9f402e31bee4fafd57c5c41277c6980982b5afba1aa206c2d92945e967e246f6,9f402e31bee4fafd57c5c41277c6980982b5afba1aa206c2d92945e967e246f6,9f402e31bee4fafd57c5c41277c6980982b5afba1aa206c2d92945e967e246f6,9f402e31bee4fafd57c5c41277c6980982b5afba1aa206c2d92945e967e246f6,raw match
Editor/VisionMask/VisionMaskLiveCheck.cs,13c8dae8568d0d4c6d7cf2137ce231dfa425bf7a57c39103103714e6d5eafe1f,13c8dae8568d0d4c6d7cf2137ce231dfa425bf7a57c39103103714e6d5eafe1f,13c8dae8568d0d4c6d7cf2137ce231dfa425bf7a57c39103103714e6d5eafe1f,13c8dae8568d0d4c6d7cf2137ce231dfa425bf7a57c39103103714e6d5eafe1f,raw match
Editor/VisionMask/VisionMaskPixelProbe.cs,ade6488871eb4de902921ffc7132730894c1fc646edccdde7c861f032734281e,ade6488871eb4de902921ffc7132730894c1fc646edccdde7c861f032734281e,ade6488871eb4de902921ffc7132730894c1fc646edccdde7c861f032734281e,ade6488871eb4de902921ffc7132730894c1fc646edccdde7c861f032734281e,raw match
Editor/VisionMask/com.Lautaro-Arino.Laubrary.VisionMask.Editor.asmdef,f233f4a5df431070567a5bc92600e202504f1afdcecdbc3a25de7c3f926edeff,f233f4a5df431070567a5bc92600e202504f1afdcecdbc3a25de7c3f926edeff,f233f4a5df431070567a5bc92600e202504f1afdcecdbc3a25de7c3f926edeff,f233f4a5df431070567a5bc92600e202504f1afdcecdbc3a25de7c3f926edeff,raw match
Editor/WorldSpaceUINavigation/WorldSpaceUINavigationEditor.asmdef,4130716c39b97495c73cb71bf678f2cd4a16b7c9cb4a4523100cfc258d8003cd,f769ee7f5e23a1dcc6e9fac28846a8994e01cca1bfca1c15cb3fb101b48fb6e5,4130716c39b97495c73cb71bf678f2cd4a16b7c9cb4a4523100cfc258d8003cd,4130716c39b97495c73cb71bf678f2cd4a16b7c9cb4a4523100cfc258d8003cd,EOL-only difference
Editor/WorldSpaceUINavigation/WorldSpaceUINavigationEditor.cs,44b808d435d6f2c9084a2c32f5e15bfa269e9d67fa43c14b54bce9c485bf85d8,7d016e95de3213ef7cef3c8c7b109499c7d5e14fc1d8a473039b66c2b51c90f8,44b808d435d6f2c9084a2c32f5e15bfa269e9d67fa43c14b54bce9c485bf85d8,44b808d435d6f2c9084a2c32f5e15bfa269e9d67fa43c14b54bce9c485bf85d8,EOL-only difference
Editor/Zoetrope/WeaponAttachmentLibrary.cs,9df58f01e263b35ffa6aeb64ecfe653608e71bdb9e9a94e374a7f14c48edbd81,0f536a7fbea81076aa05c305baa7b27c42c1211f0adf02413ada858192a1de0b,9df58f01e263b35ffa6aeb64ecfe653608e71bdb9e9a94e374a7f14c48edbd81,9df58f01e263b35ffa6aeb64ecfe653608e71bdb9e9a94e374a7f14c48edbd81,EOL-only difference
Editor/Zoetrope/ZoeEventVisual.cs,439b58a1487508239bafd18edd0cd68fe1f7bef327865760900b0e5b44605d67,8747ea4ab7965c0ae0fe0c475ead1bb4d86c2857bb50aaedad2d1a261160abe7,439b58a1487508239bafd18edd0cd68fe1f7bef327865760900b0e5b44605d67,439b58a1487508239bafd18edd0cd68fe1f7bef327865760900b0e5b44605d67,EOL-only difference
Editor/Zoetrope/ZoePaletteBypassAudit.cs,4e0ce899e7a537e2aab1f9047031b2b6ba071631de2c576ac5d683fa549f724e,4e0ce899e7a537e2aab1f9047031b2b6ba071631de2c576ac5d683fa549f724e,4e0ce899e7a537e2aab1f9047031b2b6ba071631de2c576ac5d683fa549f724e,4e0ce899e7a537e2aab1f9047031b2b6ba071631de2c576ac5d683fa549f724e,raw match
Editor/Zoetrope/ZoePaletteHealthWindow.cs,a0116e65773048871610d7014519c189e7220b73144aa190c6dd2a7fc288a701,a0116e65773048871610d7014519c189e7220b73144aa190c6dd2a7fc288a701,a0116e65773048871610d7014519c189e7220b73144aa190c6dd2a7fc288a701,a0116e65773048871610d7014519c189e7220b73144aa190c6dd2a7fc288a701,raw match
Editor/Zoetrope/ZoePalettePreview.cs,f2aa1de52aea6f6c96e89817098ebf6ba0833653cac9fce5ab1e2b3637611feb,f2aa1de52aea6f6c96e89817098ebf6ba0833653cac9fce5ab1e2b3637611feb,f2aa1de52aea6f6c96e89817098ebf6ba0833653cac9fce5ab1e2b3637611feb,f2aa1de52aea6f6c96e89817098ebf6ba0833653cac9fce5ab1e2b3637611feb,raw match
Editor/Zoetrope/ZoePaletteUsageLog.cs,ddcc4ad7051b78d51a759165ed65d6782e76181eb416e82ca12b049df49ffc98,ddcc4ad7051b78d51a759165ed65d6782e76181eb416e82ca12b049df49ffc98,ddcc4ad7051b78d51a759165ed65d6782e76181eb416e82ca12b049df49ffc98,ddcc4ad7051b78d51a759165ed65d6782e76181eb416e82ca12b049df49ffc98,raw match
Editor/Zoetrope/ZoeSpriteFxPreviewLink.cs,67efe31d7c019cd7839bb445e497d1067057944c8eab299f0f73b403bece24ae,8f09e24a0616e39604ab2ec088ae0f371d53a8b61132241f00be34d93fcab922,67efe31d7c019cd7839bb445e497d1067057944c8eab299f0f73b403bece24ae,67efe31d7c019cd7839bb445e497d1067057944c8eab299f0f73b403bece24ae,EOL-only difference
Editor/Zoetrope/ZoeStateNamesGenerator.cs,920d9cb3a4c49c83cd55cb3b269b4e978ddebe5f8ca80ec098329734e386ff2d,920d9cb3a4c49c83cd55cb3b269b4e978ddebe5f8ca80ec098329734e386ff2d,920d9cb3a4c49c83cd55cb3b269b4e978ddebe5f8ca80ec098329734e386ff2d,920d9cb3a4c49c83cd55cb3b269b4e978ddebe5f8ca80ec098329734e386ff2d,raw match
Editor/Zoetrope/ZoetropeEditor.asmdef,70910d77f441d8457dac8e1930737944a200c6b894b6669ff98d54af38fd6057,70910d77f441d8457dac8e1930737944a200c6b894b6669ff98d54af38fd6057,70910d77f441d8457dac8e1930737944a200c6b894b6669ff98d54af38fd6057,70910d77f441d8457dac8e1930737944a200c6b894b6669ff98d54af38fd6057,raw match
Editor/Zoetrope/ZoetropeEditorLink.cs,7bc9943304c6aac2db4f16932a4e0a10653dd28164da4716239a9aec31b39202,7c6e971dae3feedaa0fe24933382c69a4b965d62427c617e8d287d8d0d38192d,7bc9943304c6aac2db4f16932a4e0a10653dd28164da4716239a9aec31b39202,7bc9943304c6aac2db4f16932a4e0a10653dd28164da4716239a9aec31b39202,EOL-only difference
Editor/Zoetrope/ZoetropeWindows.cs,6d283ed30486a024db205aeb7777df3d6379866677c326cced5fd769b6bd39f8,426bd56dec1987d62ab41e61a5be2c80ed8c4e2d047a057f7342cc51805e9ea4,6d283ed30486a024db205aeb7777df3d6379866677c326cced5fd769b6bd39f8,6d283ed30486a024db205aeb7777df3d6379866677c326cced5fd769b6bd39f8,EOL-only difference
Editor/Zoetrope/ZoundPickerHook.cs,902444b175ca318bc9c165b42a9e7e59a9b564b86a63ae1c55fa2bf34242cb6c,902444b175ca318bc9c165b42a9e7e59a9b564b86a63ae1c55fa2bf34242cb6c,902444b175ca318bc9c165b42a9e7e59a9b564b86a63ae1c55fa2bf34242cb6c,902444b175ca318bc9c165b42a9e7e59a9b564b86a63ae1c55fa2bf34242cb6c,raw match
Editor/ZoetropeLaunimator/LauminaryOwner.cs,e935e194ff05fcbfd53a3519668f4cf6f7412251bae4d854121bed636da460b9,e935e194ff05fcbfd53a3519668f4cf6f7412251bae4d854121bed636da460b9,e935e194ff05fcbfd53a3519668f4cf6f7412251bae4d854121bed636da460b9,e935e194ff05fcbfd53a3519668f4cf6f7412251bae4d854121bed636da460b9,raw match
Editor/ZoetropeLaunimator/LauminaryViewDrawer.cs,2406c7be594011b4696781ccf093b46db9d6fd74abcf5fc4baefc9044a7c9b17,2406c7be594011b4696781ccf093b46db9d6fd74abcf5fc4baefc9044a7c9b17,2406c7be594011b4696781ccf093b46db9d6fd74abcf5fc4baefc9044a7c9b17,2406c7be594011b4696781ccf093b46db9d6fd74abcf5fc4baefc9044a7c9b17,raw match
Editor/ZoetropeLaunimator/ZoePreviewWindow.cs,140fe16ebd98a374963a4656bc4a79b42538108e30048447e395d5ff35ce9085,140fe16ebd98a374963a4656bc4a79b42538108e30048447e395d5ff35ce9085,140fe16ebd98a374963a4656bc4a79b42538108e30048447e395d5ff35ce9085,140fe16ebd98a374963a4656bc4a79b42538108e30048447e395d5ff35ce9085,raw match
Editor/ZoetropeLaunimator/ZoetropeLaunimatorEditor.asmdef,a3e439c77ef2b3f620c1a186535ec0ffa577dce77523a9ec92d0de4cf9a40add,a3e439c77ef2b3f620c1a186535ec0ffa577dce77523a9ec92d0de4cf9a40add,a3e439c77ef2b3f620c1a186535ec0ffa577dce77523a9ec92d0de4cf9a40add,a3e439c77ef2b3f620c1a186535ec0ffa577dce77523a9ec92d0de4cf9a40add,raw match
Editor/ZoetropeLaunimator/ZonedLauminaryViewDrawer.cs,c69f23e0f22afe024bb15a0b23e41b44cb4ca4a2e0b2d005b525ccfbaf73aec3,bf879592cb3a3c8ec69e4151cdcbf043b71b0f0fc581e4a91aac2ee1cfbd66cd,c69f23e0f22afe024bb15a0b23e41b44cb4ca4a2e0b2d005b525ccfbaf73aec3,c69f23e0f22afe024bb15a0b23e41b44cb4ca4a2e0b2d005b525ccfbaf73aec3,EOL-only difference
Editor/ZoetropeZounds/ZoundPickerLink.cs,d290e18adc4ae067475c090b887776fbb498a1539fcd52900f8c92b9c8edcb13,c710cf1a6a351b2de51f1148b1bec9f0b7ee204881ac610906b7291843d01b04,d290e18adc4ae067475c090b887776fbb498a1539fcd52900f8c92b9c8edcb13,d290e18adc4ae067475c090b887776fbb498a1539fcd52900f8c92b9c8edcb13,EOL-only difference
Editor/ZoetropeZounds/com.Lautaro-Arino.Laubrary.Zoetrope.Zounds.Editor.asmdef,765b833a7c73535a7a564deaf5ffb30542cfbe07d2d1fa7fa18286c83d148ccd,d764b6b24fad738b8df32f98564ac120300d0606bacd70dc721c5c64b1ed8b0a,765b833a7c73535a7a564deaf5ffb30542cfbe07d2d1fa7fa18286c83d148ccd,765b833a7c73535a7a564deaf5ffb30542cfbe07d2d1fa7fa18286c83d148ccd,EOL-only difference
Editor/Zounds/EditorWindows/AddZoundPopup.cs,020f618c844eaf00f34ffdec117068a8f502649e177e9409b9c71bd15c988377,020f618c844eaf00f34ffdec117068a8f502649e177e9409b9c71bd15c988377,020f618c844eaf00f34ffdec117068a8f502649e177e9409b9c71bd15c988377,020f618c844eaf00f34ffdec117068a8f502649e177e9409b9c71bd15c988377,raw match
Editor/Zounds/EditorWindows/ChainAnalyserPanel.cs,75b1ffa2c6619268182ea0a76a7899ec6492f7b234be6d1a6a8beda964692502,b70b495d0b80d9e08d2fce3571b7fe5e7ce84ef52b95810333a68aba94c64d60,75b1ffa2c6619268182ea0a76a7899ec6492f7b234be6d1a6a8beda964692502,75b1ffa2c6619268182ea0a76a7899ec6492f7b234be6d1a6a8beda964692502,EOL-only difference
Editor/Zounds/EditorWindows/ChainAnalyserWindow.cs,19729ac2ed65f6be10a2da2269ff59db5a2bbddd1b26d7b28d0fd7256c34126e,19729ac2ed65f6be10a2da2269ff59db5a2bbddd1b26d7b28d0fd7256c34126e,19729ac2ed65f6be10a2da2269ff59db5a2bbddd1b26d7b28d0fd7256c34126e,19729ac2ed65f6be10a2da2269ff59db5a2bbddd1b26d7b28d0fd7256c34126e,raw match
Editor/Zounds/EditorWindows/ChainEditorGUI.cs,698a51428e75d5806c146c62e553b9d989b4fa908184ca330b7ee43dc7368237,db2c147ce14c3ecbb94850472ee4e581f40c5766fca08cd5718317758ad51288,698a51428e75d5806c146c62e553b9d989b4fa908184ca330b7ee43dc7368237,698a51428e75d5806c146c62e553b9d989b4fa908184ca330b7ee43dc7368237,EOL-only difference
Editor/Zounds/EditorWindows/ChainLibraryPopup.cs,3efeaec87e5567d1ee054ac98743348fd5042ef34dd9ee2b9d321cc734835ad6,3efeaec87e5567d1ee054ac98743348fd5042ef34dd9ee2b9d321cc734835ad6,3efeaec87e5567d1ee054ac98743348fd5042ef34dd9ee2b9d321cc734835ad6,3efeaec87e5567d1ee054ac98743348fd5042ef34dd9ee2b9d321cc734835ad6,raw match
Editor/Zounds/EditorWindows/InfoViewWindow.cs,61346e0395dccacf8f2b4f8f628ae9c19c66957a83da766dc3aa2a69c56a8fe7,61346e0395dccacf8f2b4f8f628ae9c19c66957a83da766dc3aa2a69c56a8fe7,61346e0395dccacf8f2b4f8f628ae9c19c66957a83da766dc3aa2a69c56a8fe7,61346e0395dccacf8f2b4f8f628ae9c19c66957a83da766dc3aa2a69c56a8fe7,raw match
Editor/Zounds/EditorWindows/KlipChainEnvelopes.cs,6605f04cd7bc42de1cd8671e67d7945650f53a1124ca03e15d8fa33b3bc022aa,05e4280607208ee9a6002bf0d26296f0af0b8dad975b306a3ea05dd16d4a1fe1,6605f04cd7bc42de1cd8671e67d7945650f53a1124ca03e15d8fa33b3bc022aa,6605f04cd7bc42de1cd8671e67d7945650f53a1124ca03e15d8fa33b3bc022aa,EOL-only difference
Editor/Zounds/EditorWindows/LiveOutputView.cs,a284a9f3abbbc8fd18e39ac1194aff5f98a8a03e495e49177b84831ec6b4c005,ded4b1b9a534f9b539abb00807b39a788571449b903b6175dcee5c815e774e5e,a284a9f3abbbc8fd18e39ac1194aff5f98a8a03e495e49177b84831ec6b4c005,a284a9f3abbbc8fd18e39ac1194aff5f98a8a03e495e49177b84831ec6b4c005,EOL-only difference
Editor/Zounds/EditorWindows/RenderZequenceToKlipPopup.cs,4673473cca1d821097cd3b63d817642b2ae245c5bd4b9dc2f54b78851a5bda3f,703b24d789e9e5e28c1bb9747d1fe8a9eee89a7fb0029c91e8eed8136e5f2874,4673473cca1d821097cd3b63d817642b2ae245c5bd4b9dc2f54b78851a5bda3f,4673473cca1d821097cd3b63d817642b2ae245c5bd4b9dc2f54b78851a5bda3f,EOL-only difference
Editor/Zounds/EditorWindows/RepeatSettingsPopup.cs,8c91018e545188de36b1257737106d5648215f61ad018062097605b744e6b749,8c91018e545188de36b1257737106d5648215f61ad018062097605b744e6b749,8c91018e545188de36b1257737106d5648215f61ad018062097605b744e6b749,8c91018e545188de36b1257737106d5648215f61ad018062097605b744e6b749,raw match
Editor/Zounds/EditorWindows/SavePresetPopup.cs,8b85be08b443cfa9665fbd1b37644f6ca9db0dc2f52cd0cf8f2cc9ebf2490377,8b85be08b443cfa9665fbd1b37644f6ca9db0dc2f52cd0cf8f2cc9ebf2490377,8b85be08b443cfa9665fbd1b37644f6ca9db0dc2f52cd0cf8f2cc9ebf2490377,8b85be08b443cfa9665fbd1b37644f6ca9db0dc2f52cd0cf8f2cc9ebf2490377,raw match
Editor/Zounds/EditorWindows/SpectrumView/AudioSpectrumView.cs,5f348ccdff3c1001b6eedb1d5c8f26a6488180d8b2a01328ddf67faab7c4c488,ca7f770f20b650850a15826cbe49f31c533ea81a4e8d552c143a5fe3f8a7dd30,5f348ccdff3c1001b6eedb1d5c8f26a6488180d8b2a01328ddf67faab7c4c488,5f348ccdff3c1001b6eedb1d5c8f26a6488180d8b2a01328ddf67faab7c4c488,EOL-only difference
Editor/Zounds/EditorWindows/SpectrumView/EnvelopeGUI.cs,dd6ab7948705c1a4da0fb6b2bb78ade982f8193af315e2f3dc68c78573322cb8,0706f0715d737ec3ab837463a7cd6ec76f4a03b06901701844f09600cb21f49d,dd6ab7948705c1a4da0fb6b2bb78ade982f8193af315e2f3dc68c78573322cb8,dd6ab7948705c1a4da0fb6b2bb78ade982f8193af315e2f3dc68c78573322cb8,EOL-only difference
Editor/Zounds/EditorWindows/TagsEditorWindow.cs,182bf6b5aa54e98a6f7da435253ba9651248f2fcc583a5de965b84df9b55ee84,182bf6b5aa54e98a6f7da435253ba9651248f2fcc583a5de965b84df9b55ee84,182bf6b5aa54e98a6f7da435253ba9651248f2fcc583a5de965b84df9b55ee84,182bf6b5aa54e98a6f7da435253ba9651248f2fcc583a5de965b84df9b55ee84,raw match
Editor/Zounds/EditorWindows/TimeStretchGUI.cs,6cc0f5d57855bac855d776fa886a042f571cde62d7925293752d9bd3b1bf34a0,6cc0f5d57855bac855d776fa886a042f571cde62d7925293752d9bd3b1bf34a0,6cc0f5d57855bac855d776fa886a042f571cde62d7925293752d9bd3b1bf34a0,6cc0f5d57855bac855d776fa886a042f571cde62d7925293752d9bd3b1bf34a0,raw match
Editor/Zounds/EditorWindows/ZoundEditorWindows/BaseZoundEditorWindow.cs,b52dd2719962cf0d574c108b87e9c7528997ddad61bb71df9b044f2665b81f89,bd386dece9d38b7a36712137138986cf575805859cceb88fd06dc1b25fd9f073,b52dd2719962cf0d574c108b87e9c7528997ddad61bb71df9b044f2665b81f89,b52dd2719962cf0d574c108b87e9c7528997ddad61bb71df9b044f2665b81f89,EOL-only difference
Editor/Zounds/EditorWindows/ZoundEditorWindows/CompositeZoundEditing.cs,6be19afd45f73621e0d7495be57dc2e9ead289ec21ddcbb8017656a00e653188,6be19afd45f73621e0d7495be57dc2e9ead289ec21ddcbb8017656a00e653188,6be19afd45f73621e0d7495be57dc2e9ead289ec21ddcbb8017656a00e653188,6be19afd45f73621e0d7495be57dc2e9ead289ec21ddcbb8017656a00e653188,raw match
Editor/Zounds/EditorWindows/ZoundEditorWindows/CompositeZoundEditorWindow.cs,b4b92c7cab44f7130db7bac588cb45c0259ffd82f46e143c2a5830b132ab1bf1,9b7f38cc260b25f964cc9fe3773ebbb67561ae891095fdc402f287af55d28d45,b4b92c7cab44f7130db7bac588cb45c0259ffd82f46e143c2a5830b132ab1bf1,b4b92c7cab44f7130db7bac588cb45c0259ffd82f46e143c2a5830b132ab1bf1,EOL-only difference
Editor/Zounds/EditorWindows/ZoundEditorWindows/CompositeZoundEditorWindow_Group.cs,e84feb3dcbad9fc480cab7e445fadca6535413f644c0286d1ff9e1b266e1273c,876de85e83e0cd27bd5bf6e1a3f15a068ad0f9ac42f02e1b9c84d05fd41cfe9e,e84feb3dcbad9fc480cab7e445fadca6535413f644c0286d1ff9e1b266e1273c,e84feb3dcbad9fc480cab7e445fadca6535413f644c0286d1ff9e1b266e1273c,EOL-only difference
Editor/Zounds/EditorWindows/ZoundEditorWindows/ImportTrimPopupWindow.cs,73e1071e0d80fd17d6f7cffcb732cf92e4ac6a004c3267769f8c2605ba0565a0,73e1071e0d80fd17d6f7cffcb732cf92e4ac6a004c3267769f8c2605ba0565a0,73e1071e0d80fd17d6f7cffcb732cf92e4ac6a004c3267769f8c2605ba0565a0,73e1071e0d80fd17d6f7cffcb732cf92e4ac6a004c3267769f8c2605ba0565a0,raw match
Editor/Zounds/EditorWindows/ZoundEditorWindows/KlipEditorWindow.cs,0db460016984f830ed54914c253493729c984ff26b1a22e99a603f5de4904292,a7ba676d42b3eb4ed518b5a82c154f2fdf97f892e128a8bfe4e2f69dc63da552,0db460016984f830ed54914c253493729c984ff26b1a22e99a603f5de4904292,0db460016984f830ed54914c253493729c984ff26b1a22e99a603f5de4904292,EOL-only difference
Editor/Zounds/EditorWindows/ZoundEditorWindows/ZequenceEditorWindow.cs,90727f4168a452bd5dfd9125c75003032356be7cb3fd29e1723a6cba1a3900d7,da4b5e25b0fd6710eba3966df4b1b9e85520909233f2a9ad86c84e18c33c2087,90727f4168a452bd5dfd9125c75003032356be7cb3fd29e1723a6cba1a3900d7,90727f4168a452bd5dfd9125c75003032356be7cb3fd29e1723a6cba1a3900d7,EOL-only difference
Editor/Zounds/EditorWindows/ZoundsStopAllButton.cs,b902efe65ab0eb315a1db534a40ed473569410a4a2295688bf544408a6f09837,b902efe65ab0eb315a1db534a40ed473569410a4a2295688bf544408a6f09837,b902efe65ab0eb315a1db534a40ed473569410a4a2295688bf544408a6f09837,b902efe65ab0eb315a1db534a40ed473569410a4a2295688bf544408a6f09837,raw match
Editor/Zounds/RecordingData.cs,0321a21f75021cdeeeb0ab061c924f773f023d92a28746cdfc2464239a2d4d82,0321a21f75021cdeeeb0ab061c924f773f023d92a28746cdfc2464239a2d4d82,0321a21f75021cdeeeb0ab061c924f773f023d92a28746cdfc2464239a2d4d82,0321a21f75021cdeeeb0ab061c924f773f023d92a28746cdfc2464239a2d4d82,raw match
Editor/Zounds/Setup/ZoundsDependencyCheck.cs,d7a4f0715874f9697c5aa694a8a2c84d984c7e40de36b14da4bf44f6ea38ae64,d7a4f0715874f9697c5aa694a8a2c84d984c7e40de36b14da4bf44f6ea38ae64,d7a4f0715874f9697c5aa694a8a2c84d984c7e40de36b14da4bf44f6ea38ae64,d7a4f0715874f9697c5aa694a8a2c84d984c7e40de36b14da4bf44f6ea38ae64,raw match
Editor/Zounds/Setup/ZoundsSetup.asmdef,bab25aca30253b573249c75bde14cf86ecbe50cce1d224de292a40f57c94d5eb,bab25aca30253b573249c75bde14cf86ecbe50cce1d224de292a40f57c94d5eb,bab25aca30253b573249c75bde14cf86ecbe50cce1d224de292a40f57c94d5eb,bab25aca30253b573249c75bde14cf86ecbe50cce1d224de292a40f57c94d5eb,raw match
Editor/Zounds/TabContents/DependencyMapTab.cs,702b65ad8dfdc839d1f22414d0eff863f1eef9de64b6c53243ba1d720d2120c1,80b85102a13adfd0981d340bfe13c1d4e53de7cdf6205404052969c9266feeed,702b65ad8dfdc839d1f22414d0eff863f1eef9de64b6c53243ba1d720d2120c1,702b65ad8dfdc839d1f22414d0eff863f1eef9de64b6c53243ba1d720d2120c1,EOL-only difference
Editor/Zounds/TabContents/MonitorTab.cs,ecac84604c2340624141feaa03b894129b0326b87b0121e2166f4d6c89f69e9d,05bf408b21db331c2a974e747e58a7c64fedc59f1911a44daf42e41b9ec35440,ecac84604c2340624141feaa03b894129b0326b87b0121e2166f4d6c89f69e9d,ecac84604c2340624141feaa03b894129b0326b87b0121e2166f4d6c89f69e9d,EOL-only difference
Editor/Zounds/TabContents/ProjectSettingsTab.cs,253dcc0e80cbf651c2be71831642151b515a27d1ea878f9ab443523b95bbeedb,2d22a18bd11e704b831ae25aee14b1e9e05820ba3b8cb6cc832cd8d46bd25312,253dcc0e80cbf651c2be71831642151b515a27d1ea878f9ab443523b95bbeedb,253dcc0e80cbf651c2be71831642151b515a27d1ea878f9ab443523b95bbeedb,EOL-only difference
Editor/Zounds/TabContents/RoutingTab.cs,95d2ab5a2044138dacaf10ef2fcbfb9ff002c7d42eb59380dde25294d4f2a99f,bf0901fa741d357bb459bd64752ffe481d9f02ffce9cbec5f96a8c5852c3039a,95d2ab5a2044138dacaf10ef2fcbfb9ff002c7d42eb59380dde25294d4f2a99f,95d2ab5a2044138dacaf10ef2fcbfb9ff002c7d42eb59380dde25294d4f2a99f,EOL-only difference
Editor/Zounds/TabContents/ZoundBrowsers/BrowserTab.cs,389c05dfc4caa442e66b7c1763ddad8a8635730dd6be897309d67c8fddf439c3,4fa2c74a24bb87a98fbfc3a6129680f60d5d0557238a2840690c7fc7f8969fe9,389c05dfc4caa442e66b7c1763ddad8a8635730dd6be897309d67c8fddf439c3,389c05dfc4caa442e66b7c1763ddad8a8635730dd6be897309d67c8fddf439c3,EOL-only difference
Editor/Zounds/TabContents/ZoundBrowsers/ZoundBrowserFilterEngine.cs,05215ceb5fa98ccbb4ab7f22f6f3b31c57bc8a8db834d80316ab2dd2f5d8f915,05215ceb5fa98ccbb4ab7f22f6f3b31c57bc8a8db834d80316ab2dd2f5d8f915,05215ceb5fa98ccbb4ab7f22f6f3b31c57bc8a8db834d80316ab2dd2f5d8f915,05215ceb5fa98ccbb4ab7f22f6f3b31c57bc8a8db834d80316ab2dd2f5d8f915,raw match
Editor/Zounds/TabContents/ZoundBrowsers/ZoundBrowserPlaybackVisuals.cs,3477b13512d80fbeb8b5ad8ea3e7a03348bef358873df955f644595ee7d9ed14,3477b13512d80fbeb8b5ad8ea3e7a03348bef358873df955f644595ee7d9ed14,3477b13512d80fbeb8b5ad8ea3e7a03348bef358873df955f644595ee7d9ed14,3477b13512d80fbeb8b5ad8ea3e7a03348bef358873df955f644595ee7d9ed14,raw match
Editor/Zounds/TabContents/ZoundBrowsers/ZoundGridItemView.cs,820dded5714c8d441872720840533b8daffe88803f3fa19858df48861ccb4256,21a798d71ee2bf430633fd0e00cad76f6cbaaaa8deb41f80d587c6ccdf166f2d,820dded5714c8d441872720840533b8daffe88803f3fa19858df48861ccb4256,820dded5714c8d441872720840533b8daffe88803f3fa19858df48861ccb4256,EOL-only difference
Editor/Zounds/TabContents/ZoundBrowsers/ZoundInspector.cs,21d3f22ce2a5ff51b1bf4b941b414a318379b568da1558a971bfad02edcf75e8,64bfa0f5bad871be50280651978ee01270e02b05d9ded0a06d530ccc7184474c,21d3f22ce2a5ff51b1bf4b941b414a318379b568da1558a971bfad02edcf75e8,21d3f22ce2a5ff51b1bf4b941b414a318379b568da1558a971bfad02edcf75e8,EOL-only difference
Editor/Zounds/TabContents/ZoundBrowsers/ZoundListItemView.cs,afdfe604fddb99c7ba7143e94fd4b3d64463c66fb801579ee6c2523230b9cd93,161bcbd421338962a1d1521def7648cb0c802f5cc1a1301a89a1085f5ca1bcc7,afdfe604fddb99c7ba7143e94fd4b3d64463c66fb801579ee6c2523230b9cd93,afdfe604fddb99c7ba7143e94fd4b3d64463c66fb801579ee6c2523230b9cd93,EOL-only difference
Editor/Zounds/TabContents/ZoundBrowsers/ZoundsFilter.cs,2f7c1892f4322459fc465518c9b77337fa5871c97a17e70a24512eb24580a88c,2f7c1892f4322459fc465518c9b77337fa5871c97a17e70a24512eb24580a88c,2f7c1892f4322459fc465518c9b77337fa5871c97a17e70a24512eb24580a88c,2f7c1892f4322459fc465518c9b77337fa5871c97a17e70a24512eb24580a88c,raw match
Editor/Zounds/TabContents/ZoundBrowsers/ZoundsRecentHistory.cs,f9cc4f82db9f17dfab7e88c02c6515ba7010a74545203990b8626ca656c3a6cb,9755392bab89c46ccdfc2267ba7530d55305a9766d3ee274654e1784ce8b3425,f9cc4f82db9f17dfab7e88c02c6515ba7010a74545203990b8626ca656c3a6cb,f9cc4f82db9f17dfab7e88c02c6515ba7010a74545203990b8626ca656c3a6cb,EOL-only difference
Editor/Zounds/Uitk/AuditionPopupTK.cs,be4561923bf9bca0d1dd025af2afb6d067d3d5d9f4f4ae10648347328d0cd952,be4561923bf9bca0d1dd025af2afb6d067d3d5d9f4f4ae10648347328d0cd952,be4561923bf9bca0d1dd025af2afb6d067d3d5d9f4f4ae10648347328d0cd952,be4561923bf9bca0d1dd025af2afb6d067d3d5d9f4f4ae10648347328d0cd952,raw match
Editor/Zounds/Uitk/BrowserTabTK.cs,768cc910af3a3e2f672d985b89a3daada88df604f69e685097ab85ebd88e563b,d8ebce574fca9a1a6df2f98017405e2a057054bb208d6c50b6a5348de4607e07,768cc910af3a3e2f672d985b89a3daada88df604f69e685097ab85ebd88e563b,768cc910af3a3e2f672d985b89a3daada88df604f69e685097ab85ebd88e563b,EOL-only difference
Editor/Zounds/Uitk/ChainAnalyserTK.cs,61e0b51c56c3900d2201ab7f825f399c3d2a6b709b1a06144be682c774abe1e0,61e0b51c56c3900d2201ab7f825f399c3d2a6b709b1a06144be682c774abe1e0,61e0b51c56c3900d2201ab7f825f399c3d2a6b709b1a06144be682c774abe1e0,61e0b51c56c3900d2201ab7f825f399c3d2a6b709b1a06144be682c774abe1e0,raw match
Editor/Zounds/Uitk/ChainEditorTK.cs,46636cfc1605dbd39390fad61326e4c7601b998dcfd3e13326e27b14cf6efb7f,7d90bab2b53666dc92b74843388361bc6ce2c9bba1dc25a9f8e6b60c9d202058,46636cfc1605dbd39390fad61326e4c7601b998dcfd3e13326e27b14cf6efb7f,46636cfc1605dbd39390fad61326e4c7601b998dcfd3e13326e27b14cf6efb7f,EOL-only difference
Editor/Zounds/Uitk/DependencyMapTabTK.cs,ee1f87c7434ed72488b805cf91467deab62de52bebb0c6d2bf5e5b4f68ab80ce,b72a1ea0ddc5ba9044ba6278cb429e1b72dfaa3afacfe0619422054d1a19e8cc,ee1f87c7434ed72488b805cf91467deab62de52bebb0c6d2bf5e5b4f68ab80ce,ee1f87c7434ed72488b805cf91467deab62de52bebb0c6d2bf5e5b4f68ab80ce,EOL-only difference
Editor/Zounds/Uitk/EnvelopeTK.cs,5c7074d2bc53902f3c06ad5d3a0120dd9b67a3d11fbbf956d6afb6151a42aec4,c0c860dea5e560ecae5a7805b1fa578ae524d4e69c0776aea1a2ec17bbc3d424,5c7074d2bc53902f3c06ad5d3a0120dd9b67a3d11fbbf956d6afb6151a42aec4,5c7074d2bc53902f3c06ad5d3a0120dd9b67a3d11fbbf956d6afb6151a42aec4,EOL-only difference
Editor/Zounds/Uitk/KlipEditorWindowTK.cs,7b1c389c699477388bf0c755c560e4af09a5938bb114740c3bf7fb065f7c3f26,fb5144bfe2993c4236740738eca002c09afd00771ba23dab6fc9c3c178e1da2c,7b1c389c699477388bf0c755c560e4af09a5938bb114740c3bf7fb065f7c3f26,7b1c389c699477388bf0c755c560e4af09a5938bb114740c3bf7fb065f7c3f26,EOL-only difference
Editor/Zounds/Uitk/KlipWaveformTK.cs,c228ac8ecc15dd075b541dcb12f09daf8d08603cfac51fbdff2d10d20d070e94,3945d56c37b54434230bbbac3e58d893f4a97bdd18562585e196a12e18048328,c228ac8ecc15dd075b541dcb12f09daf8d08603cfac51fbdff2d10d20d070e94,c228ac8ecc15dd075b541dcb12f09daf8d08603cfac51fbdff2d10d20d070e94,EOL-only difference
Editor/Zounds/Uitk/LiveDrawnCurves.cs,e671ad0b1d35308692b597163ff1f69258210fc819fc4fc293b84e54568dee51,e671ad0b1d35308692b597163ff1f69258210fc819fc4fc293b84e54568dee51,e671ad0b1d35308692b597163ff1f69258210fc819fc4fc293b84e54568dee51,e671ad0b1d35308692b597163ff1f69258210fc819fc4fc293b84e54568dee51,raw match
Editor/Zounds/Uitk/LooperTK.cs,3141ae0c32de15e708547aa97a04dfb7feadf2493e775b9d4d70956b219129e0,3141ae0c32de15e708547aa97a04dfb7feadf2493e775b9d4d70956b219129e0,3141ae0c32de15e708547aa97a04dfb7feadf2493e775b9d4d70956b219129e0,3141ae0c32de15e708547aa97a04dfb7feadf2493e775b9d4d70956b219129e0,raw match
Editor/Zounds/Uitk/MonitorTabTK.cs,985ea2ebd00085ebdd23404439bece6271b3afb5235ba33bf66abb1687aa9f5a,180ea32de73fda94af18c6f5d24bca94632170d983003a06aa6153f629b78464,985ea2ebd00085ebdd23404439bece6271b3afb5235ba33bf66abb1687aa9f5a,985ea2ebd00085ebdd23404439bece6271b3afb5235ba33bf66abb1687aa9f5a,EOL-only difference
Editor/Zounds/Uitk/OwnValueCurves.cs,566236a47cadb837126ea712eedecbb9d76f97eeb8824fc59915aefeec0599b2,21c25ddc452d22da3da7b4642591ebe2d4889fc76a78084ab6a2e1154871b355,566236a47cadb837126ea712eedecbb9d76f97eeb8824fc59915aefeec0599b2,566236a47cadb837126ea712eedecbb9d76f97eeb8824fc59915aefeec0599b2,EOL-only difference
Editor/Zounds/Uitk/ProblemsTabTK.cs,32131bab012d4f7b380a39c1947826a0648007c5a21ed42d53c342426b8b2707,32131bab012d4f7b380a39c1947826a0648007c5a21ed42d53c342426b8b2707,32131bab012d4f7b380a39c1947826a0648007c5a21ed42d53c342426b8b2707,32131bab012d4f7b380a39c1947826a0648007c5a21ed42d53c342426b8b2707,raw match
Editor/Zounds/Uitk/RandomPointPopup.cs,78d30f00cb5c71759ffd60f5f9a249ddf35b17e475f81c61578d6d71fdbd2802,5d59b005a0490ceeace4cbadbb3122b3272d2820b9933859271ba5beac3b6f6a,78d30f00cb5c71759ffd60f5f9a249ddf35b17e475f81c61578d6d71fdbd2802,78d30f00cb5c71759ffd60f5f9a249ddf35b17e475f81c61578d6d71fdbd2802,EOL-only difference
Editor/Zounds/Uitk/RoutingTabTK.cs,b04f7be5a62b46f20cf78ce41db13fcf83a945d7155b32d7c0805bdf47674de4,b04f7be5a62b46f20cf78ce41db13fcf83a945d7155b32d7c0805bdf47674de4,b04f7be5a62b46f20cf78ce41db13fcf83a945d7155b32d7c0805bdf47674de4,b04f7be5a62b46f20cf78ce41db13fcf83a945d7155b32d7c0805bdf47674de4,raw match
Editor/Zounds/Uitk/SettingsTabTK.cs,0f7a8d721fecf7b417244759f09b3032a4956fc1eb8edef67c11f7cd5cc8199d,0f7a8d721fecf7b417244759f09b3032a4956fc1eb8edef67c11f7cd5cc8199d,0f7a8d721fecf7b417244759f09b3032a4956fc1eb8edef67c11f7cd5cc8199d,0f7a8d721fecf7b417244759f09b3032a4956fc1eb8edef67c11f7cd5cc8199d,raw match
Editor/Zounds/Uitk/Skin/ZoundsSkin.uss,10319604199ef79152d5014f08dc56ee528f8915eace294e07b2f6a65e885ddd,0b4295a27d8f40e7c3ebff38c546a8e3016a580c96df86b369d9a5ec216673eb,10319604199ef79152d5014f08dc56ee528f8915eace294e07b2f6a65e885ddd,10319604199ef79152d5014f08dc56ee528f8915eace294e07b2f6a65e885ddd,EOL-only difference
Editor/Zounds/Uitk/SnapshotsRowTK.cs,846cf0e0b2e619fb80d59f18bb9e4549339cd8694e188f433f04d91eb55da5ef,5c074040d94b8ce2bbbfcc164c599d94a2c316353e094f444ff67ced78974933,846cf0e0b2e619fb80d59f18bb9e4549339cd8694e188f433f04d91eb55da5ef,846cf0e0b2e619fb80d59f18bb9e4549339cd8694e188f433f04d91eb55da5ef,EOL-only difference
Editor/Zounds/Uitk/TimeStretchTK.cs,da570349add633f39a39fc3039e42d1a13a8af6943dabdadda66fd3a9e235e2f,1a21e8c538e2b772a61e7320f1f45f63a05484b369d7f12d12dd413b4e5b4def,da570349add633f39a39fc3039e42d1a13a8af6943dabdadda66fd3a9e235e2f,da570349add633f39a39fc3039e42d1a13a8af6943dabdadda66fd3a9e235e2f,EOL-only difference
Editor/Zounds/Uitk/TrackIdPopup.cs,3264542329ae507e037955bceec23e3899f4f5ae4bbea69e5d8b5567418319b9,4f18d49df6dfc65cf8eec729d6889053252ed5b4ffe6db2ad3c751ead27ddf27,3264542329ae507e037955bceec23e3899f4f5ae4bbea69e5d8b5567418319b9,3264542329ae507e037955bceec23e3899f4f5ae4bbea69e5d8b5567418319b9,EOL-only difference
Editor/Zounds/Uitk/ZS.cs,41ccd891ed897433ec77c660ba196650e62b3b8281156048e7e33bc0106654a2,96bb3daf9fe37a4a45ea04dcf929e0454f50f47b60f7dc0d935f4e6d5f855c88,41ccd891ed897433ec77c660ba196650e62b3b8281156048e7e33bc0106654a2,171add3001e414a92e67dc509794b2502e97d9438851f5ced0644d4c8cb0bc46,content difference
Editor/Zounds/Uitk/ZequenceEditorWindowTK.cs,5b1beb935c574cb6152ebab9544da0b4bbb02d2ab1b31da5a042a524c14bf60f,ad61f6cc3a9800011d2e4f0037e4408936cecae461e811583528b52155347739,5b1beb935c574cb6152ebab9544da0b4bbb02d2ab1b31da5a042a524c14bf60f,5b1beb935c574cb6152ebab9544da0b4bbb02d2ab1b31da5a042a524c14bf60f,EOL-only difference
Editor/Zounds/Uitk/ZequenceEntryTK.cs,524746c85940fc159926f82c8bad82a3860b36bfa0da654f9500efbb91f1a555,c649f2d31890f24eb37b5a1db6fd69ff8691592afc29358254b03f7854de14cf,524746c85940fc159926f82c8bad82a3860b36bfa0da654f9500efbb91f1a555,524746c85940fc159926f82c8bad82a3860b36bfa0da654f9500efbb91f1a555,EOL-only difference
Editor/Zounds/Uitk/ZoundAudition.cs,df5711bbff2252752493c065c9ffd07dd7c91d933640d7dab74249025ecb8278,df5711bbff2252752493c065c9ffd07dd7c91d933640d7dab74249025ecb8278,df5711bbff2252752493c065c9ffd07dd7c91d933640d7dab74249025ecb8278,df5711bbff2252752493c065c9ffd07dd7c91d933640d7dab74249025ecb8278,raw match
Editor/Zounds/Uitk/ZoundFieldsRowTK.cs,423b4ecbe6fb82c91dd26fd953b130269386ce1b1ea126fb992d78079951fa03,8d51a51cecf8c6fb44608d50ba8ab863b6be9f4e57bb9acced46f773f5c4c591,423b4ecbe6fb82c91dd26fd953b130269386ce1b1ea126fb992d78079951fa03,423b4ecbe6fb82c91dd26fd953b130269386ce1b1ea126fb992d78079951fa03,EOL-only difference
Editor/Zounds/Uitk/ZoundRowTK.cs,4548af08b329f3775188dca9bde37df57a034f965cbb93991bef3a8fffcd3019,f7a079751ed8f81a7c278f50392978a8c1c513d1b69c48d4ad5b5b6abc61e5c5,4548af08b329f3775188dca9bde37df57a034f965cbb93991bef3a8fffcd3019,4548af08b329f3775188dca9bde37df57a034f965cbb93991bef3a8fffcd3019,EOL-only difference
Editor/Zounds/Uitk/ZoundsSkinExtractor.cs,129429ae3a9d2b03db276f3d02cff23ad19b2574448126ce89199bc30e79c79c,129429ae3a9d2b03db276f3d02cff23ad19b2574448126ce89199bc30e79c79c,129429ae3a9d2b03db276f3d02cff23ad19b2574448126ce89199bc30e79c79c,129429ae3a9d2b03db276f3d02cff23ad19b2574448126ce89199bc30e79c79c,raw match
Editor/Zounds/Uitk/ZoundsUitk.uss,7cbb753ee9a0eae048ac55f3bf09368d58bbe398ca232b357f86e3e5dfe3077b,7af76d05fec2f9dfc9005581884e117b0920d48181108da2204141647f677d32,7cbb753ee9a0eae048ac55f3bf09368d58bbe398ca232b357f86e3e5dfe3077b,7cbb753ee9a0eae048ac55f3bf09368d58bbe398ca232b357f86e3e5dfe3077b,EOL-only difference
Editor/Zounds/Uitk/ZoundsUitkCompare.cs,bc38f093819e78865fc2c1317adfb91bf44b881582c533569aecb54da443e0c5,bc38f093819e78865fc2c1317adfb91bf44b881582c533569aecb54da443e0c5,bc38f093819e78865fc2c1317adfb91bf44b881582c533569aecb54da443e0c5,bc38f093819e78865fc2c1317adfb91bf44b881582c533569aecb54da443e0c5,raw match
Editor/Zounds/Uitk/ZoundsUitkGallery.cs,cf3b6339783408c6ba3461702cd9386b74837a0f6bf04df0bc09a5e844c1ab21,bed2df55758e45e65c6a388ec80f6de7960bc9ab3741ac0bdcc46d029c35c9dd,cf3b6339783408c6ba3461702cd9386b74837a0f6bf04df0bc09a5e844c1ab21,cf3b6339783408c6ba3461702cd9386b74837a0f6bf04df0bc09a5e844c1ab21,EOL-only difference
Editor/Zounds/Uitk/ZoundsWindowTK.cs,7d4bed7b7396ca821f6e871c5c91c7403d4ca29706589f5566a82ab857c80736,f8bc4b04d979ea0b6059477832bacc1507659146f0456782db637f3c6e652fa2,7d4bed7b7396ca821f6e871c5c91c7403d4ca29706589f5566a82ab857c80736,7d4bed7b7396ca821f6e871c5c91c7403d4ca29706589f5566a82ab857c80736,EOL-only difference
Editor/Zounds/Uitk/ZpocBolt.cs,c5d7536c1275f9a4502733c3f3947495e14e4217918912969268e1fa2face16e,c5d7536c1275f9a4502733c3f3947495e14e4217918912969268e1fa2face16e,c5d7536c1275f9a4502733c3f3947495e14e4217918912969268e1fa2face16e,c5d7536c1275f9a4502733c3f3947495e14e4217918912969268e1fa2face16e,raw match
Editor/Zounds/Uitk/ZpocPopup.cs,a68f79fe93f99b28f2f7a10d7d65a600f53b95dbd29e9367468e28dcb408837e,18119cc6493d1bbca9fbeec361f1605a5ef3fd5b36530fd8ea7a231a25f370d5,a68f79fe93f99b28f2f7a10d7d65a600f53b95dbd29e9367468e28dcb408837e,a68f79fe93f99b28f2f7a10d7d65a600f53b95dbd29e9367468e28dcb408837e,EOL-only difference
Editor/Zounds/Uitk/ZpocTestPanelTK.cs,1e4f8ab7b777060ff5c2944407b7436e8505279d3d2e24cbaee09dde43ecd34e,63ec8b38e5221c8f6ca00a3e8483a7454bf5aef34ea8839def1b4b16fb5a5f1e,1e4f8ab7b777060ff5c2944407b7436e8505279d3d2e24cbaee09dde43ecd34e,1e4f8ab7b777060ff5c2944407b7436e8505279d3d2e24cbaee09dde43ecd34e,EOL-only difference
Editor/Zounds/Utilities/AudioAssetUtility.cs,c778e80d478accf76569062c48d2e59d2a16f2cd2fb25048664ae8369c4f901e,c778e80d478accf76569062c48d2e59d2a16f2cd2fb25048664ae8369c4f901e,c778e80d478accf76569062c48d2e59d2a16f2cd2fb25048664ae8369c4f901e,c778e80d478accf76569062c48d2e59d2a16f2cd2fb25048664ae8369c4f901e,raw match
Editor/Zounds/Utilities/AudioEffects/AudioEffect.cs,1fda30ba34bb623d0fe5918296abd7b4d558b7094f8b2ab38bd6b90d864892ca,1fda30ba34bb623d0fe5918296abd7b4d558b7094f8b2ab38bd6b90d864892ca,1fda30ba34bb623d0fe5918296abd7b4d558b7094f8b2ab38bd6b90d864892ca,1fda30ba34bb623d0fe5918296abd7b4d558b7094f8b2ab38bd6b90d864892ca,raw match
Editor/Zounds/Utilities/AudioEffects/CompressionEffect.cs,9e1dc24d905216d849277bb0632300ad60da84983c0f9e9dbb5236545f726281,9e1dc24d905216d849277bb0632300ad60da84983c0f9e9dbb5236545f726281,9e1dc24d905216d849277bb0632300ad60da84983c0f9e9dbb5236545f726281,9e1dc24d905216d849277bb0632300ad60da84983c0f9e9dbb5236545f726281,raw match
Editor/Zounds/Utilities/AudioEffects/EQEffect.cs,d92fa3e383e05922ea879ef967a35f8aaaa520fcb89d123f0c4d58bea960ee6d,d92fa3e383e05922ea879ef967a35f8aaaa520fcb89d123f0c4d58bea960ee6d,d92fa3e383e05922ea879ef967a35f8aaaa520fcb89d123f0c4d58bea960ee6d,d92fa3e383e05922ea879ef967a35f8aaaa520fcb89d123f0c4d58bea960ee6d,raw match
Editor/Zounds/Utilities/AudioEffects/FadeEffect.cs,94ffc48edc859115d4aa678cf6207bbfc68430766d243d2605bc7eb4d19690d1,94ffc48edc859115d4aa678cf6207bbfc68430766d243d2605bc7eb4d19690d1,94ffc48edc859115d4aa678cf6207bbfc68430766d243d2605bc7eb4d19690d1,94ffc48edc859115d4aa678cf6207bbfc68430766d243d2605bc7eb4d19690d1,raw match
Editor/Zounds/Utilities/AudioEffects/GainEffect.cs,53f99236d9f7c010510f2b6e8a76cbcec13d98feeb3fb295c5c30e3a656d72a0,53f99236d9f7c010510f2b6e8a76cbcec13d98feeb3fb295c5c30e3a656d72a0,53f99236d9f7c010510f2b6e8a76cbcec13d98feeb3fb295c5c30e3a656d72a0,53f99236d9f7c010510f2b6e8a76cbcec13d98feeb3fb295c5c30e3a656d72a0,raw match
Editor/Zounds/Utilities/AudioEffects/KlipEffectChain.cs,af085495e71899e8df321d7b9e2c6c7c5bd07a7f2d58b031aaef81e033f4e44a,af085495e71899e8df321d7b9e2c6c7c5bd07a7f2d58b031aaef81e033f4e44a,af085495e71899e8df321d7b9e2c6c7c5bd07a7f2d58b031aaef81e033f4e44a,af085495e71899e8df321d7b9e2c6c7c5bd07a7f2d58b031aaef81e033f4e44a,raw match
Editor/Zounds/Utilities/AudioEffects/NormalizationEffect.cs,7c4daca623b323d0f3ac89f300b345131289d391c93521cc4d84ab92670ecdb9,7c4daca623b323d0f3ac89f300b345131289d391c93521cc4d84ab92670ecdb9,7c4daca623b323d0f3ac89f300b345131289d391c93521cc4d84ab92670ecdb9,7c4daca623b323d0f3ac89f300b345131289d391c93521cc4d84ab92670ecdb9,raw match
Editor/Zounds/Utilities/AudioPreviewUtility.cs,1f6fd3fb5fb4f060a415a1f483651e0e038724c4fc6299018851f9d96640eac6,715526717247b107407faf810c3ed0c667003c31c18a4f5bbc363ba9713e6158,1f6fd3fb5fb4f060a415a1f483651e0e038724c4fc6299018851f9d96640eac6,1f6fd3fb5fb4f060a415a1f483651e0e038724c4fc6299018851f9d96640eac6,EOL-only difference
Editor/Zounds/Utilities/AudioRenderUtility.cs,f2fa064661b06cb1277de83774cef37e456fb33eb43871256ca64c7e2a582a07,f2fa064661b06cb1277de83774cef37e456fb33eb43871256ca64c7e2a582a07,f2fa064661b06cb1277de83774cef37e456fb33eb43871256ca64c7e2a582a07,f2fa064661b06cb1277de83774cef37e456fb33eb43871256ca64c7e2a582a07,raw match
Editor/Zounds/Utilities/AudioWaveformUtility.cs,ebf233700976c243d928d0b53f84bd98aaba8a9b461e0616054fb341d2e125f7,eb849ae8bb59da8d105f8400fd39a0d6f6657ee65cd7c78a3a6da63e12b7e0aa,ebf233700976c243d928d0b53f84bd98aaba8a9b461e0616054fb341d2e125f7,ebf233700976c243d928d0b53f84bd98aaba8a9b461e0616054fb341d2e125f7,EOL-only difference
Editor/Zounds/Utilities/ChainEffectFidelity.cs,beb2e33bb4e978bc2bc3db2aed8815994891c1cd2810b65fa8b96ed86a5750d8,a1823416e9e818302025cd2360c432ee12ab218b1229e5f9edc4475c4c216764,beb2e33bb4e978bc2bc3db2aed8815994891c1cd2810b65fa8b96ed86a5750d8,beb2e33bb4e978bc2bc3db2aed8815994891c1cd2810b65fa8b96ed86a5750d8,EOL-only difference
Editor/Zounds/Utilities/ChainSpectrumProbe.cs,dfa3b5078830b39d7821a1440b092eca6c27395efbd56e28375fc0eabc2111e1,55c08f0362d4128c8e6d8edf706383e2b1d913edd00a8e3e370692ffeae6a5b0,dfa3b5078830b39d7821a1440b092eca6c27395efbd56e28375fc0eabc2111e1,dfa3b5078830b39d7821a1440b092eca6c27395efbd56e28375fc0eabc2111e1,EOL-only difference
Editor/Zounds/Utilities/EditorFieldsUtility.cs,d04e99411d87b0dcea3d6ea58b2fff8f27478716561c67f32789ada3ca6910a4,d04e99411d87b0dcea3d6ea58b2fff8f27478716561c67f32789ada3ca6910a4,d04e99411d87b0dcea3d6ea58b2fff8f27478716561c67f32789ada3ca6910a4,d04e99411d87b0dcea3d6ea58b2fff8f27478716561c67f32789ada3ca6910a4,raw match
Editor/Zounds/Utilities/ExternalFileDialog.cs,941179b90fe27e54c8e802c800a02b84d3c7557faa45b361fe073616dfd08bcf,733541cd8e5039e67210d6fc08e6c7d08660a9eed7bfa9f03b1893dc1b064095,941179b90fe27e54c8e802c800a02b84d3c7557faa45b361fe073616dfd08bcf,941179b90fe27e54c8e802c800a02b84d3c7557faa45b361fe073616dfd08bcf,EOL-only difference
Editor/Zounds/Utilities/GenericMenuEditorWindow.cs,36d25eb6ecb9d0ad70df32b0b278528f14b82dee6087659d1d3f6a34085092c0,36d25eb6ecb9d0ad70df32b0b278528f14b82dee6087659d1d3f6a34085092c0,36d25eb6ecb9d0ad70df32b0b278528f14b82dee6087659d1d3f6a34085092c0,36d25eb6ecb9d0ad70df32b0b278528f14b82dee6087659d1d3f6a34085092c0,raw match
Editor/Zounds/Utilities/GenericMenuPopup.cs,b0ad525e73d698b88aaf41bc4d82ac96a303ecd80d5f3e5e063b1429040a40d7,8c2208a2ab0accb3ffea26e7fd2b31233e9f3c84990780a10a972eb635bff6ae,b0ad525e73d698b88aaf41bc4d82ac96a303ecd80d5f3e5e063b1429040a40d7,b0ad525e73d698b88aaf41bc4d82ac96a303ecd80d5f3e5e063b1429040a40d7,EOL-only difference
Editor/Zounds/Utilities/OrphanCleaner.cs,39fdf02a56a598c55074c445e6dc86099c29b37c771eb5b2a12b4e602d39c545,39fdf02a56a598c55074c445e6dc86099c29b37c771eb5b2a12b4e602d39c545,39fdf02a56a598c55074c445e6dc86099c29b37c771eb5b2a12b4e602d39c545,39fdf02a56a598c55074c445e6dc86099c29b37c771eb5b2a12b4e602d39c545,raw match
Editor/Zounds/Utilities/PresetsBarDrawer.cs,8f814168ed8c8028262b529b9bca75b46d208b504ace4cdf907e84564265f3e4,211de25812fb4bc22983af8859d31e7bb95f210a2a0531c1f3ef87e0cd8ebbdd,8f814168ed8c8028262b529b9bca75b46d208b504ace4cdf907e84564265f3e4,8f814168ed8c8028262b529b9bca75b46d208b504ace4cdf907e84564265f3e4,EOL-only difference
Editor/Zounds/Utilities/SavWav.cs,c525c95cb124adea0cd019b899d2f40f30586c008dbf0b6c061791ad7bfea6eb,c525c95cb124adea0cd019b899d2f40f30586c008dbf0b6c061791ad7bfea6eb,c525c95cb124adea0cd019b899d2f40f30586c008dbf0b6c061791ad7bfea6eb,c525c95cb124adea0cd019b899d2f40f30586c008dbf0b6c061791ad7bfea6eb,raw match
Editor/Zounds/Utilities/TabViewIMGUI.cs,a42c275fb917165b7b6d34a2848de9091f728b444b00de6148cda294ce5d2165,a42c275fb917165b7b6d34a2848de9091f728b444b00de6148cda294ce5d2165,a42c275fb917165b7b6d34a2848de9091f728b444b00de6148cda294ce5d2165,a42c275fb917165b7b6d34a2848de9091f728b444b00de6148cda294ce5d2165,raw match
Editor/Zounds/Utilities/TagMenuPopup.cs,afd1963864d2c1014d7f7d7a0c5f12a7402e0501b80b64ddae40c7a23b7fb028,afd1963864d2c1014d7f7d7a0c5f12a7402e0501b80b64ddae40c7a23b7fb028,afd1963864d2c1014d7f7d7a0c5f12a7402e0501b80b64ddae40c7a23b7fb028,afd1963864d2c1014d7f7d7a0c5f12a7402e0501b80b64ddae40c7a23b7fb028,raw match
Editor/Zounds/Utilities/WavDecoder.cs,14f7af73f916c850e1bea733580ff086ae2fb5cab1cb8092940ee0dc7b1a2808,14f7af73f916c850e1bea733580ff086ae2fb5cab1cb8092940ee0dc7b1a2808,14f7af73f916c850e1bea733580ff086ae2fb5cab1cb8092940ee0dc7b1a2808,14f7af73f916c850e1bea733580ff086ae2fb5cab1cb8092940ee0dc7b1a2808,raw match
Editor/Zounds/Utilities/ZoundDependencyAnalyzer.cs,868436c49b65de3d5d951db2916779400025f2d601b354b6cf259ce2d7963cac,868436c49b65de3d5d951db2916779400025f2d601b354b6cf259ce2d7963cac,868436c49b65de3d5d951db2916779400025f2d601b354b6cf259ce2d7963cac,868436c49b65de3d5d951db2916779400025f2d601b354b6cf259ce2d7963cac,raw match
Editor/Zounds/Utilities/ZoundGcStressTest.cs,22c176fc40cc62efce67f55c8bc67e5bafdde235a0dc74f68c1a3f7f302121ef,22c176fc40cc62efce67f55c8bc67e5bafdde235a0dc74f68c1a3f7f302121ef,22c176fc40cc62efce67f55c8bc67e5bafdde235a0dc74f68c1a3f7f302121ef,22c176fc40cc62efce67f55c8bc67e5bafdde235a0dc74f68c1a3f7f302121ef,raw match
Editor/Zounds/Utilities/ZoundNamingMigration.cs,2f19f0b82fc72818239df3c12a205b781845c87eac7683b19555a6813791dd42,8c9795e5ce1a0d2868d8b0c9b0acb724a785e47d72fa7cf770ab6e5104738d8e,2f19f0b82fc72818239df3c12a205b781845c87eac7683b19555a6813791dd42,2f19f0b82fc72818239df3c12a205b781845c87eac7683b19555a6813791dd42,EOL-only difference
Editor/Zounds/Utilities/ZoundsBuildReport.cs,673471376240c1221fb2c685a4c27a964edd17cc19cfe6782badcb269a78c44c,673471376240c1221fb2c685a4c27a964edd17cc19cfe6782badcb269a78c44c,673471376240c1221fb2c685a4c27a964edd17cc19cfe6782badcb269a78c44c,673471376240c1221fb2c685a4c27a964edd17cc19cfe6782badcb269a78c44c,raw match
Editor/Zounds/Utilities/ZoundsChainMigrationMenu.cs,87280141b10ae4702a22a1d990f628b6b0e3fbd58b01803a2f9814d233510c0b,0b722ef69e505bd0070a5d358f6e38a31b5b1797102b46dce2d040633f604a8b,87280141b10ae4702a22a1d990f628b6b0e3fbd58b01803a2f9814d233510c0b,87280141b10ae4702a22a1d990f628b6b0e3fbd58b01803a2f9814d233510c0b,EOL-only difference
Editor/Zounds/Utilities/ZoundsClipClassifier.cs,0e47fb62948dda847cefe639f91553f7eb209840e4a4c588b73f9441a0b61100,55d361bb4b3e5b0d380f719140eed3aef1a772faadb1733d704e1eb22a99047f,0e47fb62948dda847cefe639f91553f7eb209840e4a4c588b73f9441a0b61100,0e47fb62948dda847cefe639f91553f7eb209840e4a4c588b73f9441a0b61100,EOL-only difference
Editor/Zounds/Utilities/ZoundsEditorDiagnostics.cs,c0b39f1cc49653a431b585b10751222a4c85c35e74fca43f6529a01a62c3914e,c0b39f1cc49653a431b585b10751222a4c85c35e74fca43f6529a01a62c3914e,c0b39f1cc49653a431b585b10751222a4c85c35e74fca43f6529a01a62c3914e,c0b39f1cc49653a431b585b10751222a4c85c35e74fca43f6529a01a62c3914e,raw match
Editor/Zounds/Utilities/ZoundsSourceImport.cs,ca1b1117ce200b77a47d4355591729ce51359a9cda4d20bd43c822dec5a04aeb,ca1b1117ce200b77a47d4355591729ce51359a9cda4d20bd43c822dec5a04aeb,ca1b1117ce200b77a47d4355591729ce51359a9cda4d20bd43c822dec5a04aeb,ca1b1117ce200b77a47d4355591729ce51359a9cda4d20bd43c822dec5a04aeb,raw match
Editor/Zounds/ZoundAPIBridge.cs,6108a0121fe74c10829154b289eea5097319cb5153b57090688f9a3d6741ff1c,6108a0121fe74c10829154b289eea5097319cb5153b57090688f9a3d6741ff1c,6108a0121fe74c10829154b289eea5097319cb5153b57090688f9a3d6741ff1c,6108a0121fe74c10829154b289eea5097319cb5153b57090688f9a3d6741ff1c,raw match
Editor/Zounds/ZoundEngineEditor.cs,085a9dfd629f742ab5baa7afaac18959a3de8d136742171feed55ed7eeaa237f,085a9dfd629f742ab5baa7afaac18959a3de8d136742171feed55ed7eeaa237f,085a9dfd629f742ab5baa7afaac18959a3de8d136742171feed55ed7eeaa237f,085a9dfd629f742ab5baa7afaac18959a3de8d136742171feed55ed7eeaa237f,raw match
Editor/Zounds/ZoundsAssetPostProcessor.cs,bd61c67be90db45fb03138f080787803b44f73d7ef34e9fc52e23cfe3b336504,bd61c67be90db45fb03138f080787803b44f73d7ef34e9fc52e23cfe3b336504,bd61c67be90db45fb03138f080787803b44f73d7ef34e9fc52e23cfe3b336504,bd61c67be90db45fb03138f080787803b44f73d7ef34e9fc52e23cfe3b336504,raw match
Editor/Zounds/ZoundsEditor.asmdef,778ccc28ddda292e87ab6bcbf3e40b6ca0b2c54be42a3c0022bb54e7158bb1d6,778ccc28ddda292e87ab6bcbf3e40b6ca0b2c54be42a3c0022bb54e7158bb1d6,778ccc28ddda292e87ab6bcbf3e40b6ca0b2c54be42a3c0022bb54e7158bb1d6,778ccc28ddda292e87ab6bcbf3e40b6ca0b2c54be42a3c0022bb54e7158bb1d6,raw match
Editor/Zounds/ZoundsEditorPresets.cs,3f78f53de1a733b6fb458432f1d085fff0ccac296fc3bf8dd79e701c5e5ad2fe,3f78f53de1a733b6fb458432f1d085fff0ccac296fc3bf8dd79e701c5e5ad2fe,3f78f53de1a733b6fb458432f1d085fff0ccac296fc3bf8dd79e701c5e5ad2fe,3f78f53de1a733b6fb458432f1d085fff0ccac296fc3bf8dd79e701c5e5ad2fe,raw match
Editor/Zounds/ZoundsPreprocessBuild.cs,6c5da97f7cea5114283e4b85163efd34312a05e4196b93979ba2973e40090dea,4bd4d2b9f4b6f4832085e15cf64f31fcca7198bb807d115a5d60f2da5df2c755,6c5da97f7cea5114283e4b85163efd34312a05e4196b93979ba2973e40090dea,6c5da97f7cea5114283e4b85163efd34312a05e4196b93979ba2973e40090dea,EOL-only difference
Editor/Zounds/ZoundsProjectEditor.cs,9ab1c15b6b90d1bb3f99d9edcfd084df3b71a50d6c3666c771b1b3747ba9f7a4,6d2bc0c4662be1fb96912fff8126588d6c0c3badd745b7e77104d831792f51cb,9ab1c15b6b90d1bb3f99d9edcfd084df3b71a50d6c3666c771b1b3747ba9f7a4,9ab1c15b6b90d1bb3f99d9edcfd084df3b71a50d6c3666c771b1b3747ba9f7a4,EOL-only difference
Editor/Zounds/ZoundsProjectInitialization.cs,f233936efeb0875e982b7982b1aec3572238ab759a430f06b466adb9516c3433,f233936efeb0875e982b7982b1aec3572238ab759a430f06b466adb9516c3433,f233936efeb0875e982b7982b1aec3572238ab759a430f06b466adb9516c3433,f233936efeb0875e982b7982b1aec3572238ab759a430f06b466adb9516c3433,raw match
Editor/Zounds/ZoundsWindow.cs,e8a0a5c16f8f389619e2d09600791a3dbf00c1aff25396621d6c69cebe8b77a5,615de7e5beb38144feb71ace5de84b169b1eacb017ad48f7c4d073b72ddc19e9,e8a0a5c16f8f389619e2d09600791a3dbf00c1aff25396621d6c69cebe8b77a5,e8a0a5c16f8f389619e2d09600791a3dbf00c1aff25396621d6c69cebe8b77a5,EOL-only difference
Editor/Zounds/ZoundsWindowProperties.cs,d8d31698f87666b2261f167c03d4e7f76d921812e9a81b3c3a415ecea4e64d82,3ca6d205a1bbba3a3026a59371f805acad542bc8aa65a2f67c8288359dc6650d,d8d31698f87666b2261f167c03d4e7f76d921812e9a81b3c3a415ecea4e64d82,d8d31698f87666b2261f167c03d4e7f76d921812e9a81b3c3a415ecea4e64d82,EOL-only difference
Editor/Zounds/ZoundsZUIBootstrap.cs,ef61d657990aa36e3c721bf293e0a2325b5be3cb82043b0a4fef2b6af6148990,ef61d657990aa36e3c721bf293e0a2325b5be3cb82043b0a4fef2b6af6148990,ef61d657990aa36e3c721bf293e0a2325b5be3cb82043b0a4fef2b6af6148990,ef61d657990aa36e3c721bf293e0a2325b5be3cb82043b0a4fef2b6af6148990,raw match
Runtime/BackSplash/BackSplash.cs,9490cbc2dfb08ccc39c1766b75b7e1c0ee172ae7e568bbc860e76865dcada2fb,9490cbc2dfb08ccc39c1766b75b7e1c0ee172ae7e568bbc860e76865dcada2fb,9490cbc2dfb08ccc39c1766b75b7e1c0ee172ae7e568bbc860e76865dcada2fb,9490cbc2dfb08ccc39c1766b75b7e1c0ee172ae7e568bbc860e76865dcada2fb,raw match
Runtime/BackSplash/BackSplashBackdrop.cs,8b0bf435d5fe0aef4339d2ac7aaeb2b7a56c6747204b522386b71c4e563c1944,8b0bf435d5fe0aef4339d2ac7aaeb2b7a56c6747204b522386b71c4e563c1944,8b0bf435d5fe0aef4339d2ac7aaeb2b7a56c6747204b522386b71c4e563c1944,8b0bf435d5fe0aef4339d2ac7aaeb2b7a56c6747204b522386b71c4e563c1944,raw match
Runtime/BackSplash/com.Lautaro-Arino.Laubrary.BackSplash.asmdef,f8ef2c4dd6ba7b0950154dd18c7245ac1768c8ef32e2af1497572004cc6671e7,f8ef2c4dd6ba7b0950154dd18c7245ac1768c8ef32e2af1497572004cc6671e7,f8ef2c4dd6ba7b0950154dd18c7245ac1768c8ef32e2af1497572004cc6671e7,f8ef2c4dd6ba7b0950154dd18c7245ac1768c8ef32e2af1497572004cc6671e7,raw match
Runtime/Cabinets/Cabinet.cs,d602e5c5d1ed54ef9a8cd76b81f6ec1aac59a0142f518add9300af183800e824,baac730c3cf35e88940c6f344fd9cb846b0d4207b8abb13668403a08984138af,d602e5c5d1ed54ef9a8cd76b81f6ec1aac59a0142f518add9300af183800e824,d602e5c5d1ed54ef9a8cd76b81f6ec1aac59a0142f518add9300af183800e824,EOL-only difference
Runtime/Cabinets/CabinetLook.cs,ed591cb976272cb2652905e96a2343d9c257efc741be074e90c5b6726cd54f8d,700f6a3df8e5529d9cdd797127d8c9494f0a16c4317e299a3e90d69e65464b98,ed591cb976272cb2652905e96a2343d9c257efc741be074e90c5b6726cd54f8d,ed591cb976272cb2652905e96a2343d9c257efc741be074e90c5b6726cd54f8d,EOL-only difference
Runtime/Cabinets/CabinetStage.cs,5bfdbaebb0927e51468f5de0d606623e1a82501796a10e48b5649d871f72793d,6bad22f90e63eb51dc93536092e867b550e4d71d343759f1d7705f66cd1fe594,5bfdbaebb0927e51468f5de0d606623e1a82501796a10e48b5649d871f72793d,5bfdbaebb0927e51468f5de0d606623e1a82501796a10e48b5649d871f72793d,EOL-only difference
Runtime/Cabinets/com.Lautaro-Arino.Laubrary.Cabinets.asmdef,6f7f070bc4110af9aa566706965afbee4b4dc7f459a358f58077815acb0acbd9,6856c0c4362c7eb98f8881a7bfb1498fe5463e85e26f5f62437cc05d995309da,6f7f070bc4110af9aa566706965afbee4b4dc7f459a358f58077815acb0acbd9,6f7f070bc4110af9aa566706965afbee4b4dc7f459a358f58077815acb0acbd9,EOL-only difference
Runtime/Caching/AssetCacheInvalidation.cs,0eccd1ad75ed0397ff9161bd7403cac71c31b87f02de59d613161aedb2f96945,0eccd1ad75ed0397ff9161bd7403cac71c31b87f02de59d613161aedb2f96945,0eccd1ad75ed0397ff9161bd7403cac71c31b87f02de59d613161aedb2f96945,0eccd1ad75ed0397ff9161bd7403cac71c31b87f02de59d613161aedb2f96945,raw match
Runtime/Caching/Caching.asmdef,0cd95eec2ac96fd96ad6a20c9246edccb044d9e1078df0a50bd2951358addb4e,0cd95eec2ac96fd96ad6a20c9246edccb044d9e1078df0a50bd2951358addb4e,0cd95eec2ac96fd96ad6a20c9246edccb044d9e1078df0a50bd2951358addb4e,0cd95eec2ac96fd96ad6a20c9246edccb044d9e1078df0a50bd2951358addb4e,raw match
Runtime/Cartographer/Arena.cs,0b5606c00ff08289ae3522c70fc5453ce6446647b857f15159c4a2b51d1e6ca5,0b5606c00ff08289ae3522c70fc5453ce6446647b857f15159c4a2b51d1e6ca5,0b5606c00ff08289ae3522c70fc5453ce6446647b857f15159c4a2b51d1e6ca5,0b5606c00ff08289ae3522c70fc5453ce6446647b857f15159c4a2b51d1e6ca5,raw match
Runtime/Cartographer/Cartographer.asmdef,a38d5c6ea57d8f4c2ed6d6dccec9dc4d00be3edf3834c669e117d179c960c8da,a38d5c6ea57d8f4c2ed6d6dccec9dc4d00be3edf3834c669e117d179c960c8da,a38d5c6ea57d8f4c2ed6d6dccec9dc4d00be3edf3834c669e117d179c960c8da,a38d5c6ea57d8f4c2ed6d6dccec9dc4d00be3edf3834c669e117d179c960c8da,raw match
Runtime/Cartographer/CartographerBiome.cs,39c6882d191870e9ed3f085e401ceb404adda5a83a6dbc5ed66aae94f35b1785,39c6882d191870e9ed3f085e401ceb404adda5a83a6dbc5ed66aae94f35b1785,39c6882d191870e9ed3f085e401ceb404adda5a83a6dbc5ed66aae94f35b1785,39c6882d191870e9ed3f085e401ceb404adda5a83a6dbc5ed66aae94f35b1785,raw match
Runtime/Cartographer/CartographerLevel.cs,a12cabc16f764e7e3f55507c36bef54f93d82e0e65f8391611059d8f83edf3fa,a12cabc16f764e7e3f55507c36bef54f93d82e0e65f8391611059d8f83edf3fa,a12cabc16f764e7e3f55507c36bef54f93d82e0e65f8391611059d8f83edf3fa,a12cabc16f764e7e3f55507c36bef54f93d82e0e65f8391611059d8f83edf3fa,raw match
Runtime/Cartographer/CartographerPreview.cs,f37a78b2e553f39811e5dc01861a1802dfbfe28d6dd643ddbaecee0aee4667b6,f37a78b2e553f39811e5dc01861a1802dfbfe28d6dd643ddbaecee0aee4667b6,f37a78b2e553f39811e5dc01861a1802dfbfe28d6dd643ddbaecee0aee4667b6,f37a78b2e553f39811e5dc01861a1802dfbfe28d6dd643ddbaecee0aee4667b6,raw match
Runtime/Cartographer/CartographerRoom.cs,05b5d0a6d475965d0fe87b0eb9c6cbede6c57cc8a7dba46e32786eb5927f5fdc,05b5d0a6d475965d0fe87b0eb9c6cbede6c57cc8a7dba46e32786eb5927f5fdc,05b5d0a6d475965d0fe87b0eb9c6cbede6c57cc8a7dba46e32786eb5927f5fdc,05b5d0a6d475965d0fe87b0eb9c6cbede6c57cc8a7dba46e32786eb5927f5fdc,raw match
Runtime/Cartographer/CartographerRuleTile.cs,ec253bf1e80017eb288023fa1eb2428c02b9fc3b6cdd902c8ee2ee39b0861317,ec253bf1e80017eb288023fa1eb2428c02b9fc3b6cdd902c8ee2ee39b0861317,ec253bf1e80017eb288023fa1eb2428c02b9fc3b6cdd902c8ee2ee39b0861317,ec253bf1e80017eb288023fa1eb2428c02b9fc3b6cdd902c8ee2ee39b0861317,raw match
Runtime/Cartographer/Decal.cs,616b745a4156e67d583bd741fc8e55416fc676c0a47f7989657c51d539894b2f,616b745a4156e67d583bd741fc8e55416fc676c0a47f7989657c51d539894b2f,616b745a4156e67d583bd741fc8e55416fc676c0a47f7989657c51d539894b2f,616b745a4156e67d583bd741fc8e55416fc676c0a47f7989657c51d539894b2f,raw match
Runtime/Cartographer/DecalAnimator.cs,2d70398c564d14e661cf4e4f7249e9eaed3ec61aea10cd84a58a42fa21fd0551,2d70398c564d14e661cf4e4f7249e9eaed3ec61aea10cd84a58a42fa21fd0551,2d70398c564d14e661cf4e4f7249e9eaed3ec61aea10cd84a58a42fa21fd0551,2d70398c564d14e661cf4e4f7249e9eaed3ec61aea10cd84a58a42fa21fd0551,raw match
Runtime/Cartographer/LevelAsset.cs,621db1939d784335dc518648de581aee18495d876cac89913440f81305219c50,621db1939d784335dc518648de581aee18495d876cac89913440f81305219c50,621db1939d784335dc518648de581aee18495d876cac89913440f81305219c50,621db1939d784335dc518648de581aee18495d876cac89913440f81305219c50,raw match
Runtime/Cartographer/LevelFlowField.cs,d89e3142b9ed06a52369a63516d54b33f6397f53e89572859e570139a3c5a965,d89e3142b9ed06a52369a63516d54b33f6397f53e89572859e570139a3c5a965,d89e3142b9ed06a52369a63516d54b33f6397f53e89572859e570139a3c5a965,d89e3142b9ed06a52369a63516d54b33f6397f53e89572859e570139a3c5a965,raw match
Runtime/Cartographer/LevelGenerator.cs,5c0fc961eca26337746f94618c9e0dec604b1101acf209c2da7171e7f16d2377,5c0fc961eca26337746f94618c9e0dec604b1101acf209c2da7171e7f16d2377,5c0fc961eca26337746f94618c9e0dec604b1101acf209c2da7171e7f16d2377,5c0fc961eca26337746f94618c9e0dec604b1101acf209c2da7171e7f16d2377,raw match
Runtime/Cartographer/LevelInstance.cs,0f35f1b59766e19acd3d58381951b750a21fa2acb675b9c7d9604f69fdae9b6c,0f35f1b59766e19acd3d58381951b750a21fa2acb675b9c7d9604f69fdae9b6c,0f35f1b59766e19acd3d58381951b750a21fa2acb675b9c7d9604f69fdae9b6c,0f35f1b59766e19acd3d58381951b750a21fa2acb675b9c7d9604f69fdae9b6c,raw match
Runtime/Cartographer/LevelLayer.cs,7fe880796543018a1c16ca289efbed138614d66b7cd095aede91ccd41aca060c,7fe880796543018a1c16ca289efbed138614d66b7cd095aede91ccd41aca060c,7fe880796543018a1c16ca289efbed138614d66b7cd095aede91ccd41aca060c,7fe880796543018a1c16ca289efbed138614d66b7cd095aede91ccd41aca060c,raw match
Runtime/Cartographer/LevelProcgen.cs,7e85072dcffb9e97ffddc7a4efab04df00c902f8ce689a40c57b6e953fdda127,7e85072dcffb9e97ffddc7a4efab04df00c902f8ce689a40c57b6e953fdda127,7e85072dcffb9e97ffddc7a4efab04df00c902f8ce689a40c57b6e953fdda127,7e85072dcffb9e97ffddc7a4efab04df00c902f8ce689a40c57b6e953fdda127,raw match
Runtime/Cartographer/LevelRecipe.cs,94a4a75d4cee10a5f3bc885545f25efb89609e859fbadec712d8609d0b515a51,94a4a75d4cee10a5f3bc885545f25efb89609e859fbadec712d8609d0b515a51,94a4a75d4cee10a5f3bc885545f25efb89609e859fbadec712d8609d0b515a51,94a4a75d4cee10a5f3bc885545f25efb89609e859fbadec712d8609d0b515a51,raw match
Runtime/Cartographer/LevelTile.cs,12f7d7c19c4cd05b4e3cb48b3da5e939484bbc26398a5b44dbe957ff7a93115d,12f7d7c19c4cd05b4e3cb48b3da5e939484bbc26398a5b44dbe957ff7a93115d,12f7d7c19c4cd05b4e3cb48b3da5e939484bbc26398a5b44dbe957ff7a93115d,12f7d7c19c4cd05b4e3cb48b3da5e939484bbc26398a5b44dbe957ff7a93115d,raw match
Runtime/Cartographer/Prop.cs,ef7ce87c2d3581a0b9b78abafaf6ef4ec95e6fb75531e943dd8b1ff8e6f2f4d4,ef7ce87c2d3581a0b9b78abafaf6ef4ec95e6fb75531e943dd8b1ff8e6f2f4d4,ef7ce87c2d3581a0b9b78abafaf6ef4ec95e6fb75531e943dd8b1ff8e6f2f4d4,ef7ce87c2d3581a0b9b78abafaf6ef4ec95e6fb75531e943dd8b1ff8e6f2f4d4,raw match
Runtime/Cartographer/PropBehaviour.cs,4b1dc6e04486b6c881002ef1892f11c80b7af094bb1ef6e11b7fcdd9bd554602,4b1dc6e04486b6c881002ef1892f11c80b7af094bb1ef6e11b7fcdd9bd554602,4b1dc6e04486b6c881002ef1892f11c80b7af094bb1ef6e11b7fcdd9bd554602,4b1dc6e04486b6c881002ef1892f11c80b7af094bb1ef6e11b7fcdd9bd554602,raw match
Runtime/Cartographer/RoomCameraBinder.cs,826a957bcfa827a574689a970f856905bccdd50ad133187a475d92092cffccd3,826a957bcfa827a574689a970f856905bccdd50ad133187a475d92092cffccd3,826a957bcfa827a574689a970f856905bccdd50ad133187a475d92092cffccd3,826a957bcfa827a574689a970f856905bccdd50ad133187a475d92092cffccd3,raw match
Runtime/Cartographer/TileTag.cs,0c0f170c1219b8494342e27850fdbae66b54928508f03a2d2545d53cf8ed5ce5,0c0f170c1219b8494342e27850fdbae66b54928508f03a2d2545d53cf8ed5ce5,0c0f170c1219b8494342e27850fdbae66b54928508f03a2d2545d53cf8ed5ce5,0c0f170c1219b8494342e27850fdbae66b54928508f03a2d2545d53cf8ed5ce5,raw match
Runtime/Cartographer/Tileset.cs,b412592f4144080bff0b4f600653c818d2b6d19597a452bf771dcc2e7f7ae367,b412592f4144080bff0b4f600653c818d2b6d19597a452bf771dcc2e7f7ae367,b412592f4144080bff0b4f600653c818d2b6d19597a452bf771dcc2e7f7ae367,b412592f4144080bff0b4f600653c818d2b6d19597a452bf771dcc2e7f7ae367,raw match
Runtime/Choreographer/Choreographer.asmdef,ed5b8386d56d2e37e93aad907f76349253f7c6fcd324f6380aafb76d37a3e179,ed5b8386d56d2e37e93aad907f76349253f7c6fcd324f6380aafb76d37a3e179,ed5b8386d56d2e37e93aad907f76349253f7c6fcd324f6380aafb76d37a3e179,ed5b8386d56d2e37e93aad907f76349253f7c6fcd324f6380aafb76d37a3e179,raw match
Runtime/Choreographer/Choreography.cs,5403bcce805a7ab10b0a6768536f23073702ff3b04c2f9b5b3cd5ffae466bd2e,5403bcce805a7ab10b0a6768536f23073702ff3b04c2f9b5b3cd5ffae466bd2e,5403bcce805a7ab10b0a6768536f23073702ff3b04c2f9b5b3cd5ffae466bd2e,5403bcce805a7ab10b0a6768536f23073702ff3b04c2f9b5b3cd5ffae466bd2e,raw match
Runtime/Choreographer/ChoreographyDebugView.cs,c92ab3cef9f2557d0fb59ac0a5505d95a20a8d06dd43749709ad1c3ab62125d6,c92ab3cef9f2557d0fb59ac0a5505d95a20a8d06dd43749709ad1c3ab62125d6,c92ab3cef9f2557d0fb59ac0a5505d95a20a8d06dd43749709ad1c3ab62125d6,c92ab3cef9f2557d0fb59ac0a5505d95a20a8d06dd43749709ad1c3ab62125d6,raw match
Runtime/Choreographer/ChoreographyPlayer.cs,eccfd3e1b46e90be18983c03c44650a1c05afd1b34e3008d2ed58e153fb59c58,eccfd3e1b46e90be18983c03c44650a1c05afd1b34e3008d2ed58e153fb59c58,eccfd3e1b46e90be18983c03c44650a1c05afd1b34e3008d2ed58e153fb59c58,eccfd3e1b46e90be18983c03c44650a1c05afd1b34e3008d2ed58e153fb59c58,raw match
Runtime/Choreographer/ChoreographySampler.cs,d75e3ef2d65d961290d73e2d805a15d0405e3c25bbaa68e1e1c07749ddf92b1e,d75e3ef2d65d961290d73e2d805a15d0405e3c25bbaa68e1e1c07749ddf92b1e,d75e3ef2d65d961290d73e2d805a15d0405e3c25bbaa68e1e1c07749ddf92b1e,d75e3ef2d65d961290d73e2d805a15d0405e3c25bbaa68e1e1c07749ddf92b1e,raw match
Runtime/Chunks/Capabilities/ChunkCapability.cs,1f22139b137c41d161f48b8bda70a809bc60ca8630716dab246434cb6ab04b47,c20dff32183e66555d4c38d4034ea3792ec4d926c76ebca3e8d4ec036b97df99,1f22139b137c41d161f48b8bda70a809bc60ca8630716dab246434cb6ab04b47,1f22139b137c41d161f48b8bda70a809bc60ca8630716dab246434cb6ab04b47,EOL-only difference
Runtime/Chunks/Capabilities/ChunkClock.cs,6fd8146e5c77ca7a51a240f3380f2613d78a0caf459eae25b7e2aa8c0e41009b,6fd8146e5c77ca7a51a240f3380f2613d78a0caf459eae25b7e2aa8c0e41009b,6fd8146e5c77ca7a51a240f3380f2613d78a0caf459eae25b7e2aa8c0e41009b,6fd8146e5c77ca7a51a240f3380f2613d78a0caf459eae25b7e2aa8c0e41009b,raw match
Runtime/Chunks/Capabilities/ChunkRng.cs,cd3d9a51bf0ceb4f868d87c09fc5b23e48c21f56171f66297e5d9b66c6eb309d,cd3d9a51bf0ceb4f868d87c09fc5b23e48c21f56171f66297e5d9b66c6eb309d,cd3d9a51bf0ceb4f868d87c09fc5b23e48c21f56171f66297e5d9b66c6eb309d,cd3d9a51bf0ceb4f868d87c09fc5b23e48c21f56171f66297e5d9b66c6eb309d,raw match
Runtime/Chunks/Capabilities/Cues.cs,b89bf6ebfcacc5e5574cf677047de257e5e099531834ecd9b417f32ea7b3a00b,b89bf6ebfcacc5e5574cf677047de257e5e099531834ecd9b417f32ea7b3a00b,b89bf6ebfcacc5e5574cf677047de257e5e099531834ecd9b417f32ea7b3a00b,b89bf6ebfcacc5e5574cf677047de257e5e099531834ecd9b417f32ea7b3a00b,raw match
Runtime/Chunks/Capabilities/DebrisScatter.cs,52a69319f353107f44539691abee315940849476fce431f2195b2abcdb86821e,52a69319f353107f44539691abee315940849476fce431f2195b2abcdb86821e,52a69319f353107f44539691abee315940849476fce431f2195b2abcdb86821e,52a69319f353107f44539691abee315940849476fce431f2195b2abcdb86821e,raw match
Runtime/Chunks/Capabilities/FragmentFracture.cs,5b8d8f861b800a862dd6d74805d83e1b4627678c9343165202d878612ff8a213,2721d01f91160d646f5642c2377fc0f0bf35c62b73151ddb33c0a2ee51bef1d8,5b8d8f861b800a862dd6d74805d83e1b4627678c9343165202d878612ff8a213,5b8d8f861b800a862dd6d74805d83e1b4627678c9343165202d878612ff8a213,EOL-only difference
Runtime/Chunks/Capabilities/Hits.cs,896ad1d89d8c66b98e2edaeee97071037898864c60cff60e4754505c1a7dbf1f,896ad1d89d8c66b98e2edaeee97071037898864c60cff60e4754505c1a7dbf1f,896ad1d89d8c66b98e2edaeee97071037898864c60cff60e4754505c1a7dbf1f,896ad1d89d8c66b98e2edaeee97071037898864c60cff60e4754505c1a7dbf1f,raw match
Runtime/Chunks/Capabilities/LayerPlan.cs,e2353dccd85318d4dce44d59ec86dba46b064682b8825ecf4c45cf2213f48313,e2353dccd85318d4dce44d59ec86dba46b064682b8825ecf4c45cf2213f48313,e2353dccd85318d4dce44d59ec86dba46b064682b8825ecf4c45cf2213f48313,e2353dccd85318d4dce44d59ec86dba46b064682b8825ecf4c45cf2213f48313,raw match
Runtime/Chunks/Capabilities/PaletteSplash.cs,d872e87a883007a569bf049698574af508e75691beed7e0614bcdb96f8f88acd,78a5b257cd8a31d5f118145d23593dd03a3704521f53f27ebfe534a344c2c966,d872e87a883007a569bf049698574af508e75691beed7e0614bcdb96f8f88acd,d872e87a883007a569bf049698574af508e75691beed7e0614bcdb96f8f88acd,EOL-only difference
Runtime/Chunks/Capabilities/PyreBlast.cs,21c004d93c2493307ffb8b3d7985fe322afc675e468904bde71eb22a59bb285d,fc69e5f733564b2bdafdbf049d1c0326f0ef00a44e280290ce39ba4c36cdcaee,21c004d93c2493307ffb8b3d7985fe322afc675e468904bde71eb22a59bb285d,21c004d93c2493307ffb8b3d7985fe322afc675e468904bde71eb22a59bb285d,EOL-only difference
Runtime/Chunks/Capabilities/Trail.cs,fd392d0c0aa46256d8209c9899dcca6029a51d6297382fe708bd44a955c7e833,fd392d0c0aa46256d8209c9899dcca6029a51d6297382fe708bd44a955c7e833,fd392d0c0aa46256d8209c9899dcca6029a51d6297382fe708bd44a955c7e833,fd392d0c0aa46256d8209c9899dcca6029a51d6297382fe708bd44a955c7e833,raw match
Runtime/Chunks/Capabilities/Trajectory.cs,f96b88bb974a8bf985053c0469343b44315c899226ef7f983d8cfa168b7a4875,e0090ca8e59a4de4c6929e6d56612807ba92ccfcf9a67bd086d0c1b095377555,f96b88bb974a8bf985053c0469343b44315c899226ef7f983d8cfa168b7a4875,f96b88bb974a8bf985053c0469343b44315c899226ef7f983d8cfa168b7a4875,EOL-only difference
Runtime/Chunks/Chunk.cs,cae79d66d720e5555a2ff17d3f631f03d6720bb3ba6859cff7298393142ec79f,cae79d66d720e5555a2ff17d3f631f03d6720bb3ba6859cff7298393142ec79f,cae79d66d720e5555a2ff17d3f631f03d6720bb3ba6859cff7298393142ec79f,cae79d66d720e5555a2ff17d3f631f03d6720bb3ba6859cff7298393142ec79f,raw match
Runtime/Chunks/ChunkEdgeTints.cs,25063600991cee84a507ffbc8bfa9de05382e7a465a75ed4d23cefdf03f391de,25063600991cee84a507ffbc8bfa9de05382e7a465a75ed4d23cefdf03f391de,25063600991cee84a507ffbc8bfa9de05382e7a465a75ed4d23cefdf03f391de,25063600991cee84a507ffbc8bfa9de05382e7a465a75ed4d23cefdf03f391de,raw match
Runtime/Chunks/ChunkEmitter.cs,6401a1c52104eb59d5b54331532cdab8582d999696cd0dbda0c65e5d8d6ab6a9,6401a1c52104eb59d5b54331532cdab8582d999696cd0dbda0c65e5d8d6ab6a9,6401a1c52104eb59d5b54331532cdab8582d999696cd0dbda0c65e5d8d6ab6a9,6401a1c52104eb59d5b54331532cdab8582d999696cd0dbda0c65e5d8d6ab6a9,raw match
Runtime/Chunks/ChunkPool.cs,07b2771bbed4f4520c3e10dc7274ea366daac469c2067214ed6def37b3527d32,07b2771bbed4f4520c3e10dc7274ea366daac469c2067214ed6def37b3527d32,07b2771bbed4f4520c3e10dc7274ea366daac469c2067214ed6def37b3527d32,07b2771bbed4f4520c3e10dc7274ea366daac469c2067214ed6def37b3527d32,raw match
Runtime/Chunks/ChunkSpec.cs,65a94a87e08af4ca0496a27f17887e33b55c083b17f3f7a047d8dd8d7556f9c4,ea9188a569f60c14a72cc4c12cd934bf91577280f813ed7a84b4236a4e797f55,65a94a87e08af4ca0496a27f17887e33b55c083b17f3f7a047d8dd8d7556f9c4,65a94a87e08af4ca0496a27f17887e33b55c083b17f3f7a047d8dd8d7556f9c4,EOL-only difference
Runtime/Chunks/ChunkSprites.cs,4786991f47779d1fdc0b78fd4ff21670ed72d0c35d2b75fc773315e99d81c8f1,4786991f47779d1fdc0b78fd4ff21670ed72d0c35d2b75fc773315e99d81c8f1,4786991f47779d1fdc0b78fd4ff21670ed72d0c35d2b75fc773315e99d81c8f1,4786991f47779d1fdc0b78fd4ff21670ed72d0c35d2b75fc773315e99d81c8f1,raw match
Runtime/Chunks/ChunkTumble.cs,25ee925e2d6a21059effc94b13be9adeeedb109618d3c2622bebec9cb5bc8be3,25ee925e2d6a21059effc94b13be9adeeedb109618d3c2622bebec9cb5bc8be3,25ee925e2d6a21059effc94b13be9adeeedb109618d3c2622bebec9cb5bc8be3,25ee925e2d6a21059effc94b13be9adeeedb109618d3c2622bebec9cb5bc8be3,raw match
Runtime/Chunks/Chunks.asmdef,da2c6c72d773041497e09da57edf3a9b72a6946163f55c7798d44cad38065d4d,da2c6c72d773041497e09da57edf3a9b72a6946163f55c7798d44cad38065d4d,da2c6c72d773041497e09da57edf3a9b72a6946163f55c7798d44cad38065d4d,da2c6c72d773041497e09da57edf3a9b72a6946163f55c7798d44cad38065d4d,raw match
Runtime/Chunks/Follow/ChunkFollowEmitter.cs,15047e255605944062ac063d78941fa6a28a4ee17120556819bc99d1de7e67ef,15047e255605944062ac063d78941fa6a28a4ee17120556819bc99d1de7e67ef,15047e255605944062ac063d78941fa6a28a4ee17120556819bc99d1de7e67ef,15047e255605944062ac063d78941fa6a28a4ee17120556819bc99d1de7e67ef,raw match
Runtime/Chunks/Follow/ChunkTravelDirection.cs,60e4c1c5a3bedc0f87103a8da0d5e6666c94fe99283ad25651ad81085f313ec5,60e4c1c5a3bedc0f87103a8da0d5e6666c94fe99283ad25651ad81085f313ec5,60e4c1c5a3bedc0f87103a8da0d5e6666c94fe99283ad25651ad81085f313ec5,60e4c1c5a3bedc0f87103a8da0d5e6666c94fe99283ad25651ad81085f313ec5,raw match
Runtime/Chunks/Formation/SpawnFormation.cs,59aabf746014c01ebba73d9e3ec046d3391ea9502ddd068f6f65e005796dc9f8,59aabf746014c01ebba73d9e3ec046d3391ea9502ddd068f6f65e005796dc9f8,59aabf746014c01ebba73d9e3ec046d3391ea9502ddd068f6f65e005796dc9f8,59aabf746014c01ebba73d9e3ec046d3391ea9502ddd068f6f65e005796dc9f8,raw match
Runtime/Chunks/Formation/SpawnFormationRunner.cs,eb1016ba903af51f3ba284cae04aee3e14c80a7e64a7507cceb3e5f065ab795f,9eb82ed3e3eadb33f60d9fd141f3f9f19eac4f6d8f9e3ac1e5b20d4eb4678bff,eb1016ba903af51f3ba284cae04aee3e14c80a7e64a7507cceb3e5f065ab795f,eb1016ba903af51f3ba284cae04aee3e14c80a7e64a7507cceb3e5f065ab795f,EOL-only difference
Runtime/Chunks/Formation/SpawnPlacement.cs,8a9ec5889b1ed348acd27ab4245cc52d9c38d659e42a047aea2e378daf910b53,8a9ec5889b1ed348acd27ab4245cc52d9c38d659e42a047aea2e378daf910b53,8a9ec5889b1ed348acd27ab4245cc52d9c38d659e42a047aea2e378daf910b53,8a9ec5889b1ed348acd27ab4245cc52d9c38d659e42a047aea2e378daf910b53,raw match
Runtime/Chunks/IChunkAnimation.cs,33189247aca663831e4360cebe0b2cbb6189e60c90dcd3232eea66d29321e5e8,33189247aca663831e4360cebe0b2cbb6189e60c90dcd3232eea66d29321e5e8,33189247aca663831e4360cebe0b2cbb6189e60c90dcd3232eea66d29321e5e8,33189247aca663831e4360cebe0b2cbb6189e60c90dcd3232eea66d29321e5e8,raw match
Runtime/Chunks/IChunkTrailSource.cs,5bffb9289bb4a6118ebb15a9d28a87bf4021d35e91e91e33ccad9e3817ea6322,5bffb9289bb4a6118ebb15a9d28a87bf4021d35e91e91e33ccad9e3817ea6322,5bffb9289bb4a6118ebb15a9d28a87bf4021d35e91e91e33ccad9e3817ea6322,5bffb9289bb4a6118ebb15a9d28a87bf4021d35e91e91e33ccad9e3817ea6322,raw match
Runtime/Chunks/Legacy/ChunkSpecLegacy.cs,f8ce617b274471af64172d64043133d40be9d470340b685cf69616cdafd66a55,f8ce617b274471af64172d64043133d40be9d470340b685cf69616cdafd66a55,f8ce617b274471af64172d64043133d40be9d470340b685cf69616cdafd66a55,f8ce617b274471af64172d64043133d40be9d470340b685cf69616cdafd66a55,raw match
Runtime/Chunks/Modules/ChunkModuleContext.cs,b91fbd7c0c2ce40967efb862090f4917245837f7ae64d470c79d9ea2bb77b583,b91fbd7c0c2ce40967efb862090f4917245837f7ae64d470c79d9ea2bb77b583,b91fbd7c0c2ce40967efb862090f4917245837f7ae64d470c79d9ea2bb77b583,b91fbd7c0c2ce40967efb862090f4917245837f7ae64d470c79d9ea2bb77b583,raw match
Runtime/Chunks/Modules/ChunkModuleRunner.cs,5edb25485f9a0b2c02af3ca02498ebc4241b705a20dcfbd16f9297e7924074cc,8d199277f1a338f5773c2429654c5d1346470f0044c5f85232de069632494971,5edb25485f9a0b2c02af3ca02498ebc4241b705a20dcfbd16f9297e7924074cc,5edb25485f9a0b2c02af3ca02498ebc4241b705a20dcfbd16f9297e7924074cc,EOL-only difference
Runtime/Chunks/Modules/ChunkModules.cs,0ebf053e4387435f5e77e6d3b0ad84df9f17db1b8373b01c107f6819170253cc,0ebf053e4387435f5e77e6d3b0ad84df9f17db1b8373b01c107f6819170253cc,0ebf053e4387435f5e77e6d3b0ad84df9f17db1b8373b01c107f6819170253cc,0ebf053e4387435f5e77e6d3b0ad84df9f17db1b8373b01c107f6819170253cc,raw match
Runtime/Chunks/Modules/IChunkEffectSpawner.cs,e37518c4a9159858236d0a2a162ebdcd49382ec6c39aed87d859f8fb613c8bdf,e37518c4a9159858236d0a2a162ebdcd49382ec6c39aed87d859f8fb613c8bdf,e37518c4a9159858236d0a2a162ebdcd49382ec6c39aed87d859f8fb613c8bdf,e37518c4a9159858236d0a2a162ebdcd49382ec6c39aed87d859f8fb613c8bdf,raw match
Runtime/Chunks/SampledChunkSprites.cs,00c05c2a13d6d2a3667c627917663a633af29583b53db4b950fa93c74778f406,00c05c2a13d6d2a3667c627917663a633af29583b53db4b950fa93c74778f406,00c05c2a13d6d2a3667c627917663a633af29583b53db4b950fa93c74778f406,00c05c2a13d6d2a3667c627917663a633af29583b53db4b950fa93c74778f406,raw match
Runtime/Chunks/Slicer/ChunkBlobMask.cs,0eb29684dd70eaf89d52810ef2d2b93eedc4cd182d10bfd21c26249d621ebd7c,0eb29684dd70eaf89d52810ef2d2b93eedc4cd182d10bfd21c26249d621ebd7c,0eb29684dd70eaf89d52810ef2d2b93eedc4cd182d10bfd21c26249d621ebd7c,0eb29684dd70eaf89d52810ef2d2b93eedc4cd182d10bfd21c26249d621ebd7c,raw match
Runtime/Chunks/Slicer/FragmentCutter.cs,2c0a8d749d9b655cfead0a8d927be7be9eddcba90c73b84af98b2ee819be3c85,2c0a8d749d9b655cfead0a8d927be7be9eddcba90c73b84af98b2ee819be3c85,2c0a8d749d9b655cfead0a8d927be7be9eddcba90c73b84af98b2ee819be3c85,2c0a8d749d9b655cfead0a8d927be7be9eddcba90c73b84af98b2ee819be3c85,raw match
Runtime/Chunks/SpriteChunkAnimation.cs,04123e18686c2ca1de61e287d6de1a7340bf363acb6cecd86810fa0849809803,04123e18686c2ca1de61e287d6de1a7340bf363acb6cecd86810fa0849809803,04123e18686c2ca1de61e287d6de1a7340bf363acb6cecd86810fa0849809803,04123e18686c2ca1de61e287d6de1a7340bf363acb6cecd86810fa0849809803,raw match
Runtime/Chunks/Timeline/ChunkTimelineEvents.cs,c138a1a59e8e486f67fcd8b8204596d1e263f54b95388692bd26263679672e7e,c138a1a59e8e486f67fcd8b8204596d1e263f54b95388692bd26263679672e7e,c138a1a59e8e486f67fcd8b8204596d1e263f54b95388692bd26263679672e7e,c138a1a59e8e486f67fcd8b8204596d1e263f54b95388692bd26263679672e7e,raw match
Runtime/Chunks/Timeline/ChunkZoundHook.cs,a7649d50cab088c4169c1f4962b76386d985e44c313ad01eed751d21f907ae36,a7649d50cab088c4169c1f4962b76386d985e44c313ad01eed751d21f907ae36,a7649d50cab088c4169c1f4962b76386d985e44c313ad01eed751d21f907ae36,a7649d50cab088c4169c1f4962b76386d985e44c313ad01eed751d21f907ae36,raw match
Runtime/ChunksZounds/ChunkZoundPlayLink.cs,afd70df231151c815160fccde02a1f97c4002fdaac7edb219818dc97bacf5f8c,afd70df231151c815160fccde02a1f97c4002fdaac7edb219818dc97bacf5f8c,afd70df231151c815160fccde02a1f97c4002fdaac7edb219818dc97bacf5f8c,afd70df231151c815160fccde02a1f97c4002fdaac7edb219818dc97bacf5f8c,raw match
Runtime/ChunksZounds/com.Lautaro-Arino.Laubrary.Chunks.Zounds.asmdef,88c4159b83e10731e9c757fd25d50fec5ab85c85bc4effb95d5f125cb864fc7a,88c4159b83e10731e9c757fd25d50fec5ab85c85bc4effb95d5f125cb864fc7a,88c4159b83e10731e9c757fd25d50fec5ab85c85bc4effb95d5f125cb864fc7a,88c4159b83e10731e9c757fd25d50fec5ab85c85bc4effb95d5f125cb864fc7a,raw match
Runtime/Combat2D/AimIndicator.cs,878c17ed04a479c0d671c730861fc747ebf03a65495266b0f840c3ec433b965c,878c17ed04a479c0d671c730861fc747ebf03a65495266b0f840c3ec433b965c,878c17ed04a479c0d671c730861fc747ebf03a65495266b0f840c3ec433b965c,878c17ed04a479c0d671c730861fc747ebf03a65495266b0f840c3ec433b965c,raw match
Runtime/Combat2D/Combat.cs,a45d62a4089b3454437b4ec3d426cccd37fbf8ce4b7fcec10b688c6d6eb0e083,a45d62a4089b3454437b4ec3d426cccd37fbf8ce4b7fcec10b688c6d6eb0e083,a45d62a4089b3454437b4ec3d426cccd37fbf8ce4b7fcec10b688c6d6eb0e083,a45d62a4089b3454437b4ec3d426cccd37fbf8ce4b7fcec10b688c6d6eb0e083,raw match
Runtime/Combat2D/Combat2D.asmdef,c10b58260261e935f0d0b6110048815435354c2cee93cd6fe856188b738d37a2,c10b58260261e935f0d0b6110048815435354c2cee93cd6fe856188b738d37a2,c10b58260261e935f0d0b6110048815435354c2cee93cd6fe856188b738d37a2,c10b58260261e935f0d0b6110048815435354c2cee93cd6fe856188b738d37a2,raw match
Runtime/Combat2D/Combatant.cs,4ab11af664dc97c1714a5de21ccf8aaa69e061fa0c84cc9c787752b9c8d2f188,4ab11af664dc97c1714a5de21ccf8aaa69e061fa0c84cc9c787752b9c8d2f188,4ab11af664dc97c1714a5de21ccf8aaa69e061fa0c84cc9c787752b9c8d2f188,4ab11af664dc97c1714a5de21ccf8aaa69e061fa0c84cc9c787752b9c8d2f188,raw match
Runtime/Combat2D/DamageInfo.cs,c4384c2ce71b5ebe99e6751e73c8a6e1af3938f5ef52c0062512c637373888b5,631f1de254ee8f8b5804ae5c555451a2b92f374a9a8d88c1212d09d727d9a161,c4384c2ce71b5ebe99e6751e73c8a6e1af3938f5ef52c0062512c637373888b5,c4384c2ce71b5ebe99e6751e73c8a6e1af3938f5ef52c0062512c637373888b5,EOL-only difference
Runtime/Combat2D/DamageType.cs,5c9b8fc353f686ef8ac6309efac0824ee442e0b26b78f825b477a678263f7325,5c9b8fc353f686ef8ac6309efac0824ee442e0b26b78f825b477a678263f7325,5c9b8fc353f686ef8ac6309efac0824ee442e0b26b78f825b477a678263f7325,5c9b8fc353f686ef8ac6309efac0824ee442e0b26b78f825b477a678263f7325,raw match
Runtime/Combat2D/Faction.cs,bbb21366cc8e7d337d71961074532d9f982dbd986aa329162de9720408f2f844,bbb21366cc8e7d337d71961074532d9f982dbd986aa329162de9720408f2f844,bbb21366cc8e7d337d71961074532d9f982dbd986aa329162de9720408f2f844,bbb21366cc8e7d337d71961074532d9f982dbd986aa329162de9720408f2f844,raw match
Runtime/Combat2D/Health.cs,effff4b87956c976f8aea1d10c2fc85a15117c1f43f905783f0c9cb88c081176,bd4f1bcf3fdfdfe3df6b0aa7cac0b90145177e48534bb0da7869777d6d8b2e9c,effff4b87956c976f8aea1d10c2fc85a15117c1f43f905783f0c9cb88c081176,effff4b87956c976f8aea1d10c2fc85a15117c1f43f905783f0c9cb88c081176,EOL-only difference
Runtime/Combat2D/Hitbox.cs,1e6878a88f0139fe1a06381561705a2ac9861105c551b701257365c26e92e10f,1e6878a88f0139fe1a06381561705a2ac9861105c551b701257365c26e92e10f,1e6878a88f0139fe1a06381561705a2ac9861105c551b701257365c26e92e10f,1e6878a88f0139fe1a06381561705a2ac9861105c551b701257365c26e92e10f,raw match
Runtime/Combat2D/Hurtbox.cs,418ee568936343e8d6f3d3fd86852e684a7b5350e53bb284b3b6100ea879f60c,418ee568936343e8d6f3d3fd86852e684a7b5350e53bb284b3b6100ea879f60c,418ee568936343e8d6f3d3fd86852e684a7b5350e53bb284b3b6100ea879f60c,418ee568936343e8d6f3d3fd86852e684a7b5350e53bb284b3b6100ea879f60c,raw match
Runtime/Combat2D/IActiveWeaponSource.cs,2355583d73583c158e62de33fd95b2a4518ec94285dce5bf8f6ad9b480c5b066,2355583d73583c158e62de33fd95b2a4518ec94285dce5bf8f6ad9b480c5b066,2355583d73583c158e62de33fd95b2a4518ec94285dce5bf8f6ad9b480c5b066,2355583d73583c158e62de33fd95b2a4518ec94285dce5bf8f6ad9b480c5b066,raw match
Runtime/Combat2D/IDamageable.cs,dd88663b6f5f460c328335c111b1cc8b7c5710d278707302925fc0a0f0f6ddfb,dd88663b6f5f460c328335c111b1cc8b7c5710d278707302925fc0a0f0f6ddfb,dd88663b6f5f460c328335c111b1cc8b7c5710d278707302925fc0a0f0f6ddfb,dd88663b6f5f460c328335c111b1cc8b7c5710d278707302925fc0a0f0f6ddfb,raw match
Runtime/Combat2D/IProjectileMotion.cs,70a1ff74d377ecbfcd08d237d0594eb33a8c1c14e8d7b9b04837686223ad7a3c,70a1ff74d377ecbfcd08d237d0594eb33a8c1c14e8d7b9b04837686223ad7a3c,70a1ff74d377ecbfcd08d237d0594eb33a8c1c14e8d7b9b04837686223ad7a3c,70a1ff74d377ecbfcd08d237d0594eb33a8c1c14e8d7b9b04837686223ad7a3c,raw match
Runtime/Combat2D/IVectorAimSource.cs,cf3f192c26ff8383ddb3f6982da1b6a080dfa4e88e01e4d961226288cad7d6e0,231365036e395718f495029d9089899639dc434d86c74c8fadb9e0fd01fba294,cf3f192c26ff8383ddb3f6982da1b6a080dfa4e88e01e4d961226288cad7d6e0,cf3f192c26ff8383ddb3f6982da1b6a080dfa4e88e01e4d961226288cad7d6e0,EOL-only difference
Runtime/Combat2D/Projectile.cs,9275c4ff9c0c0e72c87e02ba8162064b9f90300404ab7ce2ec76b75874e9a51f,9275c4ff9c0c0e72c87e02ba8162064b9f90300404ab7ce2ec76b75874e9a51f,9275c4ff9c0c0e72c87e02ba8162064b9f90300404ab7ce2ec76b75874e9a51f,9275c4ff9c0c0e72c87e02ba8162064b9f90300404ab7ce2ec76b75874e9a51f,raw match
Runtime/Combat2D/ProjectileContainer.cs,4545f471a011086cef7a07504ea454e06e61213983273f9303652bd1f3799b80,4545f471a011086cef7a07504ea454e06e61213983273f9303652bd1f3799b80,4545f471a011086cef7a07504ea454e06e61213983273f9303652bd1f3799b80,4545f471a011086cef7a07504ea454e06e61213983273f9303652bd1f3799b80,raw match
Runtime/Combat2D/ProjectilePool.cs,c7abe617b417e40c6307810995af243289dc3aedcd1cdfca52e0be6ec2adf60c,c7abe617b417e40c6307810995af243289dc3aedcd1cdfca52e0be6ec2adf60c,c7abe617b417e40c6307810995af243289dc3aedcd1cdfca52e0be6ec2adf60c,c7abe617b417e40c6307810995af243289dc3aedcd1cdfca52e0be6ec2adf60c,raw match
Runtime/Combat2D/ProjectileWeapon.cs,c66b04af878e2632ad396385e19893a28aadef7e622590ae9a2dfc215b7fbee9,21a7ab1fcae67b7ad6b3b072d339ed78a9b9cb2f75c922dea8e26cb54d1f80ef,c66b04af878e2632ad396385e19893a28aadef7e622590ae9a2dfc215b7fbee9,c66b04af878e2632ad396385e19893a28aadef7e622590ae9a2dfc215b7fbee9,EOL-only difference
Runtime/Cookbook/Cookbook.asmdef,0ff005e6cb118c1863bea307f46a7f471a0b44f34200501f71fdde58fc3fa746,46f665f76f1a30c94657b52d59eda471605a2da8ff5a8e4c56a8d7a7e3c85457,0ff005e6cb118c1863bea307f46a7f471a0b44f34200501f71fdde58fc3fa746,0ff005e6cb118c1863bea307f46a7f471a0b44f34200501f71fdde58fc3fa746,EOL-only difference
Runtime/Cookbook/Cookbook.cs,303b3e4b98e19e44c19674b6a4fd93256423401c8ed2fa505933309053a121a3,5fc744e94462c69c49ed49e0b84993c693b5e746ac8333157dc981045bca8fe8,303b3e4b98e19e44c19674b6a4fd93256423401c8ed2fa505933309053a121a3,303b3e4b98e19e44c19674b6a4fd93256423401c8ed2fa505933309053a121a3,EOL-only difference
Runtime/Cookbook/Cookbook2D.cs,7cee1845d5f2378dfaf79f2a5779b925174e7e2e1590476e62fdb087256b7fb3,4b1b9d310a1fe10c54b7e1e61b8e0bcf87bacf8212df11aad3836ba65842c9ee,7cee1845d5f2378dfaf79f2a5779b925174e7e2e1590476e62fdb087256b7fb3,7cee1845d5f2378dfaf79f2a5779b925174e7e2e1590476e62fdb087256b7fb3,EOL-only difference
Runtime/Cookbook/MonoSingleton.cs,2317b9d5c0b60b5c448be1b602c9c859a7d329feb83274d566f1ee77905423ad,f87b2ca10b8d47a3b46176d4580859a8680309685af0f65e7933962036dccb3e,2317b9d5c0b60b5c448be1b602c9c859a7d329feb83274d566f1ee77905423ad,2317b9d5c0b60b5c448be1b602c9c859a7d329feb83274d566f1ee77905423ad,EOL-only difference
Runtime/Cookbook/PersistentSingleton.cs,29ca0a2819981ccc36dcf98d59903d13b2d9cdcf175e618979d933fda0ae6139,ed73addfecd7798ebae0484ac54453cd47a04df6ed008322a21f8589290e7a89,29ca0a2819981ccc36dcf98d59903d13b2d9cdcf175e618979d933fda0ae6139,29ca0a2819981ccc36dcf98d59903d13b2d9cdcf175e618979d933fda0ae6139,EOL-only difference
Runtime/Daemon/Agent.cs,a7348f5471f0adbe8949dfedc151e6655cb40ec1d6f62a262e4535b0591e198c,f40a70b0803420f8c5b4168cc4a42eaa7b322ee51b7034c23c2bb2438cfb0240,a7348f5471f0adbe8949dfedc151e6655cb40ec1d6f62a262e4535b0591e198c,a7348f5471f0adbe8949dfedc151e6655cb40ec1d6f62a262e4535b0591e198c,EOL-only difference
Runtime/Daemon/Behaviour.cs,3b8a37992b22108d3265a63dde91517973fda5301434b7e90fd86bd22cbd6f46,15225b8a4fb2a7ff48d4e71a541e9fcf195378fa861094dfed1e8f63472faf5a,3b8a37992b22108d3265a63dde91517973fda5301434b7e90fd86bd22cbd6f46,3b8a37992b22108d3265a63dde91517973fda5301434b7e90fd86bd22cbd6f46,EOL-only difference
Runtime/Daemon/Brain.cs,b3b5ee108413868e6557ebd8fd3b68191da596e2bb69c964df8b2e1182e5213a,2fccd9325aa69c315d26ead911ae20674b77c419c454c68260b10adb46228574,b3b5ee108413868e6557ebd8fd3b68191da596e2bb69c964df8b2e1182e5213a,b3b5ee108413868e6557ebd8fd3b68191da596e2bb69c964df8b2e1182e5213a,EOL-only difference
Runtime/Daemon/Daemon.asmdef,83c7146eba657b408187657d404028736676a8c0109cf3dace93349ed66dc8f3,f4b945c1d327034c66e6782986784b26137b7658d6e951adea02e089e1038c56,83c7146eba657b408187657d404028736676a8c0109cf3dace93349ed66dc8f3,83c7146eba657b408187657d404028736676a8c0109cf3dace93349ed66dc8f3,EOL-only difference
Runtime/Daemon/DaemonRunner.cs,cf9b8e4128da7be72ad76559d02bb3d4c64fc3d7fc92386da4e70b469ba7f39b,f911342855bb8f1eee906b0b0ccd3f18606ceb21520c0dfce5c1faa0cfec15e0,cf9b8e4128da7be72ad76559d02bb3d4c64fc3d7fc92386da4e70b469ba7f39b,cf9b8e4128da7be72ad76559d02bb3d4c64fc3d7fc92386da4e70b469ba7f39b,EOL-only difference
Runtime/Dashboard/Dashboard.asmdef,d4465d320f296357daacbf682506c0d54b50a01bc69e2837e04089181def8ab0,75091afc7be6d3a1ea43ecdb55e05c45da715bda969a097692d9b9d1546693f5,d4465d320f296357daacbf682506c0d54b50a01bc69e2837e04089181def8ab0,d4465d320f296357daacbf682506c0d54b50a01bc69e2837e04089181def8ab0,EOL-only difference
Runtime/Dashboard/Dashboard.cs,41003a226bfc55ae129fcdc89a935c72580b3c9f27625128cd03961270a23624,5e0b23743df3eb9a4cb653ccecc2a2ef289ceaf101c1673e6de93ab748fbc751,41003a226bfc55ae129fcdc89a935c72580b3c9f27625128cd03961270a23624,41003a226bfc55ae129fcdc89a935c72580b3c9f27625128cd03961270a23624,EOL-only difference
Runtime/Dashboard/DashboardAttribute.cs,7dc2ca4bba0120032c7226812a68bb65eb6b6aabb95a61b3692861bf7dd7984e,0fa0fb9946ac144121cc1c622ab1400fef3d13866ff424502e1b0e065e8ee2fd,7dc2ca4bba0120032c7226812a68bb65eb6b6aabb95a61b3692861bf7dd7984e,7dc2ca4bba0120032c7226812a68bb65eb6b6aabb95a61b3692861bf7dd7984e,EOL-only difference
Runtime/Dashboard/DashboardColor.cs,09d4f1190416e207f71549861dcf3c3425e26f0c1e3d7b0f34ce89741c162c7e,8caae702f700f7c996ea03f4040c7185560197ce366cca30f75bf22dbd0b5534,09d4f1190416e207f71549861dcf3c3425e26f0c1e3d7b0f34ce89741c162c7e,09d4f1190416e207f71549861dcf3c3425e26f0c1e3d7b0f34ce89741c162c7e,EOL-only difference
Runtime/Dashboard/DashboardLogEntry.cs,c4887a7ebd960a7f02f6dcb01438b1a000287df5ba2212dffc225b1a07fd4207,639dec8074ae76517cb0264be7a43a06276caa65290589304cc4536846b6b2c5,c4887a7ebd960a7f02f6dcb01438b1a000287df5ba2212dffc225b1a07fd4207,c4887a7ebd960a7f02f6dcb01438b1a000287df5ba2212dffc225b1a07fd4207,EOL-only difference
Runtime/DotGen/DotDrawers.cs,bff18801a9a814f955e3492473c41bfa7fc37e81486136957bf2483c6870106d,bff18801a9a814f955e3492473c41bfa7fc37e81486136957bf2483c6870106d,bff18801a9a814f955e3492473c41bfa7fc37e81486136957bf2483c6870106d,bff18801a9a814f955e3492473c41bfa7fc37e81486136957bf2483c6870106d,raw match
Runtime/DotGen/DotGen.cs,0249e3de18f63693178472dffe7ec5da96016ab822823dbf7b2475cf7345c30e,0249e3de18f63693178472dffe7ec5da96016ab822823dbf7b2475cf7345c30e,0249e3de18f63693178472dffe7ec5da96016ab822823dbf7b2475cf7345c30e,0249e3de18f63693178472dffe7ec5da96016ab822823dbf7b2475cf7345c30e,raw match
Runtime/DotGen/DotGenEvaluator.cs,84343545c72cd266b18bf7e1e94c15851d67e3124214ff44e9f729ce7d9fc6b0,84343545c72cd266b18bf7e1e94c15851d67e3124214ff44e9f729ce7d9fc6b0,84343545c72cd266b18bf7e1e94c15851d67e3124214ff44e9f729ce7d9fc6b0,84343545c72cd266b18bf7e1e94c15851d67e3124214ff44e9f729ce7d9fc6b0,raw match
Runtime/DotGen/DotGenMath.cs,dd81ade709a5592f41c899e4300d226b4e1c75b58380a087f58befe2f37d5919,dd81ade709a5592f41c899e4300d226b4e1c75b58380a087f58befe2f37d5919,dd81ade709a5592f41c899e4300d226b4e1c75b58380a087f58befe2f37d5919,dd81ade709a5592f41c899e4300d226b4e1c75b58380a087f58befe2f37d5919,raw match
Runtime/DotGen/DotGenRenderer.cs,1524a4ddbf5c1abb1c7317923064ab4577de52fc083c10aba6ba4ba6a85500a9,1524a4ddbf5c1abb1c7317923064ab4577de52fc083c10aba6ba4ba6a85500a9,1524a4ddbf5c1abb1c7317923064ab4577de52fc083c10aba6ba4ba6a85500a9,1524a4ddbf5c1abb1c7317923064ab4577de52fc083c10aba6ba4ba6a85500a9,raw match
Runtime/DotGen/DotGenResult.cs,89f158a549010911563be14015dfac7b36e24d9c73f7c6137e1531504ff3f161,89f158a549010911563be14015dfac7b36e24d9c73f7c6137e1531504ff3f161,89f158a549010911563be14015dfac7b36e24d9c73f7c6137e1531504ff3f161,89f158a549010911563be14015dfac7b36e24d9c73f7c6137e1531504ff3f161,raw match
Runtime/DotGen/DotGenTree.cs,1f860e56998e8e66db1f2026561d16d51e50a171a80da10194daa4b6ed3737cd,1f860e56998e8e66db1f2026561d16d51e50a171a80da10194daa4b6ed3737cd,1f860e56998e8e66db1f2026561d16d51e50a171a80da10194daa4b6ed3737cd,1f860e56998e8e66db1f2026561d16d51e50a171a80da10194daa4b6ed3737cd,raw match
Runtime/DotGen/DotGenerator.cs,defc0a47cfd9a914fd030ecf3997784aee93eea32cd7ab60a3be5ec690619452,defc0a47cfd9a914fd030ecf3997784aee93eea32cd7ab60a3be5ec690619452,defc0a47cfd9a914fd030ecf3997784aee93eea32cd7ab60a3be5ec690619452,defc0a47cfd9a914fd030ecf3997784aee93eea32cd7ab60a3be5ec690619452,raw match
Runtime/DotGen/DotModule.cs,f12a5b6bdaceca4bcbe8918cacc202d9f4b0297cd54641840d42ec5ed949c056,f12a5b6bdaceca4bcbe8918cacc202d9f4b0297cd54641840d42ec5ed949c056,f12a5b6bdaceca4bcbe8918cacc202d9f4b0297cd54641840d42ec5ed949c056,f12a5b6bdaceca4bcbe8918cacc202d9f4b0297cd54641840d42ec5ed949c056,raw match
Runtime/DotGen/DotMutators.cs,8f9b2519a60e090a00da9f7e1ad55f22f0b66614bf75bb90c92e938edb24ecbd,8f9b2519a60e090a00da9f7e1ad55f22f0b66614bf75bb90c92e938edb24ecbd,8f9b2519a60e090a00da9f7e1ad55f22f0b66614bf75bb90c92e938edb24ecbd,8f9b2519a60e090a00da9f7e1ad55f22f0b66614bf75bb90c92e938edb24ecbd,raw match
Runtime/DotGen/DotPlacements.cs,145460b7ee22cc984961c38afd2ffa8eee8490392a517abfea54d7ec0f169ba9,145460b7ee22cc984961c38afd2ffa8eee8490392a517abfea54d7ec0f169ba9,145460b7ee22cc984961c38afd2ffa8eee8490392a517abfea54d7ec0f169ba9,145460b7ee22cc984961c38afd2ffa8eee8490392a517abfea54d7ec0f169ba9,raw match
Runtime/DotGen/DotSelectors.cs,0f0fce7f29ff0c8dae0ae7712989a0ba1fcf00cff0d400edb239556d7a60c073,0f0fce7f29ff0c8dae0ae7712989a0ba1fcf00cff0d400edb239556d7a60c073,0f0fce7f29ff0c8dae0ae7712989a0ba1fcf00cff0d400edb239556d7a60c073,0f0fce7f29ff0c8dae0ae7712989a0ba1fcf00cff0d400edb239556d7a60c073,raw match
Runtime/DotGen/com.Lautaro-Arino.Laubrary.DotGen.asmdef,0a708e251fed53214a154588c4cfd17a8ace0d7d0061fe239c8de401ca85c261,0a708e251fed53214a154588c4cfd17a8ace0d7d0061fe239c8de401ca85c261,0a708e251fed53214a154588c4cfd17a8ace0d7d0061fe239c8de401ca85c261,0a708e251fed53214a154588c4cfd17a8ace0d7d0061fe239c8de401ca85c261,raw match
Runtime/InputGuide/ControlCatalog.cs,071833812ab9a2bfbc5538e4b7f96f26996ca42273f1e211b29e149633b9285a,071833812ab9a2bfbc5538e4b7f96f26996ca42273f1e211b29e149633b9285a,071833812ab9a2bfbc5538e4b7f96f26996ca42273f1e211b29e149633b9285a,071833812ab9a2bfbc5538e4b7f96f26996ca42273f1e211b29e149633b9285a,raw match
Runtime/InputGuide/InputGuideOverlay.cs,05a5c9e44cf233d55ed3b5903ffb5b147082c8159bc994dbcfaf77b3efdbfd48,05a5c9e44cf233d55ed3b5903ffb5b147082c8159bc994dbcfaf77b3efdbfd48,05a5c9e44cf233d55ed3b5903ffb5b147082c8159bc994dbcfaf77b3efdbfd48,05a5c9e44cf233d55ed3b5903ffb5b147082c8159bc994dbcfaf77b3efdbfd48,raw match
Runtime/InputGuide/InputGuideRuntime.cs,608c6c9ce3704dd300965e068865660b8e1e82c198b0c9c817e9e0bdc64b4cc8,608c6c9ce3704dd300965e068865660b8e1e82c198b0c9c817e9e0bdc64b4cc8,608c6c9ce3704dd300965e068865660b8e1e82c198b0c9c817e9e0bdc64b4cc8,608c6c9ce3704dd300965e068865660b8e1e82c198b0c9c817e9e0bdc64b4cc8,raw match
Runtime/InputGuide/InputLegendModel.cs,8e42ad75f67f7b50ac6972e5e707cd944feda376b11eb68dc45e5c463dc03c26,8e42ad75f67f7b50ac6972e5e707cd944feda376b11eb68dc45e5c463dc03c26,8e42ad75f67f7b50ac6972e5e707cd944feda376b11eb68dc45e5c463dc03c26,8e42ad75f67f7b50ac6972e5e707cd944feda376b11eb68dc45e5c463dc03c26,raw match
Runtime/InputGuide/com.Lautaro-Arino.Laubrary.InputGuide.asmdef,d4c5ef43d253a6f7a962ee59ec5ff380356cc917252d68dced28c6c51b7b6a48,d4c5ef43d253a6f7a962ee59ec5ff380356cc917252d68dced28c6c51b7b6a48,d4c5ef43d253a6f7a962ee59ec5ff380356cc917252d68dced28c6c51b7b6a48,d4c5ef43d253a6f7a962ee59ec5ff380356cc917252d68dced28c6c51b7b6a48,raw match
Runtime/Larder/Larder.asmdef,78e6d83c7dc924591ed4ef95c755b0eac8d3bb6af1d2d9d0d0199ed8be112fae,52a7498f24cf4e223f1afcd64b8180b42fb924fb83e897141fbe90e7e06d8fbb,78e6d83c7dc924591ed4ef95c755b0eac8d3bb6af1d2d9d0d0199ed8be112fae,78e6d83c7dc924591ed4ef95c755b0eac8d3bb6af1d2d9d0d0199ed8be112fae,EOL-only difference
Runtime/Larder/ShelfWare.cs,b613bb33c3352e364887b5d8a2fc78844b8ca81aab90e89e54c2c4d7f5064570,6a1ab0974aa3fb7a71246a3a49bda24eb63073cc9cb676d4b9c6c2af0907ea6c,b613bb33c3352e364887b5d8a2fc78844b8ca81aab90e89e54c2c4d7f5064570,b613bb33c3352e364887b5d8a2fc78844b8ca81aab90e89e54c2c4d7f5064570,EOL-only difference
Runtime/Larder/WareDebris.cs,afa3e287d90db2873d0a0d3bdbc5d927563f66b75da97f725eab181e7e100740,0ba6d3ae9b4ee8798d2b0c4d3612397c95ac92d8cdf3ecec88f922a1e605e5c2,afa3e287d90db2873d0a0d3bdbc5d927563f66b75da97f725eab181e7e100740,afa3e287d90db2873d0a0d3bdbc5d927563f66b75da97f725eab181e7e100740,EOL-only difference
Runtime/Larder/WareEnums.cs,4dedeed3a86243884e135a877d7dffa3355cddc5222f386dbff65ff20983081c,d6888dd31da14569b5629c6a095f687bb22192964eed6760b601419e24fe5c7d,4dedeed3a86243884e135a877d7dffa3355cddc5222f386dbff65ff20983081c,4dedeed3a86243884e135a877d7dffa3355cddc5222f386dbff65ff20983081c,EOL-only difference
Runtime/Larder/WareGenerator.cs,257f72999e3c3d001877e594a8954cbf08332ea217f0782ee9285b2d94e432ea,49c3d866bbaacc7099dc7b98ceef590a025b4dd58c44e450b0a705844f398bac,257f72999e3c3d001877e594a8954cbf08332ea217f0782ee9285b2d94e432ea,257f72999e3c3d001877e594a8954cbf08332ea217f0782ee9285b2d94e432ea,EOL-only difference
Runtime/Larder/WarePalette.cs,8cf7833e30dd3e84eac7db4f5630d6896ebc902b58d927b0b39f20b6eda89a71,f62015d13c1a1df2e0a305cfe8d40df3101514684e08577d596c8742cc1ccdc6,8cf7833e30dd3e84eac7db4f5630d6896ebc902b58d927b0b39f20b6eda89a71,8cf7833e30dd3e84eac7db4f5630d6896ebc902b58d927b0b39f20b6eda89a71,EOL-only difference
Runtime/Larder/WareShake.cs,4ceb3caff18e074aa3d12ef4976ea9f6e8e9bb810e4911f041b91ae53e2748b7,6a3f327294a77a030375a67f1f0751d295b7c4701643b6c56a90fdd006e25294,4ceb3caff18e074aa3d12ef4976ea9f6e8e9bb810e4911f041b91ae53e2748b7,4ceb3caff18e074aa3d12ef4976ea9f6e8e9bb810e4911f041b91ae53e2748b7,EOL-only difference
Runtime/Larder/WareSpec.cs,4e4c98eb2350cb088f5b82920bffee9f2a3d33ac9f976dca896dabbcd0e35ed2,a5ec42c2fd9283b2d1932ff51f917885fbcb850519beece1c71e75f0bd3812af,4e4c98eb2350cb088f5b82920bffee9f2a3d33ac9f976dca896dabbcd0e35ed2,4e4c98eb2350cb088f5b82920bffee9f2a3d33ac9f976dca896dabbcd0e35ed2,EOL-only difference
Runtime/Lathe/Lathe.asmdef,5bc17bae5b763ab7ec58bef8d82d703ce9059617d713efd9ac228bc81f8a905c,5bc17bae5b763ab7ec58bef8d82d703ce9059617d713efd9ac228bc81f8a905c,5bc17bae5b763ab7ec58bef8d82d703ce9059617d713efd9ac228bc81f8a905c,5bc17bae5b763ab7ec58bef8d82d703ce9059617d713efd9ac228bc81f8a905c,raw match
Runtime/Lathe/LatheMeshBuilders.cs,be4dd4e22059387251a0003d189f1f3a7c8c17ec1a67288945c106e3b0c400ee,be4dd4e22059387251a0003d189f1f3a7c8c17ec1a67288945c106e3b0c400ee,be4dd4e22059387251a0003d189f1f3a7c8c17ec1a67288945c106e3b0c400ee,be4dd4e22059387251a0003d189f1f3a7c8c17ec1a67288945c106e3b0c400ee,raw match
Runtime/Lathe/LatheMeshData.cs,1605a7ef825effd1cabe801e611ce19e8ee107e9f7eb8e773715c0c920fb76aa,1605a7ef825effd1cabe801e611ce19e8ee107e9f7eb8e773715c0c920fb76aa,1605a7ef825effd1cabe801e611ce19e8ee107e9f7eb8e773715c0c920fb76aa,1605a7ef825effd1cabe801e611ce19e8ee107e9f7eb8e773715c0c920fb76aa,raw match
Runtime/Lathe/LatheMeshModifier.cs,4bca3dd903d05189c9c8a6df720352b36c6b0d6a702b2b4eedd3027c91ac02ee,d78b4a2ee7eecae10ce93de47fa18363e17499453f12f71890d1a3193c5e43c3,4bca3dd903d05189c9c8a6df720352b36c6b0d6a702b2b4eedd3027c91ac02ee,4bca3dd903d05189c9c8a6df720352b36c6b0d6a702b2b4eedd3027c91ac02ee,EOL-only difference
Runtime/Lathe/LatheModule.cs,cd26abbbf64e99d2171d7b48a0bfc579518972f9c17128d4f1f5c3b9a9aeaddc,3693b4003b5d79ccecca0fe144ba33b295a348b278470288d13df4bc41215509,cd26abbbf64e99d2171d7b48a0bfc579518972f9c17128d4f1f5c3b9a9aeaddc,cd26abbbf64e99d2171d7b48a0bfc579518972f9c17128d4f1f5c3b9a9aeaddc,EOL-only difference
Runtime/Lathe/LatheSolid.cs,4bdf80d97d5c009b9bdc2ede3f9df1c14344cc42e9b24f62d5bf7380bc25527a,61fd592df457677a5539def75af21af0250ec4abb64f3ef8acdcec187eb28cf2,4bdf80d97d5c009b9bdc2ede3f9df1c14344cc42e9b24f62d5bf7380bc25527a,4bdf80d97d5c009b9bdc2ede3f9df1c14344cc42e9b24f62d5bf7380bc25527a,EOL-only difference
Runtime/Lathe/LatheSpec.cs,a3388cd301fb092a6c16683d631162f9fde29d20f3b02d65ee543703b63e1266,78f2bec0281ee7aafe0e28ba6100731485678e62cf25204240b080b02d80c630,a3388cd301fb092a6c16683d631162f9fde29d20f3b02d65ee543703b63e1266,a3388cd301fb092a6c16683d631162f9fde29d20f3b02d65ee543703b63e1266,EOL-only difference
Runtime/Lathe/LatheSurfaceFill.cs,982edb97ed742744d7e0b3fc3e8440fcce16563b7c872479e885b73cfbec5c12,982edb97ed742744d7e0b3fc3e8440fcce16563b7c872479e885b73cfbec5c12,982edb97ed742744d7e0b3fc3e8440fcce16563b7c872479e885b73cfbec5c12,982edb97ed742744d7e0b3fc3e8440fcce16563b7c872479e885b73cfbec5c12,raw match
Runtime/Lathe/LatheTextureLayerBaker.cs,d2458fd8926b22069654efbcdd174ebc58dbb5f92d71f776b069441f236dd1f6,d2458fd8926b22069654efbcdd174ebc58dbb5f92d71f776b069441f236dd1f6,d2458fd8926b22069654efbcdd174ebc58dbb5f92d71f776b069441f236dd1f6,d2458fd8926b22069654efbcdd174ebc58dbb5f92d71f776b069441f236dd1f6,raw match
Runtime/Lathe/Modifiers/MirrorMeshModifier.cs,f12f0f7e6d5ee0f04b6f6fb3e506418a0fb6e5fd31606fc2ea48f7dfb8db5973,f12f0f7e6d5ee0f04b6f6fb3e506418a0fb6e5fd31606fc2ea48f7dfb8db5973,f12f0f7e6d5ee0f04b6f6fb3e506418a0fb6e5fd31606fc2ea48f7dfb8db5973,f12f0f7e6d5ee0f04b6f6fb3e506418a0fb6e5fd31606fc2ea48f7dfb8db5973,raw match
Runtime/Lathe/Modifiers/NoiseMeshModifier.cs,eb40f14acb082c455d0e8f40377db4bad55a2b833cf990d23619da1eac2b28ab,eb40f14acb082c455d0e8f40377db4bad55a2b833cf990d23619da1eac2b28ab,eb40f14acb082c455d0e8f40377db4bad55a2b833cf990d23619da1eac2b28ab,eb40f14acb082c455d0e8f40377db4bad55a2b833cf990d23619da1eac2b28ab,raw match
Runtime/Lathe/Modifiers/RadialArrayMeshModifier.cs,f2fc511b8628180cacaf20fff10fda0180a138ffc1847fb6af75a46a0e23008b,f2fc511b8628180cacaf20fff10fda0180a138ffc1847fb6af75a46a0e23008b,f2fc511b8628180cacaf20fff10fda0180a138ffc1847fb6af75a46a0e23008b,f2fc511b8628180cacaf20fff10fda0180a138ffc1847fb6af75a46a0e23008b,raw match
Runtime/Lathe/Modifiers/SurfaceReliefMeshModifier.cs,04ac152a291dd2027a840444ed4ce0f02af4c1840cb6a2d1315c84ba566d3d71,04ac152a291dd2027a840444ed4ce0f02af4c1840cb6a2d1315c84ba566d3d71,04ac152a291dd2027a840444ed4ce0f02af4c1840cb6a2d1315c84ba566d3d71,04ac152a291dd2027a840444ed4ce0f02af4c1840cb6a2d1315c84ba566d3d71,raw match
Runtime/Lathe/Modifiers/SurfaceStampMeshModifier.cs,3a6d4d74a1956018db2248dfca6875166cf375f141e8b22efa0b5e361c9b3e06,3a6d4d74a1956018db2248dfca6875166cf375f141e8b22efa0b5e361c9b3e06,3a6d4d74a1956018db2248dfca6875166cf375f141e8b22efa0b5e361c9b3e06,3a6d4d74a1956018db2248dfca6875166cf375f141e8b22efa0b5e361c9b3e06,raw match
Runtime/Lathe/Modifiers/SurfaceWaveMeshModifier.cs,a6fc209668c508516c06115d4e86830efffb46e4508b4dd09c73ff702caee87f,a6fc209668c508516c06115d4e86830efffb46e4508b4dd09c73ff702caee87f,a6fc209668c508516c06115d4e86830efffb46e4508b4dd09c73ff702caee87f,a6fc209668c508516c06115d4e86830efffb46e4508b4dd09c73ff702caee87f,raw match
Runtime/Lathe/Modifiers/TaperMeshModifier.cs,e12b3133fb4d7d5a030fce5e4b2dc367c0fcad9dd697347a804701bc67b9c323,e12b3133fb4d7d5a030fce5e4b2dc367c0fcad9dd697347a804701bc67b9c323,e12b3133fb4d7d5a030fce5e4b2dc367c0fcad9dd697347a804701bc67b9c323,e12b3133fb4d7d5a030fce5e4b2dc367c0fcad9dd697347a804701bc67b9c323,raw match
Runtime/Lathe/Modifiers/TextureReliefMeshModifier.cs,d01accae6af4b3fd238a4eb379121c658f8ad7eef68c42c851b2cf31c07ea23f,d01accae6af4b3fd238a4eb379121c658f8ad7eef68c42c851b2cf31c07ea23f,d01accae6af4b3fd238a4eb379121c658f8ad7eef68c42c851b2cf31c07ea23f,d01accae6af4b3fd238a4eb379121c658f8ad7eef68c42c851b2cf31c07ea23f,raw match
Runtime/Lathe/Modifiers/TwistMeshModifier.cs,80bc7e86af46dd25d861d4035ecb5db89714505fa57c5f179772ee119bf51acc,80bc7e86af46dd25d861d4035ecb5db89714505fa57c5f179772ee119bf51acc,80bc7e86af46dd25d861d4035ecb5db89714505fa57c5f179772ee119bf51acc,80bc7e86af46dd25d861d4035ecb5db89714505fa57c5f179772ee119bf51acc,raw match
Runtime/Lathe/Modules/ExtrudeModule.cs,eef35ef4fb627ff834d9b2dc05bef4c0f4e65c8992a2abee0e3b5e0e335345f3,eef35ef4fb627ff834d9b2dc05bef4c0f4e65c8992a2abee0e3b5e0e335345f3,eef35ef4fb627ff834d9b2dc05bef4c0f4e65c8992a2abee0e3b5e0e335345f3,eef35ef4fb627ff834d9b2dc05bef4c0f4e65c8992a2abee0e3b5e0e335345f3,raw match
Runtime/Lathe/Modules/MoldedShapeModule.cs,5eafc0a8e1c10e347c9d1ca7c220e1fcd993d0451541c4f69c383ab10a489981,5eafc0a8e1c10e347c9d1ca7c220e1fcd993d0451541c4f69c383ab10a489981,5eafc0a8e1c10e347c9d1ca7c220e1fcd993d0451541c4f69c383ab10a489981,5eafc0a8e1c10e347c9d1ca7c220e1fcd993d0451541c4f69c383ab10a489981,raw match
Runtime/Lathe/Modules/PrimitiveSolidModule.cs,a5c68e53667440098e4e1ac535bf468259eec7c5b2900cdd5cad02395abc3d4c,a5c68e53667440098e4e1ac535bf468259eec7c5b2900cdd5cad02395abc3d4c,a5c68e53667440098e4e1ac535bf468259eec7c5b2900cdd5cad02395abc3d4c,a5c68e53667440098e4e1ac535bf468259eec7c5b2900cdd5cad02395abc3d4c,raw match
Runtime/Lathe/Modules/ProfileSweepModule.cs,b4426582ab6855c19438a7e73f1cec8d72a7b76cce0c4dd02b914864fb71d117,b4426582ab6855c19438a7e73f1cec8d72a7b76cce0c4dd02b914864fb71d117,b4426582ab6855c19438a7e73f1cec8d72a7b76cce0c4dd02b914864fb71d117,b4426582ab6855c19438a7e73f1cec8d72a7b76cce0c4dd02b914864fb71d117,raw match
Runtime/Lathe/Modules/SkeletonSweepModule.cs,98ff0c7ea620445b454ed01c51936202f47ba60a05d1ca73f1d44df1e6b6aa68,98ff0c7ea620445b454ed01c51936202f47ba60a05d1ca73f1d44df1e6b6aa68,98ff0c7ea620445b454ed01c51936202f47ba60a05d1ca73f1d44df1e6b6aa68,98ff0c7ea620445b454ed01c51936202f47ba60a05d1ca73f1d44df1e6b6aa68,raw match
Runtime/Lathe/Mold/LatheMoldAsset.cs,3089bf6657a7a433f0a5fa2ed621977173c6b9a70d6a98b60de192341303de09,3089bf6657a7a433f0a5fa2ed621977173c6b9a70d6a98b60de192341303de09,3089bf6657a7a433f0a5fa2ed621977173c6b9a70d6a98b60de192341303de09,3089bf6657a7a433f0a5fa2ed621977173c6b9a70d6a98b60de192341303de09,raw match
Runtime/Lathe/Mold/LatheMoldCage.cs,8cab137f94184b47b7df1f260e4f9ebf25c4e83557e083df78c39debb78ff953,8cab137f94184b47b7df1f260e4f9ebf25c4e83557e083df78c39debb78ff953,8cab137f94184b47b7df1f260e4f9ebf25c4e83557e083df78c39debb78ff953,8cab137f94184b47b7df1f260e4f9ebf25c4e83557e083df78c39debb78ff953,raw match
Runtime/Lathe/Mold/LatheMoldNode.cs,6bb70bd68e15aed1f45ea406350a3c61237f2e32ac427840c9d4bfd9c409032d,6bb70bd68e15aed1f45ea406350a3c61237f2e32ac427840c9d4bfd9c409032d,6bb70bd68e15aed1f45ea406350a3c61237f2e32ac427840c9d4bfd9c409032d,6bb70bd68e15aed1f45ea406350a3c61237f2e32ac427840c9d4bfd9c409032d,raw match
Runtime/Lathe/Mold/LatheSdf.cs,6aec4f4019d0cb0609d3659c7e52b599db49c693c4f85e6bfab87150be134ec7,6aec4f4019d0cb0609d3659c7e52b599db49c693c4f85e6bfab87150be134ec7,6aec4f4019d0cb0609d3659c7e52b599db49c693c4f85e6bfab87150be134ec7,6aec4f4019d0cb0609d3659c7e52b599db49c693c4f85e6bfab87150be134ec7,raw match
Runtime/Lathe/Mold/LatheVoxelMesher.cs,f7ca26f2094137f1b5fdb2cb8c05568eb707a245273c04e914be8dd16c154c44,f7ca26f2094137f1b5fdb2cb8c05568eb707a245273c04e914be8dd16c154c44,f7ca26f2094137f1b5fdb2cb8c05568eb707a245273c04e914be8dd16c154c44,f7ca26f2094137f1b5fdb2cb8c05568eb707a245273c04e914be8dd16c154c44,raw match
Runtime/Lattice/Lattice.asmdef,ee4e397461e59f0598d2a138ff8c8f6cbb00ce5cca9145235b4441c302311b5a,ee4e397461e59f0598d2a138ff8c8f6cbb00ce5cca9145235b4441c302311b5a,ee4e397461e59f0598d2a138ff8c8f6cbb00ce5cca9145235b4441c302311b5a,ee4e397461e59f0598d2a138ff8c8f6cbb00ce5cca9145235b4441c302311b5a,raw match
Runtime/Lattice/LatticeEdge.cs,cbe6c3e418f22e66a77104a41c5c806d032613d3aabd85ceed56a9611b600843,cbe6c3e418f22e66a77104a41c5c806d032613d3aabd85ceed56a9611b600843,cbe6c3e418f22e66a77104a41c5c806d032613d3aabd85ceed56a9611b600843,cbe6c3e418f22e66a77104a41c5c806d032613d3aabd85ceed56a9611b600843,raw match
Runtime/Lattice/LatticeGen.cs,b0d09e46d28e8af57b9eb2becae9d672935bd68f258e3e491c7652f65f406108,b0d09e46d28e8af57b9eb2becae9d672935bd68f258e3e491c7652f65f406108,b0d09e46d28e8af57b9eb2becae9d672935bd68f258e3e491c7652f65f406108,b0d09e46d28e8af57b9eb2becae9d672935bd68f258e3e491c7652f65f406108,raw match
Runtime/Lattice/LatticeGraph.cs,cf5ab4f2832acd3d0c95d07684d6ffb71e0c7dfc9f90eeac98137d4ffca26b25,cf5ab4f2832acd3d0c95d07684d6ffb71e0c7dfc9f90eeac98137d4ffca26b25,cf5ab4f2832acd3d0c95d07684d6ffb71e0c7dfc9f90eeac98137d4ffca26b25,cf5ab4f2832acd3d0c95d07684d6ffb71e0c7dfc9f90eeac98137d4ffca26b25,raw match
Runtime/Lattice/LatticeSweep.cs,566e24e35352f313b874818a5bd41494f532afaa46efdd3c0750c5729945661f,566e24e35352f313b874818a5bd41494f532afaa46efdd3c0750c5729945661f,566e24e35352f313b874818a5bd41494f532afaa46efdd3c0750c5729945661f,566e24e35352f313b874818a5bd41494f532afaa46efdd3c0750c5729945661f,raw match
Runtime/Lattice/LatticeWalker.cs,e1847071ed64b3cb58e423d3c9d9c6554a82139f74b42fd1d8b0818d007c5914,e1847071ed64b3cb58e423d3c9d9c6554a82139f74b42fd1d8b0818d007c5914,e1847071ed64b3cb58e423d3c9d9c6554a82139f74b42fd1d8b0818d007c5914,e1847071ed64b3cb58e423d3c9d9c6554a82139f74b42fd1d8b0818d007c5914,raw match
Runtime/LatticeLines/LatticeLineView.cs,1ddf17be02df37675dd58e87bbc7fbb8c138d8326ef92b6446511c33824e38cf,1ddf17be02df37675dd58e87bbc7fbb8c138d8326ef92b6446511c33824e38cf,1ddf17be02df37675dd58e87bbc7fbb8c138d8326ef92b6446511c33824e38cf,1ddf17be02df37675dd58e87bbc7fbb8c138d8326ef92b6446511c33824e38cf,raw match
Runtime/LatticeLines/LatticeLines.asmdef,0d4f2dbb923be3f6d2c4de96c02cef2796c1ed9d1b7e9cc31dd32ccee30d16cb,0d4f2dbb923be3f6d2c4de96c02cef2796c1ed9d1b7e9cc31dd32ccee30d16cb,0d4f2dbb923be3f6d2c4de96c02cef2796c1ed9d1b7e9cc31dd32ccee30d16cb,0d4f2dbb923be3f6d2c4de96c02cef2796c1ed9d1b7e9cc31dd32ccee30d16cb,raw match
Runtime/LatticePixels/LatticePixelCanvas.cs,9d8546ac039e83e0c24fa95accf4c0abe4f492c007ff9e9eb590712311d5f4ea,9d8546ac039e83e0c24fa95accf4c0abe4f492c007ff9e9eb590712311d5f4ea,9d8546ac039e83e0c24fa95accf4c0abe4f492c007ff9e9eb590712311d5f4ea,9d8546ac039e83e0c24fa95accf4c0abe4f492c007ff9e9eb590712311d5f4ea,raw match
Runtime/LatticePixels/LatticePixelView.cs,b0403fe2fc51acf434ed83490f39fd54a77fe40117fc6d68ed2aa6d77fcd9359,b0403fe2fc51acf434ed83490f39fd54a77fe40117fc6d68ed2aa6d77fcd9359,b0403fe2fc51acf434ed83490f39fd54a77fe40117fc6d68ed2aa6d77fcd9359,b0403fe2fc51acf434ed83490f39fd54a77fe40117fc6d68ed2aa6d77fcd9359,raw match
Runtime/LatticePixels/LatticePixels.asmdef,046fda39a32cbaa5b673547f05d476610610fe98b6aeecbd9e2a1af03af3ef32,046fda39a32cbaa5b673547f05d476610610fe98b6aeecbd9e2a1af03af3ef32,046fda39a32cbaa5b673547f05d476610610fe98b6aeecbd9e2a1af03af3ef32,046fda39a32cbaa5b673547f05d476610610fe98b6aeecbd9e2a1af03af3ef32,raw match
Runtime/LatticePixels/LatticeVision.cs,56df73a4010c5e789648176255c9e1013947d03d735ba33799daf92027780f35,56df73a4010c5e789648176255c9e1013947d03d735ba33799daf92027780f35,56df73a4010c5e789648176255c9e1013947d03d735ba33799daf92027780f35,56df73a4010c5e789648176255c9e1013947d03d735ba33799daf92027780f35,raw match
Runtime/LauminaryCombat/LauminaryCombat.asmdef,4fc132c54704d3dd1f9e2685cda681d7d7d3599f62aed74c4d8caec696a9e909,8cb71011a0219ba3109c861d0d9ce1956c901a7e742b3aecd46e186ba8ac15d7,4fc132c54704d3dd1f9e2685cda681d7d7d3599f62aed74c4d8caec696a9e909,4fc132c54704d3dd1f9e2685cda681d7d7d3599f62aed74c4d8caec696a9e909,EOL-only difference
Runtime/LauminaryCombat/LauminaryHitFilter.cs,eff16da4f1a00f581494e37a194b440989735ab68e7d07f88021440a10baeb8c,8002199af0038d047ad03724e83856697d35a49f8db5ada1fd71ba6c29b4d859,eff16da4f1a00f581494e37a194b440989735ab68e7d07f88021440a10baeb8c,eff16da4f1a00f581494e37a194b440989735ab68e7d07f88021440a10baeb8c,EOL-only difference
Runtime/Launimator/AnimZone.cs,73f5e2ba293e1e2f99931b6bc809c6bd4d26eb33338b347528508759131ff30f,73f5e2ba293e1e2f99931b6bc809c6bd4d26eb33338b347528508759131ff30f,73f5e2ba293e1e2f99931b6bc809c6bd4d26eb33338b347528508759131ff30f,73f5e2ba293e1e2f99931b6bc809c6bd4d26eb33338b347528508759131ff30f,raw match
Runtime/Launimator/AnimationAsset.cs,f5d60f6f37a07689d3128e416fd7729b17c8e4713b5e56f4eb94c342312047e8,f5d60f6f37a07689d3128e416fd7729b17c8e4713b5e56f4eb94c342312047e8,f5d60f6f37a07689d3128e416fd7729b17c8e4713b5e56f4eb94c342312047e8,f5d60f6f37a07689d3128e416fd7729b17c8e4713b5e56f4eb94c342312047e8,raw match
Runtime/Launimator/AnimationPlayback.cs,bd451b7216e2fbcb223f8bd083e5ce857a1ef112d7cc0cce748575aa6da7922a,bd451b7216e2fbcb223f8bd083e5ce857a1ef112d7cc0cce748575aa6da7922a,bd451b7216e2fbcb223f8bd083e5ce857a1ef112d7cc0cce748575aa6da7922a,bd451b7216e2fbcb223f8bd083e5ce857a1ef112d7cc0cce748575aa6da7922a,raw match
Runtime/Launimator/Lauminary.cs,41549c57c9faa14cf824a88c1aeaa274caafdb3dff3c36105935b55d4f0a57da,41549c57c9faa14cf824a88c1aeaa274caafdb3dff3c36105935b55d4f0a57da,41549c57c9faa14cf824a88c1aeaa274caafdb3dff3c36105935b55d4f0a57da,41549c57c9faa14cf824a88c1aeaa274caafdb3dff3c36105935b55d4f0a57da,raw match
Runtime/Launimator/LauminaryAnimationChunkAdapter.cs,01bbaa42b47d684ed927a25407a22bb40be0bccef415f11dd49e931455db5583,01bbaa42b47d684ed927a25407a22bb40be0bccef415f11dd49e931455db5583,01bbaa42b47d684ed927a25407a22bb40be0bccef415f11dd49e931455db5583,01bbaa42b47d684ed927a25407a22bb40be0bccef415f11dd49e931455db5583,raw match
Runtime/Launimator/LauminaryPlayer.cs,51dc1023d5dac1a05d7fa5e97e2e56ed9f82047fb373793de7c8716034dd4c90,51dc1023d5dac1a05d7fa5e97e2e56ed9f82047fb373793de7c8716034dd4c90,51dc1023d5dac1a05d7fa5e97e2e56ed9f82047fb373793de7c8716034dd4c90,51dc1023d5dac1a05d7fa5e97e2e56ed9f82047fb373793de7c8716034dd4c90,raw match
Runtime/Launimator/LauminaryVersion.cs,263511ed904641ede28f141ba18fb946728872b243216892ac2e3a1ddc31cc8e,c14599fd8a9de32fbd84904fd0a96691feddd61ac747cfebe815d07a39bc8dc6,263511ed904641ede28f141ba18fb946728872b243216892ac2e3a1ddc31cc8e,263511ed904641ede28f141ba18fb946728872b243216892ac2e3a1ddc31cc8e,EOL-only difference
Runtime/Launimator/LauminationSet.cs,7df379e1bcc7fa9693ef43e611b7c0037d9f493d8968b6d7b672926cf66f9275,2e99a90c16831b71c27bba3c81f7d03170ca4ac5a8cff5099a916e5b7d19890e,7df379e1bcc7fa9693ef43e611b7c0037d9f493d8968b6d7b672926cf66f9275,7df379e1bcc7fa9693ef43e611b7c0037d9f493d8968b6d7b672926cf66f9275,EOL-only difference
Runtime/Launimator/LauminationSetResolver.cs,caacef5bf47ecc07903155af25995372a2c4c871addcaac32a39ef7d74f51adb,34cd5fd64745ca808566b7e1143ad44ba985e005303e7677b08e003c4730fc16,caacef5bf47ecc07903155af25995372a2c4c871addcaac32a39ef7d74f51adb,caacef5bf47ecc07903155af25995372a2c4c871addcaac32a39ef7d74f51adb,EOL-only difference
Runtime/Launimator/Launimator.asmdef,fce79014f57cb82e6a94dd726c64818a096f4fc26e7c557574df77a914a0d508,fce79014f57cb82e6a94dd726c64818a096f4fc26e7c557574df77a914a0d508,fce79014f57cb82e6a94dd726c64818a096f4fc26e7c557574df77a914a0d508,fce79014f57cb82e6a94dd726c64818a096f4fc26e7c557574df77a914a0d508,raw match
Runtime/Launimator/MetaCellQuad.cs,3430073e871016b9ac384633e3c20361a4c46f7a9fc7f612db4f418f199b19ea,3430073e871016b9ac384633e3c20361a4c46f7a9fc7f612db4f418f199b19ea,3430073e871016b9ac384633e3c20361a4c46f7a9fc7f612db4f418f199b19ea,3430073e871016b9ac384633e3c20361a4c46f7a9fc7f612db4f418f199b19ea,raw match
Runtime/Launimator/MetaLayer.cs,06adbea42db7b5b505c0a454ac6ee043ed335d44f6d2931cc8a2ab0b1f1d19cb,c8e411c75c8b16fff82680870a0257461f7f2c3162c43dbee905220be9f27935,06adbea42db7b5b505c0a454ac6ee043ed335d44f6d2931cc8a2ab0b1f1d19cb,06adbea42db7b5b505c0a454ac6ee043ed335d44f6d2931cc8a2ab0b1f1d19cb,EOL-only difference
Runtime/Launimator/SpriteCatalog.cs,d5585d3ab208e5aa50885f44938bcdc8de2d3bad2cf9fbb6e67dc7468d685882,d5585d3ab208e5aa50885f44938bcdc8de2d3bad2cf9fbb6e67dc7468d685882,d5585d3ab208e5aa50885f44938bcdc8de2d3bad2cf9fbb6e67dc7468d685882,d5585d3ab208e5aa50885f44938bcdc8de2d3bad2cf9fbb6e67dc7468d685882,raw match
Runtime/Launimator/ZonedAnimationPlayer.cs,fdfb084f6e9a8b1750b22bbe275a2680c4ac0e0e86d7f01a7a7acae40e205f9a,180fc7259aee267275e2af94fd888c37874cca84352356ae7935e2b04e03e07f,fdfb084f6e9a8b1750b22bbe275a2680c4ac0e0e86d7f01a7a7acae40e205f9a,fdfb084f6e9a8b1750b22bbe275a2680c4ac0e0e86d7f01a7a7acae40e205f9a,EOL-only difference
Runtime/LaunimatorZounds/LaunimatorZoundBridge.cs,bb051e4bd0f1d1d6d15ba014ba874ae410c9aa8f0bd852b08cfed8989bfc560f,bb051e4bd0f1d1d6d15ba014ba874ae410c9aa8f0bd852b08cfed8989bfc560f,bb051e4bd0f1d1d6d15ba014ba874ae410c9aa8f0bd852b08cfed8989bfc560f,bb051e4bd0f1d1d6d15ba014ba874ae410c9aa8f0bd852b08cfed8989bfc560f,raw match
Runtime/LaunimatorZounds/com.Lautaro-Arino.Laubrary.Launimator.Zounds.asmdef,dae7b707e0117c8956b92fc4012c09cd64b298c50d94a2243df074c7d44b2e75,dae7b707e0117c8956b92fc4012c09cd64b298c50d94a2243df074c7d44b2e75,dae7b707e0117c8956b92fc4012c09cd64b298c50d94a2243df074c7d44b2e75,dae7b707e0117c8956b92fc4012c09cd64b298c50d94a2243df074c7d44b2e75,raw match
Runtime/Layering/LayerSpec.cs,326f3863901f52ce2b8e9ecb9b6ff0decdfdda33ad8faaefe8821cbbbad3c1cc,326f3863901f52ce2b8e9ecb9b6ff0decdfdda33ad8faaefe8821cbbbad3c1cc,326f3863901f52ce2b8e9ecb9b6ff0decdfdda33ad8faaefe8821cbbbad3c1cc,326f3863901f52ce2b8e9ecb9b6ff0decdfdda33ad8faaefe8821cbbbad3c1cc,raw match
Runtime/Layering/Layering.asmdef,c1415a1ea30ca5d61c235228fa74a988702b153c6c4d2ed07a0ce1324f21d9bb,c1415a1ea30ca5d61c235228fa74a988702b153c6c4d2ed07a0ce1324f21d9bb,c1415a1ea30ca5d61c235228fa74a988702b153c6c4d2ed07a0ce1324f21d9bb,c1415a1ea30ca5d61c235228fa74a988702b153c6c4d2ed07a0ce1324f21d9bb,raw match
Runtime/Lazor/Lazor.asmdef,e5f89344de437a4593e6d31ab76ab16817d7dded798a2791d0f5ea96cce05203,3026ea6bea59bd02102b4582123815a8539194a5e48d76969d2d131940697f45,e5f89344de437a4593e6d31ab76ab16817d7dded798a2791d0f5ea96cce05203,e5f89344de437a4593e6d31ab76ab16817d7dded798a2791d0f5ea96cce05203,EOL-only difference
Runtime/Lazor/LazorEnums.cs,e56a95f8639ec46998741bf5d9bae79329bef08ad49ae5f449c9545b82420d95,42cfdd1a33b35ffeb4f833c72a82e6a54abba01f2af165b601c28c1c03e16da5,e56a95f8639ec46998741bf5d9bae79329bef08ad49ae5f449c9545b82420d95,e56a95f8639ec46998741bf5d9bae79329bef08ad49ae5f449c9545b82420d95,EOL-only difference
Runtime/Lazor/LazorGeometry.cs,84d66c4a4567110eb9a7a85f4fbed5f6d591c42eac39c1a0ee92c5ddcb15695b,49175fa9bb50c19ec7fe46f6fe29ebd8130c629f1097af2146e2b1b15d05f074,84d66c4a4567110eb9a7a85f4fbed5f6d591c42eac39c1a0ee92c5ddcb15695b,84d66c4a4567110eb9a7a85f4fbed5f6d591c42eac39c1a0ee92c5ddcb15695b,EOL-only difference
Runtime/Lazor/LazorLayer.cs,80bd25aa1c0936b6af14500853f41da02b3d2a9cc489e738bcdbbe65b4d10199,f05af854bfdf15f28eae1bd751797f4a56a0e4ff9754e48c6cddcacee0de7830,80bd25aa1c0936b6af14500853f41da02b3d2a9cc489e738bcdbbe65b4d10199,80bd25aa1c0936b6af14500853f41da02b3d2a9cc489e738bcdbbe65b4d10199,EOL-only difference
Runtime/Lazor/LazorPath.cs,bf97429a4df9690aece09131acef5387a5bfa6e19f86958ff63fc654242fb6e4,4b664f06eb59dd57e7c79af6d91c5d3a400781ef1117fc0fa4d7ae26ecac95b2,bf97429a4df9690aece09131acef5387a5bfa6e19f86958ff63fc654242fb6e4,bf97429a4df9690aece09131acef5387a5bfa6e19f86958ff63fc654242fb6e4,EOL-only difference
Runtime/Lazor/LazorRasterizer.cs,2dd5939fdbcf4f92842db00de876982fd77ff151b2aa28cf356bee534c93e5b5,52df7afbbed0d83074490bf4e40f9d1f21e657b18fdca28c4ee8c3c32ac84cca,2dd5939fdbcf4f92842db00de876982fd77ff151b2aa28cf356bee534c93e5b5,2dd5939fdbcf4f92842db00de876982fd77ff151b2aa28cf356bee534c93e5b5,EOL-only difference
Runtime/Lazor/LazorShape.cs,3bccc3d102e85e3a616977acd1af96c49308b821ed8c8b74d7a0b19da3eae756,cd77ccc8566ed6d8f8f3028fba7a9b49a414360ea80f3d54bf51723ac639307f,3bccc3d102e85e3a616977acd1af96c49308b821ed8c8b74d7a0b19da3eae756,3bccc3d102e85e3a616977acd1af96c49308b821ed8c8b74d7a0b19da3eae756,EOL-only difference
Runtime/Loom/Graph.cs,024ea1bcca20d34bc8d2f28f972837179b15db42733ecf801a994b12eb578061,024ea1bcca20d34bc8d2f28f972837179b15db42733ecf801a994b12eb578061,024ea1bcca20d34bc8d2f28f972837179b15db42733ecf801a994b12eb578061,024ea1bcca20d34bc8d2f28f972837179b15db42733ecf801a994b12eb578061,raw match
Runtime/Loom/GraphAsset.cs,cc9f4bbab31f0e7e1d9a38d4acca5166f12e79ff31c9784fcacd638370689df2,cc9f4bbab31f0e7e1d9a38d4acca5166f12e79ff31c9784fcacd638370689df2,cc9f4bbab31f0e7e1d9a38d4acca5166f12e79ff31c9784fcacd638370689df2,cc9f4bbab31f0e7e1d9a38d4acca5166f12e79ff31c9784fcacd638370689df2,raw match
Runtime/Loom/GraphDropdownAttribute.cs,006bb59eaf9a345cfb587cee20773dbdce6d67ed6fb3d89c85d41a6ca96d9eda,006bb59eaf9a345cfb587cee20773dbdce6d67ed6fb3d89c85d41a6ca96d9eda,006bb59eaf9a345cfb587cee20773dbdce6d67ed6fb3d89c85d41a6ca96d9eda,006bb59eaf9a345cfb587cee20773dbdce6d67ed6fb3d89c85d41a6ca96d9eda,raw match
Runtime/Loom/GraphRunner.cs,2d1b5a08c9892d5b3a683eebaff63673be3d08eb39b16a839aebd02b9b774785,2d1b5a08c9892d5b3a683eebaff63673be3d08eb39b16a839aebd02b9b774785,2d1b5a08c9892d5b3a683eebaff63673be3d08eb39b16a839aebd02b9b774785,2d1b5a08c9892d5b3a683eebaff63673be3d08eb39b16a839aebd02b9b774785,raw match
Runtime/Loom/Loom.asmdef,3857dc92ea273cc9464cf005102e90f30ccd7cc2da2820292b5a893f44650c48,3857dc92ea273cc9464cf005102e90f30ccd7cc2da2820292b5a893f44650c48,3857dc92ea273cc9464cf005102e90f30ccd7cc2da2820292b5a893f44650c48,3857dc92ea273cc9464cf005102e90f30ccd7cc2da2820292b5a893f44650c48,raw match
Runtime/Mirage/MirageActiveView.cs,24e3c83da2550695f0ab96d5162b9be370d5f939735271147da194e3757d86ea,24e3c83da2550695f0ab96d5162b9be370d5f939735271147da194e3757d86ea,24e3c83da2550695f0ab96d5162b9be370d5f939735271147da194e3757d86ea,24e3c83da2550695f0ab96d5162b9be370d5f939735271147da194e3757d86ea,raw match
Runtime/Mirage/MirageAssetPicker.cs,2442216425231d12e10d111a23ba5ea09edbb421108459bf4d72c1f09fd4abab,2442216425231d12e10d111a23ba5ea09edbb421108459bf4d72c1f09fd4abab,2442216425231d12e10d111a23ba5ea09edbb421108459bf4d72c1f09fd4abab,2442216425231d12e10d111a23ba5ea09edbb421108459bf4d72c1f09fd4abab,raw match
Runtime/Mirage/MirageChunkBurst.cs,5439c7936fc25865b97927829dd9f9a6fa950561200349ce10ed2a6daab8d36e,5439c7936fc25865b97927829dd9f9a6fa950561200349ce10ed2a6daab8d36e,5439c7936fc25865b97927829dd9f9a6fa950561200349ce10ed2a6daab8d36e,5439c7936fc25865b97927829dd9f9a6fa950561200349ce10ed2a6daab8d36e,raw match
Runtime/Mirage/MirageFlashSignal.cs,885030c58c4364fbe91c1bd4e4396fc664003944cd700cb77276de8899aecc4f,885030c58c4364fbe91c1bd4e4396fc664003944cd700cb77276de8899aecc4f,885030c58c4364fbe91c1bd4e4396fc664003944cd700cb77276de8899aecc4f,885030c58c4364fbe91c1bd4e4396fc664003944cd700cb77276de8899aecc4f,raw match
Runtime/Mirage/MirageHud.cs,b1fb7b79bb2c81433eff3b616fd8325010cee7c0ee388c9c17466db1c41459b7,b1fb7b79bb2c81433eff3b616fd8325010cee7c0ee388c9c17466db1c41459b7,b1fb7b79bb2c81433eff3b616fd8325010cee7c0ee388c9c17466db1c41459b7,b1fb7b79bb2c81433eff3b616fd8325010cee7c0ee388c9c17466db1c41459b7,raw match
Runtime/Mirage/MirageManualDriver.cs,ac00c6b3d1713793526656f2a0021438025cc4bf28ad30c9d64061918c21f847,ac00c6b3d1713793526656f2a0021438025cc4bf28ad30c9d64061918c21f847,ac00c6b3d1713793526656f2a0021438025cc4bf28ad30c9d64061918c21f847,ac00c6b3d1713793526656f2a0021438025cc4bf28ad30c9d64061918c21f847,raw match
Runtime/Mirage/MirageRig.cs,bd9479e678e0f088238740192a3c988f060d775bb44e5582ff7c9c1533f56cf3,1cfc479621436cc1f37abf9535f1a7b0a8a9badd413fa19a0a228b056388e883,bd9479e678e0f088238740192a3c988f060d775bb44e5582ff7c9c1533f56cf3,bd9479e678e0f088238740192a3c988f060d775bb44e5582ff7c9c1533f56cf3,EOL-only difference
Runtime/Mirage/MirageSubject.cs,2058be25d764e988b9d94063a428778f2ed49b81095f7055a15a9998f46f24b8,87be4c7ae6c6d2edc4237b0bd3a34b545ae2bd292e0e8fa41db07f60797336df,2058be25d764e988b9d94063a428778f2ed49b81095f7055a15a9998f46f24b8,2058be25d764e988b9d94063a428778f2ed49b81095f7055a15a9998f46f24b8,EOL-only difference
Runtime/Mirage/MirageView.cs,c0b78a1738bf886f8d1a0b78f2fef367f59ff0e555d44ae144db1f51f48e330c,2913ef779b01f40426ad1b7889e0ea2aa72fe42d846961ed38b4c0c635f6f8eb,c0b78a1738bf886f8d1a0b78f2fef367f59ff0e555d44ae144db1f51f48e330c,c0b78a1738bf886f8d1a0b78f2fef367f59ff0e555d44ae144db1f51f48e330c,EOL-only difference
Runtime/Mirage/com.Lautaro-Arino.Laubrary.Mirage.asmdef,073c51766c3accf416dca1aa7865ca59614bbc4af729e1a3872d50ee7a521627,66d2efedd9a62cea6a1b1fc59151077717f061f5165f9ca84e74b0f6dd334cdf,073c51766c3accf416dca1aa7865ca59614bbc4af729e1a3872d50ee7a521627,073c51766c3accf416dca1aa7865ca59614bbc4af729e1a3872d50ee7a521627,EOL-only difference
Runtime/Monolith/Monolith.asmdef,ed5e11ee625f41953948e55bb06d18d9c4a547ed976743d79971faa7b6c64af3,4bfb7ef6beb0708872fa48f354665754ef46e207c6721abd187ef573f61d2f99,ed5e11ee625f41953948e55bb06d18d9c4a547ed976743d79971faa7b6c64af3,ed5e11ee625f41953948e55bb06d18d9c4a547ed976743d79971faa7b6c64af3,EOL-only difference
Runtime/Monolith/MonolithStateBase.cs,0892daf5fde88600b7c71dbed7c8c85b594f3b8a3313d5ff6d2e2e4e7e5657ff,1af99caf6356f037b160d81f808506c336c3fe6b5eb92aafb3e5526e081006e0,0892daf5fde88600b7c71dbed7c8c85b594f3b8a3313d5ff6d2e2e4e7e5657ff,0892daf5fde88600b7c71dbed7c8c85b594f3b8a3313d5ff6d2e2e4e7e5657ff,EOL-only difference
Runtime/Monolith/MonolithStateMachine.cs,a6a074ce82e17c5f691333762734c9130b20e1061292de30ccc8a93aea95cebc,21bbfc7565d37e9b837dc2a4c658e5d5f8baba1db9a0682884bc3aa8513d23ff,a6a074ce82e17c5f691333762734c9130b20e1061292de30ccc8a93aea95cebc,a6a074ce82e17c5f691333762734c9130b20e1061292de30ccc8a93aea95cebc,EOL-only difference
Runtime/Notifyer/Notifyer.asmdef,1e59256a74bdef08cf3557cb0cc776e87db377479a9ce9eb9990b9be4bd628e7,ffb12811fbe470c6c089799b8ca9a1187985b3d14aad4765a24d6c16c2da71d9,1e59256a74bdef08cf3557cb0cc776e87db377479a9ce9eb9990b9be4bd628e7,1e59256a74bdef08cf3557cb0cc776e87db377479a9ce9eb9990b9be4bd628e7,EOL-only difference
Runtime/Notifyer/Notifyer.cs,d872fc6ca7da3be9828dd7f69dc112a2909e5837d7efe9cebaa1d541d09bc6d2,cf03956e47fdd65b44d21149cb8166b0e25736563779e45e15dc684490f3aade,d872fc6ca7da3be9828dd7f69dc112a2909e5837d7efe9cebaa1d541d09bc6d2,d872fc6ca7da3be9828dd7f69dc112a2909e5837d7efe9cebaa1d541d09bc6d2,EOL-only difference
Runtime/Overlapper/Overlapper2D.asmdef,0b1765008d586280f2411bfb63838a158cb37d7806776c2a608916ae02898118,0281ea0fec761d5adc58a084499ed46f59ae72aab9d367cfb7d9b8d9499fefd1,0b1765008d586280f2411bfb63838a158cb37d7806776c2a608916ae02898118,0b1765008d586280f2411bfb63838a158cb37d7806776c2a608916ae02898118,EOL-only difference
Runtime/Overlapper/Overlapper2D.cs,538eb6460084d6a1c1a597e7b3c1b913de19b143abb191640bbff7b2721f698c,f06f778bb343f0c0a23a6515eb51f22f69206d117bc83fa9e6640bd69602f0d3,538eb6460084d6a1c1a597e7b3c1b913de19b143abb191640bbff7b2721f698c,538eb6460084d6a1c1a597e7b3c1b913de19b143abb191640bbff7b2721f698c,EOL-only difference
Runtime/Overture/ManagedStateObject.cs,617f46739672af6ea8d0fc1195906d97a22d3656c85bdbe3730d38b130890c60,a1bd1cfccb76dada010aedb357bd0f03a940240346c77c74d15609d728f503de,617f46739672af6ea8d0fc1195906d97a22d3656c85bdbe3730d38b130890c60,617f46739672af6ea8d0fc1195906d97a22d3656c85bdbe3730d38b130890c60,EOL-only difference
Runtime/Overture/Overture.asmdef,5f7c9aad8613175c0120e77945c4b7eaabeea89a0c0c0bb89b7e8094835079c5,fdabd46f72eb5c020d620aaa0d35b23262867999aff5085ef13063e12eb9e8cc,5f7c9aad8613175c0120e77945c4b7eaabeea89a0c0c0bb89b7e8094835079c5,5f7c9aad8613175c0120e77945c4b7eaabeea89a0c0c0bb89b7e8094835079c5,EOL-only difference
Runtime/Overture/OvertureManager.cs,1b21de0436a965837947a93c2e19e31315b13e3ae70ea6d0fa41f6a764f878b9,8bb831c832ed2c0768790b3ac08a074a11733536460c45df7bcb37d1aef88b35,1b21de0436a965837947a93c2e19e31315b13e3ae70ea6d0fa41f6a764f878b9,1b21de0436a965837947a93c2e19e31315b13e3ae70ea6d0fa41f6a764f878b9,EOL-only difference
Runtime/Overture/OvertureState.cs,a3cdda0a9210dcee1ae6a983746efc27b22ffab8cab468b1881e0f1610b41263,6a815a33e6d02f16ecab68d422105a1bcc445c3226943f8539165c20c3be951d,a3cdda0a9210dcee1ae6a983746efc27b22ffab8cab468b1881e0f1610b41263,a3cdda0a9210dcee1ae6a983746efc27b22ffab8cab468b1881e0f1610b41263,EOL-only difference
Runtime/Overture/OvertureVisual.cs,8b915607a418f4b21aec1b9543758c3c50645610ee1e1581e387dabcc1f91058,504fc355e518bd2a44b8912f1bd2d2ee7c46dcdf4b72eda4d1f76b61e6fb8242,8b915607a418f4b21aec1b9543758c3c50645610ee1e1581e387dabcc1f91058,8b915607a418f4b21aec1b9543758c3c50645610ee1e1581e387dabcc1f91058,EOL-only difference
Runtime/PixelScale/PixelScale.cs,a6d94526afc7bbaee5aad8e67297290dff6f438aba1557204876c10e424cedef,a6d94526afc7bbaee5aad8e67297290dff6f438aba1557204876c10e424cedef,a6d94526afc7bbaee5aad8e67297290dff6f438aba1557204876c10e424cedef,a6d94526afc7bbaee5aad8e67297290dff6f438aba1557204876c10e424cedef,raw match
Runtime/PixelScale/PixelScaleCamera.cs,ab5df3c01875bff48a5cefb7cff6a0d0a427d9b46389309687243c0d3aafc7ad,ab5df3c01875bff48a5cefb7cff6a0d0a427d9b46389309687243c0d3aafc7ad,ab5df3c01875bff48a5cefb7cff6a0d0a427d9b46389309687243c0d3aafc7ad,ab5df3c01875bff48a5cefb7cff6a0d0a427d9b46389309687243c0d3aafc7ad,raw match
Runtime/PixelScale/PixelScaleProjectSettings.cs,ad19cf97f0d2ec5f2b7c79f19d05ba0d3794135e85eab1b977c6d90b0c9cf668,ad19cf97f0d2ec5f2b7c79f19d05ba0d3794135e85eab1b977c6d90b0c9cf668,ad19cf97f0d2ec5f2b7c79f19d05ba0d3794135e85eab1b977c6d90b0c9cf668,ad19cf97f0d2ec5f2b7c79f19d05ba0d3794135e85eab1b977c6d90b0c9cf668,raw match
Runtime/PixelScale/ScreenEdgeVisualizer.cs,a12580ddb2e7ca7b8afbaae40e7dd1cfb0ba5bf9e60b3f5776980c028df1ff9a,a12580ddb2e7ca7b8afbaae40e7dd1cfb0ba5bf9e60b3f5776980c028df1ff9a,a12580ddb2e7ca7b8afbaae40e7dd1cfb0ba5bf9e60b3f5776980c028df1ff9a,a12580ddb2e7ca7b8afbaae40e7dd1cfb0ba5bf9e60b3f5776980c028df1ff9a,raw match
Runtime/PixelScale/com.Lautaro-Arino.Laubrary.PixelScale.asmdef,77c2fbaa04ebf19b19c8a90d40d4a91eb5bbca8f5c5bbd46a9c911e1379caead,77c2fbaa04ebf19b19c8a90d40d4a91eb5bbca8f5c5bbd46a9c911e1379caead,77c2fbaa04ebf19b19c8a90d40d4a91eb5bbca8f5c5bbd46a9c911e1379caead,77c2fbaa04ebf19b19c8a90d40d4a91eb5bbca8f5c5bbd46a9c911e1379caead,raw match
Runtime/Pocket/Pocket.asmdef,af967c6f68bdccded04f7ca4996a1db158a507e4fdd437befe30d61c492395e8,99e24cf70d5d09819ab409af263e86afb76a63316c4a7eb31734b43237bd17ce,af967c6f68bdccded04f7ca4996a1db158a507e4fdd437befe30d61c492395e8,af967c6f68bdccded04f7ca4996a1db158a507e4fdd437befe30d61c492395e8,EOL-only difference
Runtime/Pocket/Pocket.cs,c007faec958c5ab21fe26f17e5937b7773c02a4262bb21c7689c4037921f888d,0195dfbc22761cdcf5a52caa34bde4f46591246051902d07a419c47fd24ebdad,c007faec958c5ab21fe26f17e5937b7773c02a4262bb21c7689c4037921f888d,c007faec958c5ab21fe26f17e5937b7773c02a4262bb21c7689c4037921f888d,EOL-only difference
Runtime/Pooling/ComponentPool.cs,525aa5f0758be87b572567d772893b076e93d4007e18d165bd53afc7842c5fef,525aa5f0758be87b572567d772893b076e93d4007e18d165bd53afc7842c5fef,525aa5f0758be87b572567d772893b076e93d4007e18d165bd53afc7842c5fef,525aa5f0758be87b572567d772893b076e93d4007e18d165bd53afc7842c5fef,raw match
Runtime/Pooling/com.Lautaro-Arino.Laubrary.Pooling.asmdef,bc68a80e52b67f6b7c0431bae1c5e409b215288d683046e34e2dc27225007ce6,bc68a80e52b67f6b7c0431bae1c5e409b215288d683046e34e2dc27225007ce6,bc68a80e52b67f6b7c0431bae1c5e409b215288d683046e34e2dc27225007ce6,bc68a80e52b67f6b7c0431bae1c5e409b215288d683046e34e2dc27225007ce6,raw match
Runtime/PreviewKit/IVisualPreview.cs,c926faf16451385fb75181b83697e657603530ddc2a2bc56f58446e742688797,c926faf16451385fb75181b83697e657603530ddc2a2bc56f58446e742688797,c926faf16451385fb75181b83697e657603530ddc2a2bc56f58446e742688797,c926faf16451385fb75181b83697e657603530ddc2a2bc56f58446e742688797,raw match
Runtime/PreviewKit/PreviewKit.asmdef,7375827ebf3e44dded763919567776183052a9435aa1cb4b6500b29a716686dc,7375827ebf3e44dded763919567776183052a9435aa1cb4b6500b29a716686dc,7375827ebf3e44dded763919567776183052a9435aa1cb4b6500b29a716686dc,7375827ebf3e44dded763919567776183052a9435aa1cb4b6500b29a716686dc,raw match
Runtime/PreviewKit/PreviewTex.cs,5365c436da1cce9ace4692bf7363912cc323bf4916b56fb448dbfd314e38d772,5365c436da1cce9ace4692bf7363912cc323bf4916b56fb448dbfd314e38d772,5365c436da1cce9ace4692bf7363912cc323bf4916b56fb448dbfd314e38d772,5365c436da1cce9ace4692bf7363912cc323bf4916b56fb448dbfd314e38d772,raw match
Runtime/Pyre/CherryFrame.cs,c87faa8e884ff8e57a1a7e5021648d312aedbdd3ac42bd9d5e0f4bfaf016c28c,c2bd6b2f398af7acb1dbd91c61dbf785a133291885f58edd94f2d5ba96b0f694,c87faa8e884ff8e57a1a7e5021648d312aedbdd3ac42bd9d5e0f4bfaf016c28c,c87faa8e884ff8e57a1a7e5021648d312aedbdd3ac42bd9d5e0f4bfaf016c28c,EOL-only difference
Runtime/Pyre/Forms/Kiln/ArcBurstForm.cs,f0feb92ff156a08f42ef49cbb76c8d705b5127a8392cbd8852158faf264beb1e,29cfbff70121f9aa806fca96ee0473e971feb24d11856c34479f0c01de140fb4,f0feb92ff156a08f42ef49cbb76c8d705b5127a8392cbd8852158faf264beb1e,f0feb92ff156a08f42ef49cbb76c8d705b5127a8392cbd8852158faf264beb1e,EOL-only difference
Runtime/Pyre/Forms/Kiln/ArcRaster.cs,899e2980b690b1c6264bfa36bff3dbbd8c0c692a17f79727b418ff22ae1f3f41,08ea15b166d975b6f784a227ab297b362e02ae3fd4c70fb6562cc15f44fdf62a,899e2980b690b1c6264bfa36bff3dbbd8c0c692a17f79727b418ff22ae1f3f41,899e2980b690b1c6264bfa36bff3dbbd8c0c692a17f79727b418ff22ae1f3f41,EOL-only difference
Runtime/Pyre/Forms/Kiln/ForkBlastForm.cs,c91275bf3a5a7b9b4688566eb4a70103b51163ad50a862ca40dfeb85ddf93b81,6acab28b37e94d1595633c5f406ac6f1e3b492aaf7795a6eb1578fe4c269e131,c91275bf3a5a7b9b4688566eb4a70103b51163ad50a862ca40dfeb85ddf93b81,c91275bf3a5a7b9b4688566eb4a70103b51163ad50a862ca40dfeb85ddf93b81,EOL-only difference
Runtime/Pyre/Forms/Kiln/InfernoForm.cs,8e6c547149cf65d6f70558329de925bd2c3c911a342616d226227f9301943cb5,7295b312d3992bdc197b03bd534121980703783260e4f1d357423024f02f2b79,8e6c547149cf65d6f70558329de925bd2c3c911a342616d226227f9301943cb5,8e6c547149cf65d6f70558329de925bd2c3c911a342616d226227f9301943cb5,EOL-only difference
Runtime/Pyre/Forms/Kiln/Jet/ExplosiveJetDraws.cs,928a95b08673f4383f1b295c4fb2ce9fb424e8d71a12defc7a3eebf08b8b23da,906a0526cb29c7d89b121c1ec913e4ae4cd155728601819f4024f0e167fee2ee,928a95b08673f4383f1b295c4fb2ce9fb424e8d71a12defc7a3eebf08b8b23da,928a95b08673f4383f1b295c4fb2ce9fb424e8d71a12defc7a3eebf08b8b23da,EOL-only difference
Runtime/Pyre/Forms/Kiln/Jet/ExplosiveJetForm.cs,be32ad755408a6f1740abc331f9448d075d33dcacbb40a116548ac0ed6e034ab,f51c884a7d37d1046d21d9e5c363b3617bd7a3e26271f0c2dda094d9bbfdcf69,be32ad755408a6f1740abc331f9448d075d33dcacbb40a116548ac0ed6e034ab,be32ad755408a6f1740abc331f9448d075d33dcacbb40a116548ac0ed6e034ab,EOL-only difference
Runtime/Pyre/Forms/Kiln/Jet/ExplosiveJetProgram.cs,24edbaa1f01ad1cc2d3b13d18c3384381dade11e112609f005363e932bfc56d8,04381f0af64d5560236376c5f3bda0fcfc21071b6bdb319d7d486e27fcc21a37,24edbaa1f01ad1cc2d3b13d18c3384381dade11e112609f005363e932bfc56d8,24edbaa1f01ad1cc2d3b13d18c3384381dade11e112609f005363e932bfc56d8,EOL-only difference
Runtime/Pyre/Forms/Kiln/Jet/JetDraws.cs,1314b9d503f12cb476f51817c3fd34bf89aa58a69712169cf1d88b0fbaa237ff,ef037a8af981b4c61f9344183c3c1c82c9218ef674c0fd75c6ad04526efbdada,1314b9d503f12cb476f51817c3fd34bf89aa58a69712169cf1d88b0fbaa237ff,1314b9d503f12cb476f51817c3fd34bf89aa58a69712169cf1d88b0fbaa237ff,EOL-only difference
Runtime/Pyre/Forms/Kiln/Jet/JetForm.cs,26c1668d1f7cafde5de1657f10e36cd1da0dff06a15c3a741f7b0538f07e110c,e6ac6099da169b2b7880eb0983acdae4af4fccd85320f6d2403c3f6ba5790826,26c1668d1f7cafde5de1657f10e36cd1da0dff06a15c3a741f7b0538f07e110c,26c1668d1f7cafde5de1657f10e36cd1da0dff06a15c3a741f7b0538f07e110c,EOL-only difference
Runtime/Pyre/Forms/Kiln/Jet/JetFormBase.cs,c5a6074aabf4e74bbeadb820d3ff4b47c5d02a28d72a0b0eb826c528820b7447,d2a0e2e8f8f532b467d4c8700b0eaf3680dd704f0db00b1711611f957e4c95d9,c5a6074aabf4e74bbeadb820d3ff4b47c5d02a28d72a0b0eb826c528820b7447,c5a6074aabf4e74bbeadb820d3ff4b47c5d02a28d72a0b0eb826c528820b7447,EOL-only difference
Runtime/Pyre/Forms/Kiln/Jet/PyreJetEngine.cs,3f2a5d300e773251f3b3173d3816213af6ee9ba74f159a98c84acecbb7850739,c0c4f780e708a583cfdb672d6b9d4c7d4889160c8e263381dd231f060ef71e69,3f2a5d300e773251f3b3173d3816213af6ee9ba74f159a98c84acecbb7850739,3f2a5d300e773251f3b3173d3816213af6ee9ba74f159a98c84acecbb7850739,EOL-only difference
Runtime/Pyre/Forms/Kiln/Jet/RadialJetDraws.cs,801eae833632cdc303b118e80c98076870e5e29e4a6a110feca8007e83ba6952,eea0b7cdca545cb02bed718ca24d44306f39a45896217a2b14f9728077c224e4,801eae833632cdc303b118e80c98076870e5e29e4a6a110feca8007e83ba6952,801eae833632cdc303b118e80c98076870e5e29e4a6a110feca8007e83ba6952,EOL-only difference
Runtime/Pyre/Forms/Kiln/Jet/RadialJetForm.cs,e71dee4171a0b1afec09f89b38489b01a9cf4dabb08b17fc2ffad87b004f4c07,3478b9e22cf594193eb76d784b87df150272b459648c7d6d82ff822edc09a256,e71dee4171a0b1afec09f89b38489b01a9cf4dabb08b17fc2ffad87b004f4c07,e71dee4171a0b1afec09f89b38489b01a9cf4dabb08b17fc2ffad87b004f4c07,EOL-only difference
Runtime/Pyre/Forms/Kiln/Jet/RadialJetProgram.cs,f37da8b71e9f51823fd297cd34d080e4b04ef6809bc12a900f50494862ed4e64,f8247c76052f98deced1492b4b3348c63c6d7126863348877f215d47f77cbf78,f37da8b71e9f51823fd297cd34d080e4b04ef6809bc12a900f50494862ed4e64,f37da8b71e9f51823fd297cd34d080e4b04ef6809bc12a900f50494862ed4e64,EOL-only difference
Runtime/Pyre/Forms/Kiln/OrbForm.cs,89edb1be7359e67446a1d57dbb6b8ed5681352c77aa633ae0398caa22f8b7b3d,dfe10adc50df182b4c4d177230980cf830ac604997e40619e86faf65b4c77083,89edb1be7359e67446a1d57dbb6b8ed5681352c77aa633ae0398caa22f8b7b3d,89edb1be7359e67446a1d57dbb6b8ed5681352c77aa633ae0398caa22f8b7b3d,EOL-only difference
Runtime/Pyre/Forms/Kiln/PlasmaBloomForm.cs,0fd1a6951c6a4a7b9036b2b2f1ead7f685ba83978c956c183ecbd6a43e5ae7ec,a12ea82873f5ee97033d75f3763921239215eb9775cc95b317aa2267e2cfb3dc,0fd1a6951c6a4a7b9036b2b2f1ead7f685ba83978c956c183ecbd6a43e5ae7ec,0fd1a6951c6a4a7b9036b2b2f1ead7f685ba83978c956c183ecbd6a43e5ae7ec,EOL-only difference
Runtime/Pyre/Forms/Kiln/Pyre.Forms.Kiln.asmdef,8a40a88175591742dbf6a8dd755efe2fee5a32003f400e0205622d2dfc518c89,b5293e4d5ee0742f7be47ff53538661d597ffbcea25a4b5d6097e517c28ec8de,8a40a88175591742dbf6a8dd755efe2fee5a32003f400e0205622d2dfc518c89,8a40a88175591742dbf6a8dd755efe2fee5a32003f400e0205622d2dfc518c89,EOL-only difference
Runtime/Pyre/Forms/Kiln/PyreArcBurst.cs,176461bcf06d49dc962e9e468c636f3c631ef631681fc81724c7ec37f43804d5,51bdf80467f489384437c51070ca0de4e1c72dfa673f32d230e980116f30bc0a,176461bcf06d49dc962e9e468c636f3c631ef631681fc81724c7ec37f43804d5,176461bcf06d49dc962e9e468c636f3c631ef631681fc81724c7ec37f43804d5,EOL-only difference
Runtime/Pyre/Forms/Kiln/PyreForkBlast.cs,3d539e64f8dd7e6c8d28c8cb87639c7b742e414a552f3c84ab34e70b241ed49b,3dc0813d32bcc543afdddb51078351c78ce8b868f24832eb1df5d90a7c996731,3d539e64f8dd7e6c8d28c8cb87639c7b742e414a552f3c84ab34e70b241ed49b,3d539e64f8dd7e6c8d28c8cb87639c7b742e414a552f3c84ab34e70b241ed49b,EOL-only difference
Runtime/Pyre/Forms/Kiln/PyreInferno.cs,fbf8f77f4dd8f9d18a96672ea39aaa0e4b7dc596275203d06a2e15bfd673aa4f,bb44f4df9cada97a7e91e5cfbe2d03da7a76101b3e2bb5bb765f629c5e26a72c,fbf8f77f4dd8f9d18a96672ea39aaa0e4b7dc596275203d06a2e15bfd673aa4f,fbf8f77f4dd8f9d18a96672ea39aaa0e4b7dc596275203d06a2e15bfd673aa4f,EOL-only difference
Runtime/Pyre/Forms/Kiln/PyreNumpyRng.cs,883ae43fb38ece05bbac2e3c56d463db2e30610d325430748876beb718845439,7d245e6eb0e8e8d5932825833fb871c1f1124458546303b665327b57b27d92fb,883ae43fb38ece05bbac2e3c56d463db2e30610d325430748876beb718845439,883ae43fb38ece05bbac2e3c56d463db2e30610d325430748876beb718845439,EOL-only difference
Runtime/Pyre/Forms/Kiln/PyreOrb.cs,f8bb5fd0b319b85a91f339cd0a2bf664371e3cd2875c3a8f26a6eec2712b5f19,878ff0b2dd2511f177cbfb52579f412029b86b70c4b216d9c9242cd2e5951055,f8bb5fd0b319b85a91f339cd0a2bf664371e3cd2875c3a8f26a6eec2712b5f19,f8bb5fd0b319b85a91f339cd0a2bf664371e3cd2875c3a8f26a6eec2712b5f19,EOL-only difference
Runtime/Pyre/Forms/Kiln/PyrePlasmaBloom.cs,2bace82683e8ee920169eeadecd05c8437617585f55e682f2be5f17b3dac2314,501cebbfe6949b51dee33da0ea4dcd655ddc59f60cd572265f6ad31f8e436180,2bace82683e8ee920169eeadecd05c8437617585f55e682f2be5f17b3dac2314,2bace82683e8ee920169eeadecd05c8437617585f55e682f2be5f17b3dac2314,EOL-only difference
Runtime/Pyre/Forms/Kiln/PyrePyRandom.cs,9ab5763e2f81828f187817d54b886872b254c7e72048c76caf2052d72b8a6b52,5cd6c8221dcf59426edca2e5f0715e50466bc49f7a37b7d433988ed167f0b359,9ab5763e2f81828f187817d54b886872b254c7e72048c76caf2052d72b8a6b52,9ab5763e2f81828f187817d54b886872b254c7e72048c76caf2052d72b8a6b52,EOL-only difference
Runtime/Pyre/Forms/Kiln/PyreTorch.cs,b7787c4653748fd2ddb8f9473b21ddbf020fb46f63e0129ba8ffe995fd69d813,ca2aaa73dd2c61fa92d302cdce7b4127f246165b76ddd17c83650adefeb1d71b,b7787c4653748fd2ddb8f9473b21ddbf020fb46f63e0129ba8ffe995fd69d813,b7787c4653748fd2ddb8f9473b21ddbf020fb46f63e0129ba8ffe995fd69d813,EOL-only difference
Runtime/Pyre/Forms/Kiln/TorchForm.cs,1735de6ffac1d73dc9351901ce71f66bb2d6e30a5820f1da1b7b6d96e6161d95,e48433ece247dc5d362429900f58de3f25337721eb77f7508360fca9dc7d697f,1735de6ffac1d73dc9351901ce71f66bb2d6e30a5820f1da1b7b6d96e6161d95,1735de6ffac1d73dc9351901ce71f66bb2d6e30a5820f1da1b7b6d96e6161d95,EOL-only difference
Runtime/Pyre/Pyre.asmdef,08f0cab9e17daddf094370e968d617bb8fa5eff8151283e398499593d81e9ef4,235bfe4d7b80e36caf8db5238c975e1b55cff93645372b564f1964ea08c3cf23,08f0cab9e17daddf094370e968d617bb8fa5eff8151283e398499593d81e9ef4,08f0cab9e17daddf094370e968d617bb8fa5eff8151283e398499593d81e9ef4,EOL-only difference
Runtime/Pyre/Pyre.cs,6fd9085f62809656ab50b09d7d1ac4548cdaf41fe046cc5751b4221e33154403,c5561b262af2bc02242fa17348e12e293a521ddd72620b5c4439d39afd8720fc,6fd9085f62809656ab50b09d7d1ac4548cdaf41fe046cc5751b4221e33154403,6fd9085f62809656ab50b09d7d1ac4548cdaf41fe046cc5751b4221e33154403,EOL-only difference
Runtime/Pyre/PyreAnchor.cs,e8eafe56f391d073a720860049e7079330e9a9a0a26cf6dc08ee1589457d0381,e8eafe56f391d073a720860049e7079330e9a9a0a26cf6dc08ee1589457d0381,e8eafe56f391d073a720860049e7079330e9a9a0a26cf6dc08ee1589457d0381,e8eafe56f391d073a720860049e7079330e9a9a0a26cf6dc08ee1589457d0381,raw match
Runtime/Pyre/PyreBlastPlayer.cs,0fdf14b1ff7d5551c3401100ce7ec923dbbae5c8e86f59554a4f55c6e5f5092c,8ac419b22a2d6e85b9c231c818371d7b37ae033a6b6340475563eba33efeba05,0fdf14b1ff7d5551c3401100ce7ec923dbbae5c8e86f59554a4f55c6e5f5092c,0fdf14b1ff7d5551c3401100ce7ec923dbbae5c8e86f59554a4f55c6e5f5092c,EOL-only difference
Runtime/Pyre/PyreBlastPool.cs,7ae2fd8f1c08e892ce7f02332a44b082430bb13302c01bc41d59185e69e2839e,3401a51d9c7b83f5e0d7601f0329f4d3187408454eeb0979a662d14b84fa8c7a,7ae2fd8f1c08e892ce7f02332a44b082430bb13302c01bc41d59185e69e2839e,7ae2fd8f1c08e892ce7f02332a44b082430bb13302c01bc41d59185e69e2839e,EOL-only difference
Runtime/Pyre/PyreChunkAnimation.cs,dcedf6483cb5a1f56c74014bc71ce7c4ce8d6592f17883731a6deb1fcdd36946,46d221fee9f5f47435d099e33f3b5c348bd3fe830ccfae79398c2bb2805ad9f8,dcedf6483cb5a1f56c74014bc71ce7c4ce8d6592f17883731a6deb1fcdd36946,dcedf6483cb5a1f56c74014bc71ce7c4ce8d6592f17883731a6deb1fcdd36946,EOL-only difference
Runtime/Pyre/PyreChunksDirect.cs,7267d96e5e20c5a8d0af45a1e14db9789d36fe7d78e81c6ab60172a2a06725b2,7267d96e5e20c5a8d0af45a1e14db9789d36fe7d78e81c6ab60172a2a06725b2,7267d96e5e20c5a8d0af45a1e14db9789d36fe7d78e81c6ab60172a2a06725b2,7267d96e5e20c5a8d0af45a1e14db9789d36fe7d78e81c6ab60172a2a06725b2,raw match
Runtime/Pyre/PyreClipStats.cs,cd5f29cdfd520da95c3cbca0640c047415da34553534bde0bf36de8de07d5d5e,e772fbd194ff3a315cbb4cc05557aff7dd34545c2febb72ff21044305642d877,cd5f29cdfd520da95c3cbca0640c047415da34553534bde0bf36de8de07d5d5e,cd5f29cdfd520da95c3cbca0640c047415da34553534bde0bf36de8de07d5d5e,EOL-only difference
Runtime/Pyre/PyreField.cs,3eee67970be5f195849e76d144f81b9c1cb9714327ee9a8a2026ceff09e611e4,a4b8ef68631989d188281800e3bc638f2dd1c488c25a735ed53abd5dd860379b,3eee67970be5f195849e76d144f81b9c1cb9714327ee9a8a2026ceff09e611e4,3eee67970be5f195849e76d144f81b9c1cb9714327ee9a8a2026ceff09e611e4,EOL-only difference
Runtime/Pyre/PyreFieldOps.cs,8863e0bb3e71e222657940f0f0f8afcce9d1170756c26182bb0a809697feea80,c6155839b0b15fa5e5772271a900393139666281fc01dad8d74d65fb6491d73b,8863e0bb3e71e222657940f0f0f8afcce9d1170756c26182bb0a809697feea80,8863e0bb3e71e222657940f0f0f8afcce9d1170756c26182bb0a809697feea80,EOL-only difference
Runtime/Pyre/PyreFireSim.cs,ca883641e57712f671d5613a5235073f36ce15546b204eadebbdb8e03cacb4ab,938b511b566d9b2160f86830f8d9fc10ea0b0c8cda4b40b2396e6cd22ecdac0f,ca883641e57712f671d5613a5235073f36ce15546b204eadebbdb8e03cacb4ab,ca883641e57712f671d5613a5235073f36ce15546b204eadebbdb8e03cacb4ab,EOL-only difference
Runtime/Pyre/PyreForm.cs,6ae2df80a93dfb8744abbdf46b3cd468fa3e43ab8686f791cd3ea840b7f0bf76,e5898870ca728380f7487773cfd04beec2aacffe505351a399803bf2c77a6a74,6ae2df80a93dfb8744abbdf46b3cd468fa3e43ab8686f791cd3ea840b7f0bf76,6ae2df80a93dfb8744abbdf46b3cd468fa3e43ab8686f791cd3ea840b7f0bf76,EOL-only difference
Runtime/Pyre/PyreFormWarp.cs,2824bd957c0f43e497ea7f16ced3cdee022b6f4bd3599ed28cf0f0414fdd67a9,f6e4ba7860189bcaa7f459a1ef6db2958c44a6e00d3e7499dbf140cabda64dda,2824bd957c0f43e497ea7f16ced3cdee022b6f4bd3599ed28cf0f0414fdd67a9,2824bd957c0f43e497ea7f16ced3cdee022b6f4bd3599ed28cf0f0414fdd67a9,EOL-only difference
Runtime/Pyre/PyreFrameFill.cs,666ac4b90d14f59d3c3178b139c2d4f9ac079e6a8c91f8a8e451f17c36e179a5,ead835a29fd771dc40e5a7a818daff5a312db42f9bd9b6781e1257e216c092be,666ac4b90d14f59d3c3178b139c2d4f9ac079e6a8c91f8a8e451f17c36e179a5,666ac4b90d14f59d3c3178b139c2d4f9ac079e6a8c91f8a8e451f17c36e179a5,EOL-only difference
Runtime/Pyre/PyreLayerCache.cs,f453c7d0926e3f0cc627a70ee82364f585a71604fb6a261deac2b0d52d5fcd0e,54a90023b361a7a8a03483048cf941dafd2045d8d0726e5d9c610441e162570b,f453c7d0926e3f0cc627a70ee82364f585a71604fb6a261deac2b0d52d5fcd0e,f453c7d0926e3f0cc627a70ee82364f585a71604fb6a261deac2b0d52d5fcd0e,EOL-only difference
Runtime/Pyre/PyreLayerFill.cs,62c6b0ea131641b74980b1ed7caa6d8bb9a788eca6aed248d0b5b235a120b400,9badc0a58e4577858ffdad5f2798587f2248e3565c1ddf462e07ca1268bf1b1d,62c6b0ea131641b74980b1ed7caa6d8bb9a788eca6aed248d0b5b235a120b400,62c6b0ea131641b74980b1ed7caa6d8bb9a788eca6aed248d0b5b235a120b400,EOL-only difference
Runtime/Pyre/PyreLayerKey.cs,55ffc26ae64baf265d1f22c2c595ced6d2dc94648b05d71ed6a1966a3e1f1e5a,6446c6ba9db8929b147e7d0858a858c34de85309c0c9879b064c53ddc4654c74,55ffc26ae64baf265d1f22c2c595ced6d2dc94648b05d71ed6a1966a3e1f1e5a,55ffc26ae64baf265d1f22c2c595ced6d2dc94648b05d71ed6a1966a3e1f1e5a,EOL-only difference
Runtime/Pyre/PyrePrepassCache.cs,a94176f0693563a2b59a790902c9776ea9a6c7916ad015f9d3d0658adbeb8f90,79d4665e320e6419b38088004f7ea4ea1b84ea3b01ed0d4e7b050da47cbd3d7e,a94176f0693563a2b59a790902c9776ea9a6c7916ad015f9d3d0658adbeb8f90,a94176f0693563a2b59a790902c9776ea9a6c7916ad015f9d3d0658adbeb8f90,EOL-only difference
Runtime/Pyre/PyreRenderer.Layers.cs,8db722ae0d00676969e2b38f4698fd45a944094ab0afce1eca72679b92caec6e,a1a673ac9afb32872edc6194c7c625757499977537dcaa57ef95507fcf073849,8db722ae0d00676969e2b38f4698fd45a944094ab0afce1eca72679b92caec6e,8db722ae0d00676969e2b38f4698fd45a944094ab0afce1eca72679b92caec6e,EOL-only difference
Runtime/Pyre/PyreRenderer.cs,dbeb6feca9c064e1a5466c47d86291213a719cc84f19cba4b641a4e095860574,e3c393c63b8c725f9edc5ed3313a7a091fc956505431fc51c5a100b3b21fe50f,dbeb6feca9c064e1a5466c47d86291213a719cc84f19cba4b641a4e095860574,dbeb6feca9c064e1a5466c47d86291213a719cc84f19cba4b641a4e095860574,EOL-only difference
Runtime/Pyre/PyreShade.cs,c56bfbe861b134e6725fdc65128e668afd14582ddd5b894ec1984fa58d15b664,e9a576be76ed42cc32ecf44cbc1ccc86525ce1eab98e2579292b8e81c0606aee,c56bfbe861b134e6725fdc65128e668afd14582ddd5b894ec1984fa58d15b664,c56bfbe861b134e6725fdc65128e668afd14582ddd5b894ec1984fa58d15b664,EOL-only difference
Runtime/Pyre/PyreSpawnSource.cs,d7f58c597e1ef8b0cb4f7e5915d9d9d0c9a8180b867056560ebddc3df2379e87,d7f58c597e1ef8b0cb4f7e5915d9d9d0c9a8180b867056560ebddc3df2379e87,d7f58c597e1ef8b0cb4f7e5915d9d9d0c9a8180b867056560ebddc3df2379e87,d7f58c597e1ef8b0cb4f7e5915d9d9d0c9a8180b867056560ebddc3df2379e87,raw match
Runtime/Pyre/PyreSupersample.cs,db93078748095d9076ae937719d9964bee3cb5b76d5061f63048f9c5fd2c0bc7,30b1695b8a74cd8ba4ddd000acbe0c85d4cbd40ff5ee4e5bd5018bb048c44807,db93078748095d9076ae937719d9964bee3cb5b76d5061f63048f9c5fd2c0bc7,db93078748095d9076ae937719d9964bee3cb5b76d5061f63048f9c5fd2c0bc7,EOL-only difference
Runtime/Qullection/Qullection.asmdef,c35a1e5f9f50c7418307b97c5945f5172de5566eaa4917c6f56053f7478caf44,652e531ab14ff0dc4fbc8fee6b6e86474ce88831fdb0f5057222481f1dd25a3d,c35a1e5f9f50c7418307b97c5945f5172de5566eaa4917c6f56053f7478caf44,c35a1e5f9f50c7418307b97c5945f5172de5566eaa4917c6f56053f7478caf44,EOL-only difference
Runtime/Qullection/Qullection.cs,b3c73f7af4ba318230c33b181313b9d8c74195003b2f534918e2d3efd5aa2978,298ffe9c25e0ec9d25ba482e7d3c17c17e09ea723a45edd0918fdc446d55b5ee,b3c73f7af4ba318230c33b181313b9d8c74195003b2f534918e2d3efd5aa2978,b3c73f7af4ba318230c33b181313b9d8c74195003b2f534918e2d3efd5aa2978,EOL-only difference
Runtime/Randomizers/Randomizers.asmdef,ec508d044cb61e51b0203a79d187a6139d896350f00015e1a5f8fa5339c0e8f2,be865737c86c0ace72505f2b2f2e575ff05f2c30001ba016c3ae91633d479864,ec508d044cb61e51b0203a79d187a6139d896350f00015e1a5f8fa5339c0e8f2,ec508d044cb61e51b0203a79d187a6139d896350f00015e1a5f8fa5339c0e8f2,EOL-only difference
Runtime/Randomizers/Randomizers.cs,4756fde414f14982ae360eff5e0aedf048d55da9fd267fec791bd6d1597a102b,23ef3583b025681ae2bdbea1281ece369cee39894c90a26c1147fd62dca6a733,4756fde414f14982ae360eff5e0aedf048d55da9fd267fec791bd6d1597a102b,4756fde414f14982ae360eff5e0aedf048d55da9fd267fec791bd6d1597a102b,EOL-only difference
Runtime/Rulesets/GameRule.cs,d1bec99aba4f7293e8d36cbcad1df2d26ac48e0892951c99c7c23f644a97408f,d1bec99aba4f7293e8d36cbcad1df2d26ac48e0892951c99c7c23f644a97408f,d1bec99aba4f7293e8d36cbcad1df2d26ac48e0892951c99c7c23f644a97408f,d1bec99aba4f7293e8d36cbcad1df2d26ac48e0892951c99c7c23f644a97408f,raw match
Runtime/Rulesets/RuleMetadata.cs,e3c07cc7fb879bb8b93b5a8a27a85b49a256e16c28e7c56e0c8e2a54b682066e,e3c07cc7fb879bb8b93b5a8a27a85b49a256e16c28e7c56e0c8e2a54b682066e,e3c07cc7fb879bb8b93b5a8a27a85b49a256e16c28e7c56e0c8e2a54b682066e,e3c07cc7fb879bb8b93b5a8a27a85b49a256e16c28e7c56e0c8e2a54b682066e,raw match
Runtime/Rulesets/RuleParams.cs,b34a0eca4561066773108c3237d159c4b58605ad490394a981fa3c29289d91f7,b34a0eca4561066773108c3237d159c4b58605ad490394a981fa3c29289d91f7,b34a0eca4561066773108c3237d159c4b58605ad490394a981fa3c29289d91f7,b34a0eca4561066773108c3237d159c4b58605ad490394a981fa3c29289d91f7,raw match
Runtime/Rulesets/RuleSet.cs,6f347d1ffbb9e3fe7a16897b9bc6595efc2250923b10678b1b8d982bb6b3b6a5,6f347d1ffbb9e3fe7a16897b9bc6595efc2250923b10678b1b8d982bb6b3b6a5,6f347d1ffbb9e3fe7a16897b9bc6595efc2250923b10678b1b8d982bb6b3b6a5,6f347d1ffbb9e3fe7a16897b9bc6595efc2250923b10678b1b8d982bb6b3b6a5,raw match
Runtime/Rulesets/RuleSetManager.cs,3d2e4fefcd81b0270e47980cb3831b72a261b2d60ef23761bead02afff24b300,3d2e4fefcd81b0270e47980cb3831b72a261b2d60ef23761bead02afff24b300,3d2e4fefcd81b0270e47980cb3831b72a261b2d60ef23761bead02afff24b300,3d2e4fefcd81b0270e47980cb3831b72a261b2d60ef23761bead02afff24b300,raw match
Runtime/Rulesets/RuleTaxonomy.cs,3892bfbf3d8aa42523f25bc7322ad3ae62444638835b31cb6abb0f8871571c96,3892bfbf3d8aa42523f25bc7322ad3ae62444638835b31cb6abb0f8871571c96,3892bfbf3d8aa42523f25bc7322ad3ae62444638835b31cb6abb0f8871571c96,3892bfbf3d8aa42523f25bc7322ad3ae62444638835b31cb6abb0f8871571c96,raw match
Runtime/Rulesets/RulesHost.cs,47bf3cc66ca4fda34bc33a9ae4fcb73f246f6c19bf46d752d0205a653c4ca7ce,47bf3cc66ca4fda34bc33a9ae4fcb73f246f6c19bf46d752d0205a653c4ca7ce,47bf3cc66ca4fda34bc33a9ae4fcb73f246f6c19bf46d752d0205a653c4ca7ce,47bf3cc66ca4fda34bc33a9ae4fcb73f246f6c19bf46d752d0205a653c4ca7ce,raw match
Runtime/Rulesets/Rulesets.asmdef,a4f1b7d6cee1eeb7b0648b35f595453a237ade1fd4df1234dfb9063ae733cb79,a4f1b7d6cee1eeb7b0648b35f595453a237ade1fd4df1234dfb9063ae733cb79,a4f1b7d6cee1eeb7b0648b35f595453a237ade1fd4df1234dfb9063ae733cb79,a4f1b7d6cee1eeb7b0648b35f595453a237ade1fd4df1234dfb9063ae733cb79,raw match
Runtime/SaveGame/LoadSaveManager.cs,794222f81178c0e867e15f5095697ddf45252347d457e28d5f58ffb5b9d2dbe3,0f04dbb389bc1b56e77d18d9454bacf401692c7c67c6465273264b8187be87ab,794222f81178c0e867e15f5095697ddf45252347d457e28d5f58ffb5b9d2dbe3,794222f81178c0e867e15f5095697ddf45252347d457e28d5f58ffb5b9d2dbe3,EOL-only difference
Runtime/SaveGame/MetadataExtensions.cs,8b8be609844043ee8848290024ddd9be4342336f1c8961ae8588e124f60bd5b0,82849d53928cb0204aa1ddc3c20ee06ca6c4f0f6f3d1fef9ca3a3a9367680f0e,8b8be609844043ee8848290024ddd9be4342336f1c8961ae8588e124f60bd5b0,8b8be609844043ee8848290024ddd9be4342336f1c8961ae8588e124f60bd5b0,EOL-only difference
Runtime/SaveGame/SaveFile.cs,4e50d4fc4bee741c297348d530f43c2d64e816a199d0715a490c0e807c4c4d30,1d26f397556691b4469d5b8bb28fef36df0a5414c2cd5efa8c34fece0bb02932,4e50d4fc4bee741c297348d530f43c2d64e816a199d0715a490c0e807c4c4d30,4e50d4fc4bee741c297348d530f43c2d64e816a199d0715a490c0e807c4c4d30,EOL-only difference
Runtime/SaveGame/SaveGame.asmdef,fc030b728a2a6f52eb7434f3023fceb3c86e0c1823ffe0ead6a6d2239369bde9,af5df111ae6f6f9fa6f4aa72c96a39438513716aec69c6cc2a138f7b93648ef7,fc030b728a2a6f52eb7434f3023fceb3c86e0c1823ffe0ead6a6d2239369bde9,fc030b728a2a6f52eb7434f3023fceb3c86e0c1823ffe0ead6a6d2239369bde9,EOL-only difference
Runtime/SaveGame/Snapshot.cs,f958689804f88db8a57ee6e34f827bb1b9831cf931090c2ad1c00cc7005ee865,dc3c9995332d10f2c9799db9905e181eabb6b6d2736b165b14aade9b714e9b46,f958689804f88db8a57ee6e34f827bb1b9831cf931090c2ad1c00cc7005ee865,f958689804f88db8a57ee6e34f827bb1b9831cf931090c2ad1c00cc7005ee865,EOL-only difference
Runtime/SceneDirector/SceneDirector.asmdef,69c4a75d07574681a81308dcfb60dd2a76a034f8275573924b4c1b01d988697e,8f9a610aad4b325cc387305fbf977f162f1206b441cf5f32950aaa65b4ca0f05,69c4a75d07574681a81308dcfb60dd2a76a034f8275573924b4c1b01d988697e,69c4a75d07574681a81308dcfb60dd2a76a034f8275573924b4c1b01d988697e,EOL-only difference
Runtime/SceneDirector/SceneDirector.cs,87171c8644f95bc7585253243b32e51af6b08fd9cb5486cc3f8bab799a799597,f6f75d55e14437de4b8ae8bd61a474d82d1178de788c37152a8630dd4f8fbd45,87171c8644f95bc7585253243b32e51af6b08fd9cb5486cc3f8bab799a799597,87171c8644f95bc7585253243b32e51af6b08fd9cb5486cc3f8bab799a799597,EOL-only difference
Runtime/SimpleMenu/Attributes/MenuIdAttribute.cs,3cc96a0a11c70fa59cb8d9d15d8200cff6b006ea7333046a9a69ced4162d31f8,d0bdce2bbc38d693aee0b62c43134c348c2d68eb607b2cb9336385a71955e7f2,3cc96a0a11c70fa59cb8d9d15d8200cff6b006ea7333046a9a69ced4162d31f8,3cc96a0a11c70fa59cb8d9d15d8200cff6b006ea7333046a9a69ced4162d31f8,EOL-only difference
Runtime/SimpleMenu/Attributes/SimpleMenuButtonAttribute.cs,eabaabf6667a57a3a6a50fddd8771106de7f20ab3f82f0348088c8428cfb0acd,d06171a42b05a729d99cf820d1ed96cde23af6a4b913c69f08dc277d519dc4e5,eabaabf6667a57a3a6a50fddd8771106de7f20ab3f82f0348088c8428cfb0acd,eabaabf6667a57a3a6a50fddd8771106de7f20ab3f82f0348088c8428cfb0acd,EOL-only difference
Runtime/SimpleMenu/Attributes/SimpleMenuDropdownAttribute.cs,e5fa1b6ee56f2d74f4bc48a2453b3214693617db872e96f86ee732a8a0e235a7,24938d0f654a818b19c74bcfc2ae80a33bd6301b13a757b12bf83e2e2e0960cd,e5fa1b6ee56f2d74f4bc48a2453b3214693617db872e96f86ee732a8a0e235a7,e5fa1b6ee56f2d74f4bc48a2453b3214693617db872e96f86ee732a8a0e235a7,EOL-only difference
Runtime/SimpleMenu/Attributes/SimpleMenuInputFieldAttribute.cs,df42eba58bbc941a12b57acc1402c2fbbbf9c2308f3893bc0e15d7931d8c34f0,9a2b4fe5f10a100e23205eb969e62214207e6c6da8b418159609ff6a0f0a0d3a,df42eba58bbc941a12b57acc1402c2fbbbf9c2308f3893bc0e15d7931d8c34f0,df42eba58bbc941a12b57acc1402c2fbbbf9c2308f3893bc0e15d7931d8c34f0,EOL-only difference
Runtime/SimpleMenu/Attributes/SimpleMenuLabelAttribute.cs,b875d7ce0adb2232147ab41bf8db5735646ec0dd94fbe969fe26b7472760e438,2ede34d7d5311b82abe80235c47db623d75b7023e3e0ad81f38ad3d2f403cba4,b875d7ce0adb2232147ab41bf8db5735646ec0dd94fbe969fe26b7472760e438,b875d7ce0adb2232147ab41bf8db5735646ec0dd94fbe969fe26b7472760e438,EOL-only difference
Runtime/SimpleMenu/Attributes/SimpleMenuLayoutAttribute.cs,20f3daef5417c7d14686bd0cddba39183df82866b708167598c22a8c70ef57d8,308c5fbe0636293cb6b865282f384a9829712501141cf8d7f81332140aa3473b,20f3daef5417c7d14686bd0cddba39183df82866b708167598c22a8c70ef57d8,20f3daef5417c7d14686bd0cddba39183df82866b708167598c22a8c70ef57d8,EOL-only difference
Runtime/SimpleMenu/Attributes/SimpleMenuLinkAttribute.cs,6aa64554bdf9380caf73075ed658c1c530cb90b69ac24605ee92feb04047c818,eb1b9226f8fb95eb0c8713093a86abf5756d1e382037636a1a261375494d68f1,6aa64554bdf9380caf73075ed658c1c530cb90b69ac24605ee92feb04047c818,6aa64554bdf9380caf73075ed658c1c530cb90b69ac24605ee92feb04047c818,EOL-only difference
Runtime/SimpleMenu/Attributes/SimpleMenuSliderAttribute.cs,314b3389ccdf05f6627c87a889b165f8e3eede10f13f0224dcee2298f4bf1d8c,10db939925c42e0405463953a4d08685781abfe873e4d8e7d5ced3130460ae99,314b3389ccdf05f6627c87a889b165f8e3eede10f13f0224dcee2298f4bf1d8c,314b3389ccdf05f6627c87a889b165f8e3eede10f13f0224dcee2298f4bf1d8c,EOL-only difference
Runtime/SimpleMenu/Attributes/SimpleMenuTextBoxAttribute.cs,6d9426867df36baff3cc13b6679f5771a5d74585efd991f7011ce31cbb5dd443,e0fba2badbfa71628bb84b372fc9d4f617b4e8609dc914372c680170238b22d9,6d9426867df36baff3cc13b6679f5771a5d74585efd991f7011ce31cbb5dd443,6d9426867df36baff3cc13b6679f5771a5d74585efd991f7011ce31cbb5dd443,EOL-only difference
Runtime/SimpleMenu/Attributes/SimpleMenuToggleAttribute.cs,45af9f747b7d22bc098a086f8bd4fb61a0d0c71a04272ffa26bf1548f82edfd8,23257b6d2339a0de28555d4fc58c25c73200b08a711a3b2804bad9b140fb83c3,45af9f747b7d22bc098a086f8bd4fb61a0d0c71a04272ffa26bf1548f82edfd8,45af9f747b7d22bc098a086f8bd4fb61a0d0c71a04272ffa26bf1548f82edfd8,EOL-only difference
Runtime/SimpleMenu/Attributes/SubMenuAttribute.cs,5dc1c8d5f04ade9b91b9671a6bbfbcf88b8791eced84586d7813dd52db432733,972748f1f6d5e9c4eb32d5da11d6db142ce0cd64df7972490c38e5143f51afa9,5dc1c8d5f04ade9b91b9671a6bbfbcf88b8791eced84586d7813dd52db432733,5dc1c8d5f04ade9b91b9671a6bbfbcf88b8791eced84586d7813dd52db432733,EOL-only difference
Runtime/SimpleMenu/HackyHeightScript.cs,3118249c4ca1324118245e277068a8169575f6de92d6c8d45192711109b1cb7a,bad6799f2c6a4b8846e75672cd772b21e2698e678504071e31db7c7dc43e98ef,3118249c4ca1324118245e277068a8169575f6de92d6c8d45192711109b1cb7a,3118249c4ca1324118245e277068a8169575f6de92d6c8d45192711109b1cb7a,EOL-only difference
Runtime/SimpleMenu/PreserveHeight.cs,7e14705832ab1c30b4faef33b7a85656a931a4e6b302883414cde000aca6d674,1ca24965d28d880442bc290ebe4cda9cd28877387ffec3e894869b44396ed9d8,7e14705832ab1c30b4faef33b7a85656a931a4e6b302883414cde000aca6d674,7e14705832ab1c30b4faef33b7a85656a931a4e6b302883414cde000aca6d674,EOL-only difference
Runtime/SimpleMenu/SimpleMenu.asmdef,99e4c6210daf9f9f4f309050189c589fbe09b364e9b665a82223bf6beae96ca2,89aff82cdb52a45e4c9d8f05007bc4cee8eeb51bd47407c741b91277fc02ebee,99e4c6210daf9f9f4f309050189c589fbe09b364e9b665a82223bf6beae96ca2,99e4c6210daf9f9f4f309050189c589fbe09b364e9b665a82223bf6beae96ca2,EOL-only difference
Runtime/SimpleMenu/SimpleMenuBase.cs,49a6cdcfb4da64da5d12332e21f1eb39e706dc6f0023bf4f31df6e3984052675,9695c8b099523808f0c66ef5157c60d81ae31ca49f803e194a0a35b527ec9dfc,49a6cdcfb4da64da5d12332e21f1eb39e706dc6f0023bf4f31df6e3984052675,49a6cdcfb4da64da5d12332e21f1eb39e706dc6f0023bf4f31df6e3984052675,EOL-only difference
Runtime/SimpleMenu/SimpleMenuElementAnimConfig.cs,e365f9965754bd5d95a8c5669ce0ef89f5de45dd67be99302c3ee3a751ff52a9,aa01f502180784546caecbc4b745baee3a29573fbd54ac19cdc30a9536cff1e8,e365f9965754bd5d95a8c5669ce0ef89f5de45dd67be99302c3ee3a751ff52a9,e365f9965754bd5d95a8c5669ce0ef89f5de45dd67be99302c3ee3a751ff52a9,EOL-only difference
Runtime/SimpleMenu/SimpleMenuSettings.cs,aebf54e9c83be64e25ee61ddadba71abc5edbc714eee44642c943315b547da90,55df2b2db167ef23b50620e1123f71d4532a2f29883b5e18742da9b100c173bc,aebf54e9c83be64e25ee61ddadba71abc5edbc714eee44642c943315b547da90,aebf54e9c83be64e25ee61ddadba71abc5edbc714eee44642c943315b547da90,EOL-only difference
Runtime/SimpleMenu/SimpleMenuStartupDelay.cs,2c262e071400669c0b457c7f63d2ff9fa4ea867d7333bd03d820a909fb10917d,737a394fe9824b7fcbba5a766e4559f82abd4aab0629871a6ae7b2c5535bb28e,2c262e071400669c0b457c7f63d2ff9fa4ea867d7333bd03d820a909fb10917d,2c262e071400669c0b457c7f63d2ff9fa4ea867d7333bd03d820a909fb10917d,EOL-only difference
Runtime/SimpleMenu/SimpleMenuVisual.cs,a827bb3c6b3e3b05f9588ab86944456abe79aeca667c9ece1cd64a94869765f9,693b29ef4d0915bb3e83556f2b605e53b3fd547a20377fb0b24646d56be9e97f,a827bb3c6b3e3b05f9588ab86944456abe79aeca667c9ece1cd64a94869765f9,a827bb3c6b3e3b05f9588ab86944456abe79aeca667c9ece1cd64a94869765f9,EOL-only difference
Runtime/SimpleUI/Attributes/SimpleUISliderAttribute.cs,f05c7575eee27df2ab9a29174ff590007289ab80c1c6d6762d109ecd496a45b5,1597c3bbdaf644cfef26170e42d3f8ef29be73a84d0522ec0d081fbea5166cf3,f05c7575eee27df2ab9a29174ff590007289ab80c1c6d6762d109ecd496a45b5,f05c7575eee27df2ab9a29174ff590007289ab80c1c6d6762d109ecd496a45b5,EOL-only difference
Runtime/SimpleUI/BindingCache.cs,c296359612b45cadf3cfa1143e6f39bd0336d6b36edb9b29a41d78ff48a047eb,204d215744c34b27486c5623ccacd263f69350131b95f96b2af74d78d7627aab,c296359612b45cadf3cfa1143e6f39bd0336d6b36edb9b29a41d78ff48a047eb,c296359612b45cadf3cfa1143e6f39bd0336d6b36edb9b29a41d78ff48a047eb,EOL-only difference
Runtime/SimpleUI/BindingReport.cs,698c5fed72febd778ea680049e8df2f5c36b58b5b488742d9feb28ce4f5b6120,f48d084be27e88f328f91d51f6be0a12f68f09515f32e8ecd5994a686c9cc729,698c5fed72febd778ea680049e8df2f5c36b58b5b488742d9feb28ce4f5b6120,698c5fed72febd778ea680049e8df2f5c36b58b5b488742d9feb28ce4f5b6120,EOL-only difference
Runtime/SimpleUI/BindingResolver.cs,66aad63def902be2a24302bebc1849372ed9e4c33013d111a87677055c370368,033de11e37442c0de7bcac03e8f225ab575a8966eb649e4bf4170161edd36cc2,66aad63def902be2a24302bebc1849372ed9e4c33013d111a87677055c370368,66aad63def902be2a24302bebc1849372ed9e4c33013d111a87677055c370368,EOL-only difference
Runtime/SimpleUI/GeneratePropertiesAttribute.cs,d0e6ef353a73bcebbece2c3ed26aa49347710534b87997fc90404b6a28ddb91c,919639d68334d1e7a4e455cb0a2cd50bb12665e5df79956ad8a64a5926128a79,d0e6ef353a73bcebbece2c3ed26aa49347710534b87997fc90404b6a28ddb91c,d0e6ef353a73bcebbece2c3ed26aa49347710534b87997fc90404b6a28ddb91c,EOL-only difference
Runtime/SimpleUI/GeneratePropertyAttribute.cs,530a2be502525f356aefb40aa5ee2377282a95631c12fb56ec4e899d42c59197,93f042f989a3af88ba3900f918555901093e6693b8ee724d7c6b9087b64c39f8,530a2be502525f356aefb40aa5ee2377282a95631c12fb56ec4e899d42c59197,530a2be502525f356aefb40aa5ee2377282a95631c12fb56ec4e899d42c59197,EOL-only difference
Runtime/SimpleUI/IgnorePropertyGenerationAttribute.cs,70e45d155b63d7f609fb455da031ac1b881eb28de51ca058c7feacd229e0d33e,e13c963ff2a462408c4668db41e173a24311097bbbfc6efd697b456fe292ed90,70e45d155b63d7f609fb455da031ac1b881eb28de51ca058c7feacd229e0d33e,70e45d155b63d7f609fb455da031ac1b881eb28de51ca058c7feacd229e0d33e,EOL-only difference
Runtime/SimpleUI/SimpleUI.asmdef,9aeb55056fb86ab82019f7d77b49baad3dd0d62e12a3123dd1f08014fb981b6d,2f99775674c66fee30d6adf8e771963dbf7f4d35096b6453b191414e41444e35,9aeb55056fb86ab82019f7d77b49baad3dd0d62e12a3123dd1f08014fb981b6d,9aeb55056fb86ab82019f7d77b49baad3dd0d62e12a3123dd1f08014fb981b6d,EOL-only difference
Runtime/SimpleUI/SimpleUIAttribute.cs,cfa3a4293976e21d1c4ea9e9cce40b85d2189381194c3fbc1e43c66e1f6b38ca,843613d562709941a72fdab1c60792a30a97046c87b37ef5070ee26582f533f7,cfa3a4293976e21d1c4ea9e9cce40b85d2189381194c3fbc1e43c66e1f6b38ca,cfa3a4293976e21d1c4ea9e9cce40b85d2189381194c3fbc1e43c66e1f6b38ca,EOL-only difference
Runtime/SimpleUI/SimpleUIBindAttribute.cs,578fa48f03b287a4b4fefc6a55b3dd908d347e7018eea874f0a5818b5f72ed58,8046e2e54cfb765783ab6dad6ceccaba13de0e7e8555709a9eef28ed83f236b2,578fa48f03b287a4b4fefc6a55b3dd908d347e7018eea874f0a5818b5f72ed58,578fa48f03b287a4b4fefc6a55b3dd908d347e7018eea874f0a5818b5f72ed58,EOL-only difference
Runtime/SimpleUI/SimpleUIBuilder.cs,053b11e444635eb5294e352ff6f577ad37cfae8f97fc325a52e1aa935eeb604e,761332fb07977a0c86586b08ebbbed94a8f0b7ebfd0e5109f8257d43d18f24e2,053b11e444635eb5294e352ff6f577ad37cfae8f97fc325a52e1aa935eeb604e,053b11e444635eb5294e352ff6f577ad37cfae8f97fc325a52e1aa935eeb604e,EOL-only difference
Runtime/SimpleUI/SimpleUIComponentAttribute.cs,467cc4ffc90c680185c850a6ce171ada67739abe2bd627de671830963976dcba,7d4e26b8a7b813b9588f449ace78077f9e7a4f4a5b22bb02c278620b1de5cdf3,467cc4ffc90c680185c850a6ce171ada67739abe2bd627de671830963976dcba,467cc4ffc90c680185c850a6ce171ada67739abe2bd627de671830963976dcba,EOL-only difference
Runtime/SimpleUI/SimpleUIEditableField.cs,e74ab763aeef659ffda86a70844a4ed1b3680fb7678f7dab433cf63ea61a02ef,4a378cf09ec1658fb581883e3aac6771bce3247d16f2a0fe0fc0733c8a62d541,e74ab763aeef659ffda86a70844a4ed1b3680fb7678f7dab433cf63ea61a02ef,e74ab763aeef659ffda86a70844a4ed1b3680fb7678f7dab433cf63ea61a02ef,EOL-only difference
Runtime/SimpleUI/SimpleUIEnums.cs,8ebc3ebe5eef5010707efb1e94c7aad01ab940ca9e2dc3cc229e5857990ae066,e8ca2f06b558cd7132d175d37b24899d4ba86e6653e102544ec6e4dfdc9a0d36,8ebc3ebe5eef5010707efb1e94c7aad01ab940ca9e2dc3cc229e5857990ae066,8ebc3ebe5eef5010707efb1e94c7aad01ab940ca9e2dc3cc229e5857990ae066,EOL-only difference
Runtime/SimpleUI/SimpleUIException.cs,c75f96a4ea9cbdf8dff7772e44472d6b5c5281d09a06880c9e05a89fcf27834c,9c6b90e9a4fabf32392e0f26c4d36b5fdcc1f13b4725573d4aa1987cc7c46e7d,c75f96a4ea9cbdf8dff7772e44472d6b5c5281d09a06880c9e05a89fcf27834c,c75f96a4ea9cbdf8dff7772e44472d6b5c5281d09a06880c9e05a89fcf27834c,EOL-only difference
Runtime/SimpleUI/SimpleUIFormatAttribute.cs,434e341831b33b37cfbf170ac92f1b60d073df07d6866368d49392cf5dacfe62,2093d9f68711907a4f6e92da83aaa91cc06497a7bf441d93bca1a7a649969112,434e341831b33b37cfbf170ac92f1b60d073df07d6866368d49392cf5dacfe62,434e341831b33b37cfbf170ac92f1b60d073df07d6866368d49392cf5dacfe62,EOL-only difference
Runtime/SimpleUI/SimpleUIIgnoreAttribute.cs,871360a0082cd6a72dead4df9a3d5a99279fa2eadfd50c129945c57fa1b663b8,b6034a4c11dc180c98d3150ac3697f6356860aaf1b8323b1e06f34bb4c106d8f,871360a0082cd6a72dead4df9a3d5a99279fa2eadfd50c129945c57fa1b663b8,871360a0082cd6a72dead4df9a3d5a99279fa2eadfd50c129945c57fa1b663b8,EOL-only difference
Runtime/SimpleUI/SimpleUIPathAttribute.cs,8dfec28c87f9dd14709477c8cb630c2cd6c12781681a798cb2045a3af1412cd4,50e3e94d22bc07f528449ee7bcecde8c07ca305568ec9bfbf1dce7a1617a4da9,8dfec28c87f9dd14709477c8cb630c2cd6c12781681a798cb2045a3af1412cd4,8dfec28c87f9dd14709477c8cb630c2cd6c12781681a798cb2045a3af1412cd4,EOL-only difference
Runtime/SimpleUI/SimpleUIPoco.cs,c0758a5f05d41b7b44968cd1dafadd548eedaab78432b3a0454ba4317111d441,cb0fa6750f55c8ab40a2daa892c5ed0bce3b176d40a99846675f44a557184e2e,c0758a5f05d41b7b44968cd1dafadd548eedaab78432b3a0454ba4317111d441,c0758a5f05d41b7b44968cd1dafadd548eedaab78432b3a0454ba4317111d441,EOL-only difference
Runtime/SimpleUI/SimpleUIView.cs,8524ef1b2cd8995f391ac85cd75056af480a8476bfe0ce374179807a9ff72080,37af89e87a7511bcb363fef95b650955870dd970da683e712538ca8446a6abe9,8524ef1b2cd8995f391ac85cd75056af480a8476bfe0ce374179807a9ff72080,8524ef1b2cd8995f391ac85cd75056af480a8476bfe0ce374179807a9ff72080,EOL-only difference
Runtime/SimpleUI/ValueChangedEventArgs.cs,3ba92f65c0646d959abab76a260490ed04b81e410e3b1336bb26e39e301b51d1,54be30fdad2a67b4773ba44d430c28f2a5be0a53207eb2b0390a82e9836d3f0e,3ba92f65c0646d959abab76a260490ed04b81e410e3b1336bb26e39e301b51d1,3ba92f65c0646d959abab76a260490ed04b81e410e3b1336bb26e39e301b51d1,EOL-only difference
Runtime/SmartStats/BoolStat.cs,8616465b278e4c234b0ba6c51835c8f055ba6d19f86875a2792af8e6c5422a46,c3d084171d263b8a4b69b6c018084c19a920964129613201821a333de225f5ae,8616465b278e4c234b0ba6c51835c8f055ba6d19f86875a2792af8e6c5422a46,8616465b278e4c234b0ba6c51835c8f055ba6d19f86875a2792af8e6c5422a46,EOL-only difference
Runtime/SmartStats/BoolStatModifiers/BoolStatModifier.cs,1a6c3a133599ff585792e215e2886ac7201c69cbbc504345f5d2df83a61c7b44,b1fb9d7e17231816d9b63b0c43168f88229d9d73a97c2183a1221c113d134f6b,1a6c3a133599ff585792e215e2886ac7201c69cbbc504345f5d2df83a61c7b44,1a6c3a133599ff585792e215e2886ac7201c69cbbc504345f5d2df83a61c7b44,EOL-only difference
Runtime/SmartStats/BoolStatModifiers/BoolStatModifierBase.cs,807cff1b41ab15c89540dc2c6ee9735d5bfe812629ea43dbc086a543fe9ccac3,e3d725c9540d1de2d073ae437aba95d89fcfa378c591de5ee7739948d718dbcb,807cff1b41ab15c89540dc2c6ee9735d5bfe812629ea43dbc086a543fe9ccac3,807cff1b41ab15c89540dc2c6ee9735d5bfe812629ea43dbc086a543fe9ccac3,EOL-only difference
Runtime/SmartStats/BoolStatModifiers/BoolStatTimerModifier.cs,c21aad6439b3e3a6f9f1b86557455e4362cb22313c0ad402698acf811a5e0cd1,a234c8ae23e5583106f22f5b0a20f2616e4e467a0437bca37aa425f398fe398d,c21aad6439b3e3a6f9f1b86557455e4362cb22313c0ad402698acf811a5e0cd1,c21aad6439b3e3a6f9f1b86557455e4362cb22313c0ad402698acf811a5e0cd1,EOL-only difference
Runtime/SmartStats/Engine/AutoRegisterStatsAttribute.cs,3e3e4ce253768cb26e0f47e79c7358222acd90fa411a01ff5ebd6a8e794a17d0,a23f6bd7540d5a4b338d1e200d9d84054afb7ef1581183a8a88dc3fb177d6b9e,3e3e4ce253768cb26e0f47e79c7358222acd90fa411a01ff5ebd6a8e794a17d0,3e3e4ce253768cb26e0f47e79c7358222acd90fa411a01ff5ebd6a8e794a17d0,EOL-only difference
Runtime/SmartStats/Engine/AutoRegisterStatsBehaviour.cs,452ef65a161fad6c528cbaae13e71986ebc7b7d265ca612c7383643cf4ad52f9,a80e411ec726e0d38943ffd944689ba06a51c020bdfa82e1779ec0c84939d0e3,452ef65a161fad6c528cbaae13e71986ebc7b7d265ca612c7383643cf4ad52f9,452ef65a161fad6c528cbaae13e71986ebc7b7d265ca612c7383643cf4ad52f9,EOL-only difference
Runtime/SmartStats/Engine/IUpdateable.cs,2ce0b0ced9da9898aa8aac08210dc9aef757a9a6672bbc98524ca68ebffe798f,06e85d56cde03a96bcf86765caabf87c2f13f27bd2b4b8067df2db56a9cd5aaa,2ce0b0ced9da9898aa8aac08210dc9aef757a9a6672bbc98524ca68ebffe798f,2ce0b0ced9da9898aa8aac08210dc9aef757a9a6672bbc98524ca68ebffe798f,EOL-only difference
Runtime/SmartStats/Engine/SmartStatsConfig.cs,40cb192c7b8640d8c580fcadd6c8c5d1d625f6b09e04edaf70477c819055be79,fd8ff24671692855da2d101c206c223ce2a0bf29bf656bb0c3bf9ed041bd8786,40cb192c7b8640d8c580fcadd6c8c5d1d625f6b09e04edaf70477c819055be79,40cb192c7b8640d8c580fcadd6c8c5d1d625f6b09e04edaf70477c819055be79,EOL-only difference
Runtime/SmartStats/Engine/StatExtensions.cs,f6e9c63f9aa3797e8d15f2f1440739f597e2b32dea79c4589924cbd25c8f17b0,e20d81d1be7080bf6174d634760f5f70f15aa4bdbd7f82feb6e3bfaf1caae040,f6e9c63f9aa3797e8d15f2f1440739f597e2b32dea79c4589924cbd25c8f17b0,f6e9c63f9aa3797e8d15f2f1440739f597e2b32dea79c4589924cbd25c8f17b0,EOL-only difference
Runtime/SmartStats/Engine/StatModifierBase.cs,82a4cf63580c575bf2a62414fa490bfa1a316d1ccc4c83ab0d3a53d997188390,56527dd2f4c7f7b827a2c266b168a37ced998f7fe32dfff67d6e57bb2dfed85f,82a4cf63580c575bf2a62414fa490bfa1a316d1ccc4c83ab0d3a53d997188390,82a4cf63580c575bf2a62414fa490bfa1a316d1ccc4c83ab0d3a53d997188390,EOL-only difference
Runtime/SmartStats/Engine/StatModifierTimer.cs,2ee0fc7eb32a734b438ae587a9b4c7f00c8ba5403d2e4795bda0876a71a2fa13,078d2da8af8446f8353eb9aaa07d7c66fec20b214f03dabb852047cd6068e025,2ee0fc7eb32a734b438ae587a9b4c7f00c8ba5403d2e4795bda0876a71a2fa13,2ee0fc7eb32a734b438ae587a9b4c7f00c8ba5403d2e4795bda0876a71a2fa13,EOL-only difference
Runtime/SmartStats/Engine/TimerMode.cs,3e81ca3b81681729c8a461f4d2ff1705d9365b536aed6114000f79da0d0d5bf6,305871eb1b201a293daa820bcf8c72670817eb2cce1298648b9f34110a6c828a,3e81ca3b81681729c8a461f4d2ff1705d9365b536aed6114000f79da0d0d5bf6,3e81ca3b81681729c8a461f4d2ff1705d9365b536aed6114000f79da0d0d5bf6,EOL-only difference
Runtime/SmartStats/Engine/UpdateEngine.cs,04ffbe739a899f93c3ff0a76a82db8e785a8024675a93632d0d71980b9a2ec94,135ce0ee21418b78d52a2ee9d43105fc615317fe2875b2abdc3228fe9a3c9870,04ffbe739a899f93c3ff0a76a82db8e785a8024675a93632d0d71980b9a2ec94,04ffbe739a899f93c3ff0a76a82db8e785a8024675a93632d0d71980b9a2ec94,EOL-only difference
Runtime/SmartStats/FloatStat.cs,309eedc3bc9411a441d0b280f2db6bb43012faa25f213c53d13b12ee730f8e20,38f7e3848c78db75783989c515061468cac11711f7eb9a33c14edc92fe89a6d0,309eedc3bc9411a441d0b280f2db6bb43012faa25f213c53d13b12ee730f8e20,309eedc3bc9411a441d0b280f2db6bb43012faa25f213c53d13b12ee730f8e20,EOL-only difference
Runtime/SmartStats/FloatStatModifiers/FloatAdditionModifier.cs,c47e7fa0dd8718c7a5fcd5cd1d71ca697464ce67e86f7879a4be1b4edcab6c30,b3ed2ea6bd2f9990faf5063446a68fa32ee5abb1fccb3999208a70a5eeffc7d1,c47e7fa0dd8718c7a5fcd5cd1d71ca697464ce67e86f7879a4be1b4edcab6c30,c47e7fa0dd8718c7a5fcd5cd1d71ca697464ce67e86f7879a4be1b4edcab6c30,EOL-only difference
Runtime/SmartStats/FloatStatModifiers/FloatDividerModifier.cs,7250092d083cdca240a784ccdf8a85d2d513ec1696f94fcf03f92bb877a09887,4b1a4d13de62592785747430672caafdda92811cd63081e125bdb2301a8c86a0,7250092d083cdca240a784ccdf8a85d2d513ec1696f94fcf03f92bb877a09887,7250092d083cdca240a784ccdf8a85d2d513ec1696f94fcf03f92bb877a09887,EOL-only difference
Runtime/SmartStats/FloatStatModifiers/FloatMultiplierModifier.cs,f932444445540360c61c10a0c84d8836e750f813f0e0bde724c1339492b2e24f,5160fa46744f4660a7fbc5270d7c404603eb87c450b985e03eb388a303dc19d9,f932444445540360c61c10a0c84d8836e750f813f0e0bde724c1339492b2e24f,f932444445540360c61c10a0c84d8836e750f813f0e0bde724c1339492b2e24f,EOL-only difference
Runtime/SmartStats/FloatStatModifiers/FloatStatConditionalModifier.cs,3760dba159bad15b8cf491220177627be659d9c96907bab9c8b02b5682933ec7,dc0593a263cfb7858dd465293aa4e329a8fc7f05b7c4e44375285ba0ad232914,3760dba159bad15b8cf491220177627be659d9c96907bab9c8b02b5682933ec7,3760dba159bad15b8cf491220177627be659d9c96907bab9c8b02b5682933ec7,EOL-only difference
Runtime/SmartStats/FloatStatModifiers/FloatStatModifier.cs,dedc23137599ddaaf7c7dfc28f5c4e102bd4ba5f40cae7df57d8272e032033bb,09e754e3181aa9f41eb2aae731896b9ba006ebf1612483ea9fb4b74ea6a70641,dedc23137599ddaaf7c7dfc28f5c4e102bd4ba5f40cae7df57d8272e032033bb,dedc23137599ddaaf7c7dfc28f5c4e102bd4ba5f40cae7df57d8272e032033bb,EOL-only difference
Runtime/SmartStats/FloatStatModifiers/FloatStatSwitchModifier.cs,e8e5ec7bfb193b0da8f650576d326af15a098aad5964a950303c62d16401168c,de88d45ef2163174dd43e234246a8a4684c50236f2bb2c4f8b47be96b9c6f2f4,e8e5ec7bfb193b0da8f650576d326af15a098aad5964a950303c62d16401168c,e8e5ec7bfb193b0da8f650576d326af15a098aad5964a950303c62d16401168c,EOL-only difference
Runtime/SmartStats/FloatStatModifiers/FloatStatTimerModifier.cs,abe479f13df48641b2e70b4658d4014d0b79be3250bba7f04cc100f85fc792f4,bae783227b10b828d4550e3b07a20a128945432c7262e19aad2ff77197517dfd,abe479f13df48641b2e70b4658d4014d0b79be3250bba7f04cc100f85fc792f4,abe479f13df48641b2e70b4658d4014d0b79be3250bba7f04cc100f85fc792f4,EOL-only difference
Runtime/SmartStats/IntStat.cs,9646b55db1c60f03060941c0cf3cb1f698d2510bfd203b67bace6cb28d81b636,eb0c2b592dd9aa7ab3f033803da5acb792ad88635cb4ab0d86eab5724ec8e54b,9646b55db1c60f03060941c0cf3cb1f698d2510bfd203b67bace6cb28d81b636,9646b55db1c60f03060941c0cf3cb1f698d2510bfd203b67bace6cb28d81b636,EOL-only difference
Runtime/SmartStats/IntStatModifiers/IntAdditionModifier.cs,a7949208de92609d4e51760298ef2ef8b5f02295cc80f9e8811e8c14ac0ff6ed,8046934f3da7a62cca2c3150673cc1ae8e02591a5a1e41ccbbac6022f5178b83,a7949208de92609d4e51760298ef2ef8b5f02295cc80f9e8811e8c14ac0ff6ed,a7949208de92609d4e51760298ef2ef8b5f02295cc80f9e8811e8c14ac0ff6ed,EOL-only difference
Runtime/SmartStats/IntStatModifiers/IntDividerModifier.cs,d82d333489a7123777f5f2fb3b9ccca6e3639a1bf5ecc31fed58196e8e26ac63,56ce462eee1fec4f63177a65ca2baaadcdf8a3ee878c5f97b1e500b05b69e437,d82d333489a7123777f5f2fb3b9ccca6e3639a1bf5ecc31fed58196e8e26ac63,d82d333489a7123777f5f2fb3b9ccca6e3639a1bf5ecc31fed58196e8e26ac63,EOL-only difference
Runtime/SmartStats/IntStatModifiers/IntMultiplierModifier.cs,fb77c571d5cd9c2656c95c6b7313113cf8ec050d92e7ed15d2ec9dd5ca3b8283,f7916d7a8041f962be17d85c7017871471889f8ee5ce25e571670b8a7c4d7ab8,fb77c571d5cd9c2656c95c6b7313113cf8ec050d92e7ed15d2ec9dd5ca3b8283,fb77c571d5cd9c2656c95c6b7313113cf8ec050d92e7ed15d2ec9dd5ca3b8283,EOL-only difference
Runtime/SmartStats/IntStatModifiers/IntStatModifier.cs,845eb8f6b239f3b26906c229e1a14b69603de7d6012182ef4413e33be7b547f7,da1c25e993bdbee46f9d7cb2ddc067f1b6d7201e32174174aa061f4e18034e0c,845eb8f6b239f3b26906c229e1a14b69603de7d6012182ef4413e33be7b547f7,845eb8f6b239f3b26906c229e1a14b69603de7d6012182ef4413e33be7b547f7,EOL-only difference
Runtime/SmartStats/IntStatModifiers/IntStatTimerModifier.cs,f51a8941492a76dcd829f3109e6d4c488f39fc36fd8103374458740d626f1cf3,9c57dd37458cc3d14219e96db06d03403f413ddd4cb9d4660259582bed96d3aa,f51a8941492a76dcd829f3109e6d4c488f39fc36fd8103374458740d626f1cf3,f51a8941492a76dcd829f3109e6d4c488f39fc36fd8103374458740d626f1cf3,EOL-only difference
Runtime/SmartStats/SmartStats.asmdef,2b70b3a43a32b6cb5e9d3d7a302db00c9da572912efcf1750509679968706b7c,e8b74511e190ad38231e3c5b63c5c9837cf3ece790e120c5cca7e27facee5e98,2b70b3a43a32b6cb5e9d3d7a302db00c9da572912efcf1750509679968706b7c,2b70b3a43a32b6cb5e9d3d7a302db00c9da572912efcf1750509679968706b7c,EOL-only difference
Runtime/SpriteFx/AssemblyInfo.cs,c7bc5177bb1a5f2ed6cc5e3606c23e8337dab2c44116be369f1155180bb3e55b,fcfd72faea5a5948154594cd2ec6ecf6c89f73cbfa67874dcfb2295d0355fed7,c7bc5177bb1a5f2ed6cc5e3606c23e8337dab2c44116be369f1155180bb3e55b,c7bc5177bb1a5f2ed6cc5e3606c23e8337dab2c44116be369f1155180bb3e55b,EOL-only difference
Runtime/SpriteFx/ColorRemapGpu.cs,40de904f4fc7c01c72415b3dd3e67c0e7a3a25df35ae5b5b1bb916d108217144,40de904f4fc7c01c72415b3dd3e67c0e7a3a25df35ae5b5b1bb916d108217144,40de904f4fc7c01c72415b3dd3e67c0e7a3a25df35ae5b5b1bb916d108217144,40de904f4fc7c01c72415b3dd3e67c0e7a3a25df35ae5b5b1bb916d108217144,raw match
Runtime/SpriteFx/FireSim.cs,0eb2cd124fab9215b3400d35a11711cdea5548162662ed245da32d9219213840,b72b50dfbf6f8b7b98386b3496432e55a80c3fa63718a70c92585d641e79a6ff,0eb2cd124fab9215b3400d35a11711cdea5548162662ed245da32d9219213840,0eb2cd124fab9215b3400d35a11711cdea5548162662ed245da32d9219213840,EOL-only difference
Runtime/SpriteFx/FireballSim.cs,a81e660c52404141bf472c6baa28da44934a0ef46a74a8a8947b648418a581b6,a81e660c52404141bf472c6baa28da44934a0ef46a74a8a8947b648418a581b6,a81e660c52404141bf472c6baa28da44934a0ef46a74a8a8947b648418a581b6,a81e660c52404141bf472c6baa28da44934a0ef46a74a8a8947b648418a581b6,raw match
Runtime/SpriteFx/IExternalPosition2D.cs,07521773fd4643c6789e5bc92702759d4ca9a4c0ad4ff0e3762ddf054d37f3ac,07521773fd4643c6789e5bc92702759d4ca9a4c0ad4ff0e3762ddf054d37f3ac,07521773fd4643c6789e5bc92702759d4ca9a4c0ad4ff0e3762ddf054d37f3ac,07521773fd4643c6789e5bc92702759d4ca9a4c0ad4ff0e3762ddf054d37f3ac,raw match
Runtime/SpriteFx/Sfx.cs,c1de70d3d87a3e59b44e6728619fcae248361ced44f6b6b4b9ab321de00fcac8,c1de70d3d87a3e59b44e6728619fcae248361ced44f6b6b4b9ab321de00fcac8,c1de70d3d87a3e59b44e6728619fcae248361ced44f6b6b4b9ab321de00fcac8,c1de70d3d87a3e59b44e6728619fcae248361ced44f6b6b4b9ab321de00fcac8,raw match
Runtime/SpriteFx/SpriteFxAuxMap.cs,cd83bc24a122df8eb0b94088582bf973a9892c2001f23fb7b7164330bbb69335,cd83bc24a122df8eb0b94088582bf973a9892c2001f23fb7b7164330bbb69335,cd83bc24a122df8eb0b94088582bf973a9892c2001f23fb7b7164330bbb69335,cd83bc24a122df8eb0b94088582bf973a9892c2001f23fb7b7164330bbb69335,raw match
Runtime/SpriteFx/SpriteFxAuxMapGate.cs,8e5bd07e0dfb72234e332d0decd971593b08b2660746d547f68cab4093de344b,8d392e7ae805f1714683cf5b8769921ccd693f27d446833f88fbff29ee8f1b17,8e5bd07e0dfb72234e332d0decd971593b08b2660746d547f68cab4093de344b,8e5bd07e0dfb72234e332d0decd971593b08b2660746d547f68cab4093de344b,EOL-only difference
Runtime/SpriteFx/SpriteFxBulletHole.cs,81432d13afbdfc315c2afd0942f50ef6625d57c06507a725651f3e50dce6d942,81432d13afbdfc315c2afd0942f50ef6625d57c06507a725651f3e50dce6d942,81432d13afbdfc315c2afd0942f50ef6625d57c06507a725651f3e50dce6d942,81432d13afbdfc315c2afd0942f50ef6625d57c06507a725651f3e50dce6d942,raw match
Runtime/SpriteFx/SpriteFxBurst.cs,e04c77823ae9d719604d7c1ad5e0a32184f2f66b234d88132b644f9b7a536bac,cae13b5d1aa941566de281f627c2f00a1be947b6167901f64612276012c7591c,e04c77823ae9d719604d7c1ad5e0a32184f2f66b234d88132b644f9b7a536bac,e04c77823ae9d719604d7c1ad5e0a32184f2f66b234d88132b644f9b7a536bac,EOL-only difference
Runtime/SpriteFx/SpriteFxColorRemap.cs,7c2c621c3199c8f7344ce0118bf6f1350e2ee1b17905d925bff8a5087ba49bbd,7c2c621c3199c8f7344ce0118bf6f1350e2ee1b17905d925bff8a5087ba49bbd,7c2c621c3199c8f7344ce0118bf6f1350e2ee1b17905d925bff8a5087ba49bbd,7c2c621c3199c8f7344ce0118bf6f1350e2ee1b17905d925bff8a5087ba49bbd,raw match
Runtime/SpriteFx/SpriteFxEnvelopeMigration.cs,efa73c0db2563e490c5a0df3e9998280a7f1b4f51a5cd7cf170963d1a7e693ad,efa73c0db2563e490c5a0df3e9998280a7f1b4f51a5cd7cf170963d1a7e693ad,efa73c0db2563e490c5a0df3e9998280a7f1b4f51a5cd7cf170963d1a7e693ad,efa73c0db2563e490c5a0df3e9998280a7f1b4f51a5cd7cf170963d1a7e693ad,raw match
Runtime/SpriteFx/SpriteFxFilter.cs,1dfe28814f79b16acfbf975a2d02f2ab097709409881a8652db88329ef913127,61e937c26841731085754c0388bd0e9969e759be3246ab36dec6edc018fd636d,1dfe28814f79b16acfbf975a2d02f2ab097709409881a8652db88329ef913127,1dfe28814f79b16acfbf975a2d02f2ab097709409881a8652db88329ef913127,EOL-only difference
Runtime/SpriteFx/SpriteFxHit.cs,9b0ae20d70e85d86f5ac6e97ba8f3d9d67d9d479e61c2a0aac14717552be48d1,9b0ae20d70e85d86f5ac6e97ba8f3d9d67d9d479e61c2a0aac14717552be48d1,9b0ae20d70e85d86f5ac6e97ba8f3d9d67d9d479e61c2a0aac14717552be48d1,9b0ae20d70e85d86f5ac6e97ba8f3d9d67d9d479e61c2a0aac14717552be48d1,raw match
Runtime/SpriteFx/SpriteFxHurtFlash.cs,7d07d64721bad7d5a5c4c334b88f54856b35fcefd4b0f6b96efd218a8d80e07d,fe9a2d3ac9cce23cca1ab73ea27c632a33dec81b486ae899035ee09d3ca21b2b,7d07d64721bad7d5a5c4c334b88f54856b35fcefd4b0f6b96efd218a8d80e07d,7d07d64721bad7d5a5c4c334b88f54856b35fcefd4b0f6b96efd218a8d80e07d,EOL-only difference
Runtime/SpriteFx/SpriteFxModifiers.cs,634bb7cabc7ca15e0057508bf7a68f6d764f9d2173e1ad4a484ada8eb70d6b2f,f197f86dbc0ea86459b5222f7bd3456418a205693b5642e95c09d50708be4768,634bb7cabc7ca15e0057508bf7a68f6d764f9d2173e1ad4a484ada8eb70d6b2f,634bb7cabc7ca15e0057508bf7a68f6d764f9d2173e1ad4a484ada8eb70d6b2f,EOL-only difference
Runtime/SpriteFx/SpriteFxPreviewOverlay.cs,ef39d53582457d17da8f1daad1586c5804075e81fe20537ac002f5c02fbcfbce,ef39d53582457d17da8f1daad1586c5804075e81fe20537ac002f5c02fbcfbce,ef39d53582457d17da8f1daad1586c5804075e81fe20537ac002f5c02fbcfbce,ef39d53582457d17da8f1daad1586c5804075e81fe20537ac002f5c02fbcfbce,raw match
Runtime/SpriteFx/SpriteFxRecolor.cs,51202547823c0ff041f7ea2ab52fc0cee38c3b82ee32470a3792a29e17106d87,51202547823c0ff041f7ea2ab52fc0cee38c3b82ee32470a3792a29e17106d87,51202547823c0ff041f7ea2ab52fc0cee38c3b82ee32470a3792a29e17106d87,51202547823c0ff041f7ea2ab52fc0cee38c3b82ee32470a3792a29e17106d87,raw match
Runtime/SpriteFx/SpriteFxRelight.cs,3416b661ce3e3f4b6b38f08241f18cc7c8066e360adb6fc78a61517bc4002510,3416b661ce3e3f4b6b38f08241f18cc7c8066e360adb6fc78a61517bc4002510,3416b661ce3e3f4b6b38f08241f18cc7c8066e360adb6fc78a61517bc4002510,3416b661ce3e3f4b6b38f08241f18cc7c8066e360adb6fc78a61517bc4002510,raw match
Runtime/SpriteFx/SpriteFxSettings.cs,1814705f80e433fb8cc8d0498279c306d724cd3546f169dd505062f2d71d5cd0,1814705f80e433fb8cc8d0498279c306d724cd3546f169dd505062f2d71d5cd0,1814705f80e433fb8cc8d0498279c306d724cd3546f169dd505062f2d71d5cd0,1814705f80e433fb8cc8d0498279c306d724cd3546f169dd505062f2d71d5cd0,raw match
Runtime/SpriteFx/SpriteFxSimulationModifiers.cs,b43e29bfaae1fd12fae9465eab067a0c14668141cf92d10702cfb760b0912868,b43e29bfaae1fd12fae9465eab067a0c14668141cf92d10702cfb760b0912868,b43e29bfaae1fd12fae9465eab067a0c14668141cf92d10702cfb760b0912868,b43e29bfaae1fd12fae9465eab067a0c14668141cf92d10702cfb760b0912868,raw match
Runtime/SpriteFx/SpriteFxSpec.cs,29cad8125ddfeda739960fd50e52524cd49812014654d42d7b0547f29aeb47d1,fa6c071b7d72734e57e008ec4affe7558ac009f985208f834fefeada55aaedee,29cad8125ddfeda739960fd50e52524cd49812014654d42d7b0547f29aeb47d1,29cad8125ddfeda739960fd50e52524cd49812014654d42d7b0547f29aeb47d1,EOL-only difference
Runtime/SpriteFx/com.Lautaro-Arino.Laubrary.SpriteFx.asmdef,f6408efcdaeb307f3aeb01cd9bf9870e81c52d09df17aeb6080bbb81e420d89f,f6408efcdaeb307f3aeb01cd9bf9870e81c52d09df17aeb6080bbb81e420d89f,f6408efcdaeb307f3aeb01cd9bf9870e81c52d09df17aeb6080bbb81e420d89f,f6408efcdaeb307f3aeb01cd9bf9870e81c52d09df17aeb6080bbb81e420d89f,raw match
Runtime/StatefulUI/StateDimension.cs,98f3a057668a5d4d06492f9c7f43d63d5bab9be2671a6538642758ca7a62c789,72635524cf1e4d3c6f38068d82a272c07aec1fcee8d551096bf8893a67fb8928,98f3a057668a5d4d06492f9c7f43d63d5bab9be2671a6538642758ca7a62c789,98f3a057668a5d4d06492f9c7f43d63d5bab9be2671a6538642758ca7a62c789,EOL-only difference
Runtime/StatefulUI/StatefulUI.asmdef,63fc8afc2f56d34649a089f1a71c547f7eed71addfbb0361d4dcb03b73a5deee,4ab9249ac352d42d7d2cf28a4104035ed8e95782e28e75174c59a2c1e45fe57d,63fc8afc2f56d34649a089f1a71c547f7eed71addfbb0361d4dcb03b73a5deee,63fc8afc2f56d34649a089f1a71c547f7eed71addfbb0361d4dcb03b73a5deee,EOL-only difference
Runtime/StatefulUI/StatefulUI.cs,de5cf556738bd48a2c90357aae79ab1bff86fbabb9ff718176c2efebcd2eab09,7479e747a6ad47c9cc71c50179c9fca63d4a70a810cb2ae8accb59a9332cfcce,de5cf556738bd48a2c90357aae79ab1bff86fbabb9ff718176c2efebcd2eab09,de5cf556738bd48a2c90357aae79ab1bff86fbabb9ff718176c2efebcd2eab09,EOL-only difference
Runtime/StatefulUI/StatefulUINavigator.cs,cb1036eef89d6a9c3272f0b8ca0eb5c94d54848452a0bdd53213488d5d11815c,e84306904db4f08382c3f7d158d267a983f37d73f0e52af931162ad9eab63fa2,cb1036eef89d6a9c3272f0b8ca0eb5c94d54848452a0bdd53213488d5d11815c,cb1036eef89d6a9c3272f0b8ca0eb5c94d54848452a0bdd53213488d5d11815c,EOL-only difference
Runtime/StatefulUI/StatefulVisual.cs,eafe736b1450224e341adf2f35f939c078312b2dd7d370c6cbbd324fe13e4775,cdc9ee079874443763caadecde48bd7b45dc02f45094cf656ed11633a1cbd9c6,eafe736b1450224e341adf2f35f939c078312b2dd7d370c6cbbd324fe13e4775,eafe736b1450224e341adf2f35f939c078312b2dd7d370c6cbbd324fe13e4775,EOL-only difference
Runtime/Story/InjectRulePage.cs,65cfdd09c4d306c70b756f73e46fdff092d6cd8f454b70c9228ab01d1a9a887d,65cfdd09c4d306c70b756f73e46fdff092d6cd8f454b70c9228ab01d1a9a887d,65cfdd09c4d306c70b756f73e46fdff092d6cd8f454b70c9228ab01d1a9a887d,65cfdd09c4d306c70b756f73e46fdff092d6cd8f454b70c9228ab01d1a9a887d,raw match
Runtime/Story/Page.cs,d5118ebf6c9531c6d6f8f52de5d0c3651e345de466299be1d5197932ff415840,d5118ebf6c9531c6d6f8f52de5d0c3651e345de466299be1d5197932ff415840,d5118ebf6c9531c6d6f8f52de5d0c3651e345de466299be1d5197932ff415840,d5118ebf6c9531c6d6f8f52de5d0c3651e345de466299be1d5197932ff415840,raw match
Runtime/Story/Pages.cs,de7781587bd3312d74b76d10a08af2b435722f81fbcc27592f758a6fdf0a5f57,de7781587bd3312d74b76d10a08af2b435722f81fbcc27592f758a6fdf0a5f57,de7781587bd3312d74b76d10a08af2b435722f81fbcc27592f758a6fdf0a5f57,de7781587bd3312d74b76d10a08af2b435722f81fbcc27592f758a6fdf0a5f57,raw match
Runtime/Story/RulesHostRuleBridge.cs,703c6f61d2625e556881729cd6be8b56660e8b38239382c88f739dcf03f1aef0,703c6f61d2625e556881729cd6be8b56660e8b38239382c88f739dcf03f1aef0,703c6f61d2625e556881729cd6be8b56660e8b38239382c88f739dcf03f1aef0,703c6f61d2625e556881729cd6be8b56660e8b38239382c88f739dcf03f1aef0,raw match
Runtime/Story/Screenplay.cs,96a99b339947f75bda6e2224d74b0014aedc99bfed32ee39ecae6655f0529429,96a99b339947f75bda6e2224d74b0014aedc99bfed32ee39ecae6655f0529429,96a99b339947f75bda6e2224d74b0014aedc99bfed32ee39ecae6655f0529429,96a99b339947f75bda6e2224d74b0014aedc99bfed32ee39ecae6655f0529429,raw match
Runtime/Story/Story.asmdef,774adebdc240f1167ea5e68ac9aead761d3a2af5c3b0e3a54083558bb65c4575,774adebdc240f1167ea5e68ac9aead761d3a2af5c3b0e3a54083558bb65c4575,774adebdc240f1167ea5e68ac9aead761d3a2af5c3b0e3a54083558bb65c4575,774adebdc240f1167ea5e68ac9aead761d3a2af5c3b0e3a54083558bb65c4575,raw match
Runtime/Story/Story.cs,dc00e3b5cab7ff08f19656b908ac846afaf1967027f13accdf39244f639a92b6,dc00e3b5cab7ff08f19656b908ac846afaf1967027f13accdf39244f639a92b6,dc00e3b5cab7ff08f19656b908ac846afaf1967027f13accdf39244f639a92b6,dc00e3b5cab7ff08f19656b908ac846afaf1967027f13accdf39244f639a92b6,raw match
Runtime/Story/StoryRunner.cs,73840441063dc28dd97741f44eb2713501c6decd6779c1b4d40a61d0048f166e,73840441063dc28dd97741f44eb2713501c6decd6779c1b4d40a61d0048f166e,73840441063dc28dd97741f44eb2713501c6decd6779c1b4d40a61d0048f166e,73840441063dc28dd97741f44eb2713501c6decd6779c1b4d40a61d0048f166e,raw match
Runtime/Story/StoryTypes.cs,6421facf5885e31c46e09e95e8ed964bdccac508b37bba9662fcbaef8411f63e,6421facf5885e31c46e09e95e8ed964bdccac508b37bba9662fcbaef8411f63e,6421facf5885e31c46e09e95e8ed964bdccac508b37bba9662fcbaef8411f63e,6421facf5885e31c46e09e95e8ed964bdccac508b37bba9662fcbaef8411f63e,raw match
Runtime/Switcheroo/Switcheroo.asmdef,5b809a97430e6276317f37b4bcbb335a72fedc2d4d2875aae392e8dce6bc0f9e,a4933106840761c2235d055e60a8ef8dcd35b16830a68635ce3376f7231582f5,5b809a97430e6276317f37b4bcbb335a72fedc2d4d2875aae392e8dce6bc0f9e,5b809a97430e6276317f37b4bcbb335a72fedc2d4d2875aae392e8dce6bc0f9e,EOL-only difference
Runtime/Switcheroo/Switcheroo.cs,e5abec32eec31a3bd0f28445642d6d63cf6137ce6bc789e0c7144469df420b46,826e4dcf79dfda364eda461df6d09519bc3aab5527b132b515cf4fd4700dae13,e5abec32eec31a3bd0f28445642d6d63cf6137ce6bc789e0c7144469df420b46,e5abec32eec31a3bd0f28445642d6d63cf6137ce6bc789e0c7144469df420b46,EOL-only difference
Runtime/Tapestry/Generators/TapestryLinesGenerator.cs,e65a6794910d5379f0cdb179ad3b54e2352f78b474ee2f3b28ca4ba144127594,e65a6794910d5379f0cdb179ad3b54e2352f78b474ee2f3b28ca4ba144127594,e65a6794910d5379f0cdb179ad3b54e2352f78b474ee2f3b28ca4ba144127594,e65a6794910d5379f0cdb179ad3b54e2352f78b474ee2f3b28ca4ba144127594,raw match
Runtime/Tapestry/Generators/TapestryPanelsGenerator.cs,d7054c0f6ad2f40a2bb27237c0ad1336cb946fe098b3de9c09ece995f80dcc09,d7054c0f6ad2f40a2bb27237c0ad1336cb946fe098b3de9c09ece995f80dcc09,d7054c0f6ad2f40a2bb27237c0ad1336cb946fe098b3de9c09ece995f80dcc09,d7054c0f6ad2f40a2bb27237c0ad1336cb946fe098b3de9c09ece995f80dcc09,raw match
Runtime/Tapestry/TapestryCompositor.cs,7b98a1fe8713860318a4e5b43136a88fe983ca8a63d10849a2d5b7aafdb7da7c,12c36451e8ac38b312735505c9999e0528eedc9df51058c6f26beb86fb00be91,7b98a1fe8713860318a4e5b43136a88fe983ca8a63d10849a2d5b7aafdb7da7c,7b98a1fe8713860318a4e5b43136a88fe983ca8a63d10849a2d5b7aafdb7da7c,EOL-only difference
Runtime/Tapestry/TapestryGenerator.cs,cd1a206c283bedf9e59737934208b5d5476825ae3016185258b0e6c044aa48f9,dbc6f978dfa44d57664dc7be2c8af34c09f30167fb54cac53129020286ee2c0b,cd1a206c283bedf9e59737934208b5d5476825ae3016185258b0e6c044aa48f9,cd1a206c283bedf9e59737934208b5d5476825ae3016185258b0e6c044aa48f9,EOL-only difference
Runtime/Tapestry/TapestryLayer.cs,a6f4b67432db349d3791485a3f6f62f3390cc1fd0eeb2469de29714a36e903dd,cf6c597fe181b5c4ce14c73897446b56becf6f6137fd7beea8021f4aa0bf615b,a6f4b67432db349d3791485a3f6f62f3390cc1fd0eeb2469de29714a36e903dd,a6f4b67432db349d3791485a3f6f62f3390cc1fd0eeb2469de29714a36e903dd,EOL-only difference
Runtime/Tapestry/TapestryLayerModifier.cs,f65edfc84a67544fe334f850a4e0fff092c5cd8641ee1e18f84977c5e95b215f,e9b7ab82d978d985f576354373d2c18d229e1ea979afbcd5371cbb342016c768,f65edfc84a67544fe334f850a4e0fff092c5cd8641ee1e18f84977c5e95b215f,f65edfc84a67544fe334f850a4e0fff092c5cd8641ee1e18f84977c5e95b215f,EOL-only difference
Runtime/Tapestry/TapestrySdf.cs,c9c0f5dc125f4659439f95931fde4562e9a4e804838ad52a280b0feb93098ed3,c9c0f5dc125f4659439f95931fde4562e9a4e804838ad52a280b0feb93098ed3,c9c0f5dc125f4659439f95931fde4562e9a4e804838ad52a280b0feb93098ed3,c9c0f5dc125f4659439f95931fde4562e9a4e804838ad52a280b0feb93098ed3,raw match
Runtime/Tapestry/TapestrySpec.cs,f26fac2944781a002cd82490b8eafab2a77dfd9044aedc9e918d2aef780b4be6,69a4afeabf696db80836ed30157b05f3fe77ad6f7cd572fb588f75c4d7d5ab19,f26fac2944781a002cd82490b8eafab2a77dfd9044aedc9e918d2aef780b4be6,f26fac2944781a002cd82490b8eafab2a77dfd9044aedc9e918d2aef780b4be6,EOL-only difference
Runtime/Tapestry/com.Lautaro-Arino.Laubrary.Tapestry.asmdef,168463f84b48134ee4fe7ce145cf1bf25431f4e3ec52bd3a852dafae878e449a,168463f84b48134ee4fe7ce145cf1bf25431f4e3ec52bd3a852dafae878e449a,168463f84b48134ee4fe7ce145cf1bf25431f4e3ec52bd3a852dafae878e449a,168463f84b48134ee4fe7ce145cf1bf25431f4e3ec52bd3a852dafae878e449a,raw match
Runtime/TextSplash/SplashFontBaker.cs,9c5e19242263af97408593d27e2cb777f01595e6e6b5c8624cd6e2c345886627,5f0b0c556bae9c4d56370dabaf0d6d86e570959d205317763c7e223b93e18b38,9c5e19242263af97408593d27e2cb777f01595e6e6b5c8624cd6e2c345886627,9c5e19242263af97408593d27e2cb777f01595e6e6b5c8624cd6e2c345886627,EOL-only difference
Runtime/TextSplash/SplashPixelRig.cs,7beada7f583306066c59951e65a016cccfa7062d60e97b6985f32100c8708ba5,fec687062aa3cdb6b792370423528339c3440dee79b70c58cca5a4011f858089,7beada7f583306066c59951e65a016cccfa7062d60e97b6985f32100c8708ba5,7beada7f583306066c59951e65a016cccfa7062d60e97b6985f32100c8708ba5,EOL-only difference
Runtime/TextSplash/SplashPlayer.cs,56685602f6de7fcbf7fcc83106091e830c90070c25ab8232146349bf9fd8836b,5213271503946bd4352bb196977d37173351b1cf0343594714edb05b51f8f885,56685602f6de7fcbf7fcc83106091e830c90070c25ab8232146349bf9fd8836b,56685602f6de7fcbf7fcc83106091e830c90070c25ab8232146349bf9fd8836b,EOL-only difference
Runtime/TextSplash/TextSplash.cs,258a8ebc8b22fa224578925312ddea07446c5b51a039b21e636268effbaefde6,c330615fc42dfbe16353e8ffa60f6e53e7155e28ab7b27822d279a1eca52aae2,258a8ebc8b22fa224578925312ddea07446c5b51a039b21e636268effbaefde6,258a8ebc8b22fa224578925312ddea07446c5b51a039b21e636268effbaefde6,EOL-only difference
Runtime/TextSplash/com.Lautaro-Arino.Laubrary.TextSplash.asmdef,4ca52b86c5868ff944ee4a19abe9d59c621adc723e085004b31745b48043ee1b,ef55362b3614fa11a108bfa8b233d2e88ff345e7ee2ff8058f0382e4d72f7ef4,4ca52b86c5868ff944ee4a19abe9d59c621adc723e085004b31745b48043ee1b,4ca52b86c5868ff944ee4a19abe9d59c621adc723e085004b31745b48043ee1b,EOL-only difference
Runtime/Ticker/LaubraryTicker.asmdef,da99e9048cf3746457c3f6fb00938aba0356bd3629f5f35cefdd51f90fb216f4,3a1314c1593f48fbe112f29814d9592d54657bae47410ec6d2a17f0f62057c8b,da99e9048cf3746457c3f6fb00938aba0356bd3629f5f35cefdd51f90fb216f4,da99e9048cf3746457c3f6fb00938aba0356bd3629f5f35cefdd51f90fb216f4,EOL-only difference
Runtime/Ticker/Ticker.cs,66ba27208a4234688a1054ec7e134edcc6f9d8b2d202066cfabff02ecb8572ae,feae0e708635c0fb8bf7b23ef6af115de6368e499057536cc42bfada19609e22,66ba27208a4234688a1054ec7e134edcc6f9d8b2d202066cfabff02ecb8572ae,66ba27208a4234688a1054ec7e134edcc6f9d8b2d202066cfabff02ecb8572ae,EOL-only difference
Runtime/UI/EditableLabel.cs,1885bdd5d853f67ee440e602d60ceb0fb57655ccfd50d5a2ea171271915e6286,35d8f5b1a4297e4f53727694427334a638c1acc297bee91586d0afc103ee0698,1885bdd5d853f67ee440e602d60ceb0fb57655ccfd50d5a2ea171271915e6286,1885bdd5d853f67ee440e602d60ceb0fb57655ccfd50d5a2ea171271915e6286,EOL-only difference
Runtime/UI/UI.asmdef,9394717c0c244727a1f0e63b9b0f03fef25aa09b710821691de13398c21430f7,2c11168947bd4403766ac553ebda402cd60dfc47d2892cf40c15f3423386a846,9394717c0c244727a1f0e63b9b0f03fef25aa09b710821691de13398c21430f7,9394717c0c244727a1f0e63b9b0f03fef25aa09b710821691de13398c21430f7,EOL-only difference
Runtime/VectorRendering/LaubraryVectorRendering.asmdef,64e86c7826690b1037f3f92a63001b254c5e82e9e2a7931877e2d7980808f1f1,3f90e345228ef06c9f704e73c1a1f4e4db729c3bf531ba11b8da5225fa06ad3b,64e86c7826690b1037f3f92a63001b254c5e82e9e2a7931877e2d7980808f1f1,64e86c7826690b1037f3f92a63001b254c5e82e9e2a7931877e2d7980808f1f1,EOL-only difference
Runtime/VectorRendering/LazorRenderer.cs,4f61723de6378a42b749ea45bb3c0afa6ca3682b5e4e246af2866c1b749c9d85,ccfa0e5fd3d7626b5a5f43a70e63d24c22f008642449011da3469be534d78f40,4f61723de6378a42b749ea45bb3c0afa6ca3682b5e4e246af2866c1b749c9d85,4f61723de6378a42b749ea45bb3c0afa6ca3682b5e4e246af2866c1b749c9d85,EOL-only difference
Runtime/VisionMask/VisionCone.cs,d76671a6aed1791d056b64bb28bc2bddc4a1ce559761226da1e2830ffc45a526,d76671a6aed1791d056b64bb28bc2bddc4a1ce559761226da1e2830ffc45a526,d76671a6aed1791d056b64bb28bc2bddc4a1ce559761226da1e2830ffc45a526,d76671a6aed1791d056b64bb28bc2bddc4a1ce559761226da1e2830ffc45a526,raw match
Runtime/VisionMask/VisionMask.cs,96e574ff16e7ded801b3213d61a3ccf9622bc1b4e32a9163ed60ce0adb4e541e,96e574ff16e7ded801b3213d61a3ccf9622bc1b4e32a9163ed60ce0adb4e541e,96e574ff16e7ded801b3213d61a3ccf9622bc1b4e32a9163ed60ce0adb4e541e,96e574ff16e7ded801b3213d61a3ccf9622bc1b4e32a9163ed60ce0adb4e541e,raw match
Runtime/VisionMask/VisionMasked.cs,3fcbedf2b66b9d040e5971c8432e5f94fdcc38a3c2e800d2bbfd918703224600,3fcbedf2b66b9d040e5971c8432e5f94fdcc38a3c2e800d2bbfd918703224600,3fcbedf2b66b9d040e5971c8432e5f94fdcc38a3c2e800d2bbfd918703224600,3fcbedf2b66b9d040e5971c8432e5f94fdcc38a3c2e800d2bbfd918703224600,raw match
Runtime/VisionMask/com.Lautaro-Arino.Laubrary.VisionMask.asmdef,66d44d23c4a5b70540c2f389f6ef1ab633654a4b30fd0b4d1855423a6822d9af,66d44d23c4a5b70540c2f389f6ef1ab633654a4b30fd0b4d1855423a6822d9af,66d44d23c4a5b70540c2f389f6ef1ab633654a4b30fd0b4d1855423a6822d9af,66d44d23c4a5b70540c2f389f6ef1ab633654a4b30fd0b4d1855423a6822d9af,raw match
Runtime/VisualDebug3D/BubbleBlink.cs,e1bf75821f651136b4408a0fb45054a17a553b7861ab5a1831bf3ababcd1fbdc,fcce35033c4f9aaee0a625b86346224047e81e20bef6bc25f6ffd7b108ca1517,e1bf75821f651136b4408a0fb45054a17a553b7861ab5a1831bf3ababcd1fbdc,e1bf75821f651136b4408a0fb45054a17a553b7861ab5a1831bf3ababcd1fbdc,EOL-only difference
Runtime/VisualDebug3D/FlowArrow.cs,a892cb86fde1a8d40dcb3c17177bda960f49e7e6e9eed096bac30b5371797540,51f4d3e9d1bdec19445bae3114d42553ae69d90c2f33c64f84e8fe01db8b02b6,a892cb86fde1a8d40dcb3c17177bda960f49e7e6e9eed096bac30b5371797540,a892cb86fde1a8d40dcb3c17177bda960f49e7e6e9eed096bac30b5371797540,EOL-only difference
Runtime/VisualDebug3D/MeshBlink.cs,171a0005f83f41c4fdba3974024b1b786ccf00f947eb5dc411310a9057680ace,64ae5c53323f7474c52bf0e34cbf69076744386dea7382b9a532135e961b8188,171a0005f83f41c4fdba3974024b1b786ccf00f947eb5dc411310a9057680ace,171a0005f83f41c4fdba3974024b1b786ccf00f947eb5dc411310a9057680ace,EOL-only difference
Runtime/VisualDebug3D/VisualDebug3D.asmdef,3ab0bde6a6560c186e23b8f2a921fe85e149755151fddac3bb419a416efcbb1e,8c5fc0e8fb4f800746e9ad7af7c1602a49293ec681f65bedec45aef71a8cea66,3ab0bde6a6560c186e23b8f2a921fe85e149755151fddac3bb419a416efcbb1e,3ab0bde6a6560c186e23b8f2a921fe85e149755151fddac3bb419a416efcbb1e,EOL-only difference
Runtime/VisualDebug3D/VisualDebug3DHelper.cs,738ad365e176b887028549f69d4185716221afcc4c6db3e0ebb944c9ebb880f6,45a52206a3374c241e3f86825920f5b5eca2e590184ddd0fb78c2a67ad218fb6,738ad365e176b887028549f69d4185716221afcc4c6db3e0ebb944c9ebb880f6,738ad365e176b887028549f69d4185716221afcc4c6db3e0ebb944c9ebb880f6,EOL-only difference
Runtime/WorldSpaceUINavigation/IWorldSpaceProxyTarget.cs,83dcec8361996e1e5ee83b726a0c342bd60288a3d312c38d884088731aad6f23,26e63aa31049ee4252f1aea50d806b74bff2de8c5c733aa5254025fbd5f7a9d6,83dcec8361996e1e5ee83b726a0c342bd60288a3d312c38d884088731aad6f23,83dcec8361996e1e5ee83b726a0c342bd60288a3d312c38d884088731aad6f23,EOL-only difference
Runtime/WorldSpaceUINavigation/NavigationCursor.cs,3f0ca2d2e38f69248c8bf6418faf1d2923a0b7e440d562cc9f61ed8ed4ceca19,7e41dfbcf36de7d1b833aa01b037ae9b64cff742d73edb46cefa7f65fbaaae2b,3f0ca2d2e38f69248c8bf6418faf1d2923a0b7e440d562cc9f61ed8ed4ceca19,3f0ca2d2e38f69248c8bf6418faf1d2923a0b7e440d562cc9f61ed8ed4ceca19,EOL-only difference
Runtime/WorldSpaceUINavigation/WorldSpaceUINavigation.asmdef,10f392face93c2075b26309d8546cda6467da3ad22d6ce2ca006d8ab0ef64be8,27eac27e9c160867e0768dfcbb724c821301cd71a137d8bcaec2fb68c0954f9f,10f392face93c2075b26309d8546cda6467da3ad22d6ce2ca006d8ab0ef64be8,10f392face93c2075b26309d8546cda6467da3ad22d6ce2ca006d8ab0ef64be8,EOL-only difference
Runtime/WorldSpaceUINavigation/WorldSpaceUINavigation.cs,39681833f1fc52cf0faa088ed52dddc6f77c78b5cfbd1d822717e3b0a96fde5a,8c28e25f6719d6047161459a4e70d8c3debc16afb8106a0f4e57d1e5481ace0d,39681833f1fc52cf0faa088ed52dddc6f77c78b5cfbd1d822717e3b0a96fde5a,39681833f1fc52cf0faa088ed52dddc6f77c78b5cfbd1d822717e3b0a96fde5a,EOL-only difference
Runtime/WorldSpaceUINavigation/WorldSpaceUIProxy.cs,a89922be3c92f1f44cce4fd286fe8226f4cdf81df57f84a6b4c0edaf531b1190,02bc81b200f6c2812b19792fb57b662821b592173808568ad2ba58b2591c605d,a89922be3c92f1f44cce4fd286fe8226f4cdf81df57f84a6b4c0edaf531b1190,a89922be3c92f1f44cce4fd286fe8226f4cdf81df57f84a6b4c0edaf531b1190,EOL-only difference
Runtime/WorldSpaceUINavigation/WorldSpaceUIProxyManager.cs,88a52ca3adcc5e3aed57a68f93077aceb27a21f8dc7ffb62985d4fd57e5655cc,d5524a57c3f2fbde74b812a2ee17e086b244fdcb7e05e0778609c9f13ace1155,88a52ca3adcc5e3aed57a68f93077aceb27a21f8dc7ffb62985d4fd57e5655cc,88a52ca3adcc5e3aed57a68f93077aceb27a21f8dc7ffb62985d4fd57e5655cc,EOL-only difference
Runtime/ZoeCharacter/AimDriver.cs,cdfc4044ae79292f130f75f62aa5bc4ed78b57cbdaab9e1ed228899545a71b17,cdfc4044ae79292f130f75f62aa5bc4ed78b57cbdaab9e1ed228899545a71b17,cdfc4044ae79292f130f75f62aa5bc4ed78b57cbdaab9e1ed228899545a71b17,cdfc4044ae79292f130f75f62aa5bc4ed78b57cbdaab9e1ed228899545a71b17,raw match
Runtime/ZoeCharacter/IZoeInputSource.cs,f0e29c3d79ca0503c36feb24bc9a4de839626910adf679546c9f79d989bef3b3,f0e29c3d79ca0503c36feb24bc9a4de839626910adf679546c9f79d989bef3b3,f0e29c3d79ca0503c36feb24bc9a4de839626910adf679546c9f79d989bef3b3,f0e29c3d79ca0503c36feb24bc9a4de839626910adf679546c9f79d989bef3b3,raw match
Runtime/ZoeCharacter/LegacyInputSource.cs,ac568d04b68d96217e7e661bfc2b8698dcb1a2e13738a1fc1addf939985bfeea,ac568d04b68d96217e7e661bfc2b8698dcb1a2e13738a1fc1addf939985bfeea,ac568d04b68d96217e7e661bfc2b8698dcb1a2e13738a1fc1addf939985bfeea,ac568d04b68d96217e7e661bfc2b8698dcb1a2e13738a1fc1addf939985bfeea,raw match
Runtime/ZoeCharacter/NewInputSystemSource.cs,60e3fbf25209a22ecfdabb8c2b313453d3df894ba154608d74bbdb21a3feaa82,60e3fbf25209a22ecfdabb8c2b313453d3df894ba154608d74bbdb21a3feaa82,60e3fbf25209a22ecfdabb8c2b313453d3df894ba154608d74bbdb21a3feaa82,60e3fbf25209a22ecfdabb8c2b313453d3df894ba154608d74bbdb21a3feaa82,raw match
Runtime/ZoeCharacter/TopDownMotionDriver.cs,ecaf6e6109d342df979b835f9c9045075b9e4f04cce67d49fddbf4441050abc2,ecaf6e6109d342df979b835f9c9045075b9e4f04cce67d49fddbf4441050abc2,ecaf6e6109d342df979b835f9c9045075b9e4f04cce67d49fddbf4441050abc2,ecaf6e6109d342df979b835f9c9045075b9e4f04cce67d49fddbf4441050abc2,raw match
Runtime/ZoeCharacter/ZoeWeaponDriver.cs,c1f85ae910a819e787a56cc4308055fd2fd70735d529699d0d0c0520ced7b5b2,c1f85ae910a819e787a56cc4308055fd2fd70735d529699d0d0c0520ced7b5b2,c1f85ae910a819e787a56cc4308055fd2fd70735d529699d0d0c0520ced7b5b2,c1f85ae910a819e787a56cc4308055fd2fd70735d529699d0d0c0520ced7b5b2,raw match
Runtime/ZoeCharacter/com.Lautaro-Arino.Laubrary.ZoeCharacter.asmdef,4c585f4c6fb40668d615a3d4803377ef2afc83a1a618d0dd06785dd3f16d161e,4c585f4c6fb40668d615a3d4803377ef2afc83a1a618d0dd06785dd3f16d161e,4c585f4c6fb40668d615a3d4803377ef2afc83a1a618d0dd06785dd3f16d161e,4c585f4c6fb40668d615a3d4803377ef2afc83a1a618d0dd06785dd3f16d161e,raw match
Runtime/Zoetrope/AmmoDef.cs,305ba76bdc9067f5758f3c456be8c3ac7dd385e2f7a5ca2af2c5f86839fdb1d5,305ba76bdc9067f5758f3c456be8c3ac7dd385e2f7a5ca2af2c5f86839fdb1d5,305ba76bdc9067f5758f3c456be8c3ac7dd385e2f7a5ca2af2c5f86839fdb1d5,305ba76bdc9067f5758f3c456be8c3ac7dd385e2f7a5ca2af2c5f86839fdb1d5,raw match
Runtime/Zoetrope/AnimationArbiter.cs,b337915b47a409bb9013f56a79c2093ce4c0a26fc2a5b7ce81fcf90c486b1c33,b337915b47a409bb9013f56a79c2093ce4c0a26fc2a5b7ce81fcf90c486b1c33,b337915b47a409bb9013f56a79c2093ce4c0a26fc2a5b7ce81fcf90c486b1c33,b337915b47a409bb9013f56a79c2093ce4c0a26fc2a5b7ce81fcf90c486b1c33,raw match
Runtime/Zoetrope/BodySpriteFxEffect.cs,630e426804320b3733a975bc2e20c0dd59d2cfe98059801b5451bafa5706365d,c5661816c70e3266fd18f18722c4f97d4296f5fb559eac64f8352170c0cd5aa3,630e426804320b3733a975bc2e20c0dd59d2cfe98059801b5451bafa5706365d,630e426804320b3733a975bc2e20c0dd59d2cfe98059801b5451bafa5706365d,EOL-only difference
Runtime/Zoetrope/CueBinding.cs,945dca30c2cece6305b9b6e7d15ef670381cb94276ad729f06488112d90dd8b6,945dca30c2cece6305b9b6e7d15ef670381cb94276ad729f06488112d90dd8b6,945dca30c2cece6305b9b6e7d15ef670381cb94276ad729f06488112d90dd8b6,945dca30c2cece6305b9b6e7d15ef670381cb94276ad729f06488112d90dd8b6,raw match
Runtime/Zoetrope/EvenDirectionsAim.cs,e8c38a44c75a4544d08ebb66db445e8bcb80205df786a8879064dcf645bd0066,e8c38a44c75a4544d08ebb66db445e8bcb80205df786a8879064dcf645bd0066,e8c38a44c75a4544d08ebb66db445e8bcb80205df786a8879064dcf645bd0066,e8c38a44c75a4544d08ebb66db445e8bcb80205df786a8879064dcf645bd0066,raw match
Runtime/Zoetrope/EventContext.cs,7cffa742a7c42ac507fbac92afd04e81249e5cf200697c9fdc51082da098a75e,7cffa742a7c42ac507fbac92afd04e81249e5cf200697c9fdc51082da098a75e,7cffa742a7c42ac507fbac92afd04e81249e5cf200697c9fdc51082da098a75e,7cffa742a7c42ac507fbac92afd04e81249e5cf200697c9fdc51082da098a75e,raw match
Runtime/Zoetrope/FreeAimRotateAimSpec.cs,d2f7d73fca06911991cf8739794cef4b5d6de3ca253baf582679a949323fe80f,d2f7d73fca06911991cf8739794cef4b5d6de3ca253baf582679a949323fe80f,d2f7d73fca06911991cf8739794cef4b5d6de3ca253baf582679a949323fe80f,d2f7d73fca06911991cf8739794cef4b5d6de3ca253baf582679a949323fe80f,raw match
Runtime/Zoetrope/FxFollowTarget.cs,30b16b39c5198e166d023e327d9ace2f8f0a5063d395f347501a25a0fb626634,30b16b39c5198e166d023e327d9ace2f8f0a5063d395f347501a25a0fb626634,30b16b39c5198e166d023e327d9ace2f8f0a5063d395f347501a25a0fb626634,30b16b39c5198e166d023e327d9ace2f8f0a5063d395f347501a25a0fb626634,raw match
Runtime/Zoetrope/IActivatable.cs,09a3d4aa4e5ca2dd6fc497fa089b8af59c9eb693bc0ca21466e33e2f4498f013,09a3d4aa4e5ca2dd6fc497fa089b8af59c9eb693bc0ca21466e33e2f4498f013,09a3d4aa4e5ca2dd6fc497fa089b8af59c9eb693bc0ca21466e33e2f4498f013,09a3d4aa4e5ca2dd6fc497fa089b8af59c9eb693bc0ca21466e33e2f4498f013,raw match
Runtime/Zoetrope/IAimSpec.cs,d284ce6b24048bd8c8a817382494510355d7b5af6b30f48e03804bac859961e3,d284ce6b24048bd8c8a817382494510355d7b5af6b30f48e03804bac859961e3,d284ce6b24048bd8c8a817382494510355d7b5af6b30f48e03804bac859961e3,d284ce6b24048bd8c8a817382494510355d7b5af6b30f48e03804bac859961e3,raw match
Runtime/Zoetrope/IAnimatedView.cs,f8202ccf28c1ba5984c7822d2460a7c98e5a48bac86d23604faa8c34fac3cb71,5b872d624ba34252eb7d0a14545c3d5ad94e8d1aca0ae01d081b92ab157368a5,f8202ccf28c1ba5984c7822d2460a7c98e5a48bac86d23604faa8c34fac3cb71,f8202ccf28c1ba5984c7822d2460a7c98e5a48bac86d23604faa8c34fac3cb71,EOL-only difference
Runtime/Zoetrope/IArbitratedView.cs,93c8d808cf587c3f63e37082d43fd59b4588f60a9bf475decfbe9342215d508d,93c8d808cf587c3f63e37082d43fd59b4588f60a9bf475decfbe9342215d508d,93c8d808cf587c3f63e37082d43fd59b4588f60a9bf475decfbe9342215d508d,93c8d808cf587c3f63e37082d43fd59b4588f60a9bf475decfbe9342215d508d,raw match
Runtime/Zoetrope/IBrainSpec.cs,2b1d36b3a39f3b14645ddec7521f6b00519692f14544952e2da8ff6441e7d1ea,2b1d36b3a39f3b14645ddec7521f6b00519692f14544952e2da8ff6441e7d1ea,2b1d36b3a39f3b14645ddec7521f6b00519692f14544952e2da8ff6441e7d1ea,2b1d36b3a39f3b14645ddec7521f6b00519692f14544952e2da8ff6441e7d1ea,raw match
Runtime/Zoetrope/ICharacterView.cs,4d1ead2caae3db2f7af832865551cee33866f8c02fb8cf5a93e106b26a7f425c,4d1ead2caae3db2f7af832865551cee33866f8c02fb8cf5a93e106b26a7f425c,4d1ead2caae3db2f7af832865551cee33866f8c02fb8cf5a93e106b26a7f425c,4d1ead2caae3db2f7af832865551cee33866f8c02fb8cf5a93e106b26a7f425c,raw match
Runtime/Zoetrope/ICombatFx.cs,02d81312d56ddfb259d5b2a2f852770462a00dca04b441a4b8359ed69f7a5556,02d81312d56ddfb259d5b2a2f852770462a00dca04b441a4b8359ed69f7a5556,02d81312d56ddfb259d5b2a2f852770462a00dca04b441a4b8359ed69f7a5556,02d81312d56ddfb259d5b2a2f852770462a00dca04b441a4b8359ed69f7a5556,raw match
Runtime/Zoetrope/ICueSink.cs,cf864aff98b6574ee536488269329127927bd84954d26f7fae3b71bf6965a23f,cf864aff98b6574ee536488269329127927bd84954d26f7fae3b71bf6965a23f,cf864aff98b6574ee536488269329127927bd84954d26f7fae3b71bf6965a23f,cf864aff98b6574ee536488269329127927bd84954d26f7fae3b71bf6965a23f,raw match
Runtime/Zoetrope/IEffect.cs,e64acea43b68d7dabdd1fdee838127605f9714cd91255596786f2f1162928c97,e64acea43b68d7dabdd1fdee838127605f9714cd91255596786f2f1162928c97,e64acea43b68d7dabdd1fdee838127605f9714cd91255596786f2f1162928c97,e64acea43b68d7dabdd1fdee838127605f9714cd91255596786f2f1162928c97,raw match
Runtime/Zoetrope/IEffectOrientationHint.cs,dc106d3db414e9125a8c21cd80de60e59dbe880199342e3e0ec7b11b87e57fc1,dc106d3db414e9125a8c21cd80de60e59dbe880199342e3e0ec7b11b87e57fc1,dc106d3db414e9125a8c21cd80de60e59dbe880199342e3e0ec7b11b87e57fc1,dc106d3db414e9125a8c21cd80de60e59dbe880199342e3e0ec7b11b87e57fc1,raw match
Runtime/Zoetrope/IEventParamUser.cs,d83532ff9d7d846d1b2493a7262d6d24baacb440122c9e2bff334cfaac7ec31c,d83532ff9d7d846d1b2493a7262d6d24baacb440122c9e2bff334cfaac7ec31c,d83532ff9d7d846d1b2493a7262d6d24baacb440122c9e2bff334cfaac7ec31c,d83532ff9d7d846d1b2493a7262d6d24baacb440122c9e2bff334cfaac7ec31c,raw match
Runtime/Zoetrope/IFireStateSource.cs,c105ad511f75f1368aa6aa1174f1d57d4634eafe76ff22728e047fb12dde28fd,c105ad511f75f1368aa6aa1174f1d57d4634eafe76ff22728e047fb12dde28fd,c105ad511f75f1368aa6aa1174f1d57d4634eafe76ff22728e047fb12dde28fd,c105ad511f75f1368aa6aa1174f1d57d4634eafe76ff22728e047fb12dde28fd,raw match
Runtime/Zoetrope/IFlippableView.cs,e287dce64485c31ff9b5da05a2b2e517f21765e2ae78a58dd34b8fd3147e9dc1,e287dce64485c31ff9b5da05a2b2e517f21765e2ae78a58dd34b8fd3147e9dc1,e287dce64485c31ff9b5da05a2b2e517f21765e2ae78a58dd34b8fd3147e9dc1,e287dce64485c31ff9b5da05a2b2e517f21765e2ae78a58dd34b8fd3147e9dc1,raw match
Runtime/Zoetrope/IMotionPoseHost.cs,ee54dcb3e66bf704542df8dc098761e9e1f7087feeb608125b001f3a6237f384,ee54dcb3e66bf704542df8dc098761e9e1f7087feeb608125b001f3a6237f384,ee54dcb3e66bf704542df8dc098761e9e1f7087feeb608125b001f3a6237f384,ee54dcb3e66bf704542df8dc098761e9e1f7087feeb608125b001f3a6237f384,raw match
Runtime/Zoetrope/IPartLookup.cs,848a381da083a0c269af915b461a14098a60730594b3efa196529a9eb40eca09,848a381da083a0c269af915b461a14098a60730594b3efa196529a9eb40eca09,848a381da083a0c269af915b461a14098a60730594b3efa196529a9eb40eca09,848a381da083a0c269af915b461a14098a60730594b3efa196529a9eb40eca09,raw match
Runtime/Zoetrope/IPlayerControllerSpec.cs,d8c77d1c1bb94acc7283423257c5c2596ceaa7a6cec5b2ee59b45381bc0411b2,d8c77d1c1bb94acc7283423257c5c2596ceaa7a6cec5b2ee59b45381bc0411b2,d8c77d1c1bb94acc7283423257c5c2596ceaa7a6cec5b2ee59b45381bc0411b2,d8c77d1c1bb94acc7283423257c5c2596ceaa7a6cec5b2ee59b45381bc0411b2,raw match
Runtime/Zoetrope/IReactionLookAnswerer.cs,1fa6516047c231ea6f32967bf587087515c4e7de80d47f0d406d4d206a392229,1fa6516047c231ea6f32967bf587087515c4e7de80d47f0d406d4d206a392229,1fa6516047c231ea6f32967bf587087515c4e7de80d47f0d406d4d206a392229,1fa6516047c231ea6f32967bf587087515c4e7de80d47f0d406d4d206a392229,raw match
Runtime/Zoetrope/IResolvedFacing.cs,236c0bb81d41f40d667c7ae4d541ecd16d103f8ce1dae04bd42e64b1a9cda5f0,236c0bb81d41f40d667c7ae4d541ecd16d103f8ce1dae04bd42e64b1a9cda5f0,236c0bb81d41f40d667c7ae4d541ecd16d103f8ce1dae04bd42e64b1a9cda5f0,236c0bb81d41f40d667c7ae4d541ecd16d103f8ce1dae04bd42e64b1a9cda5f0,raw match
Runtime/Zoetrope/IZonedView.cs,a26a1a225b6365667528ffd251f04cb3a4a604ca28692f587a59d582e11937bc,6fc08f0874e82146866b872d0d8c506a466d76fc483463d085e7c22466092d52,a26a1a225b6365667528ffd251f04cb3a4a604ca28692f587a59d582e11937bc,a26a1a225b6365667528ffd251f04cb3a4a604ca28692f587a59d582e11937bc,EOL-only difference
Runtime/Zoetrope/InvulnerableEffect.cs,7f6687e6d1ca69d047615cd35aa43cf5533e8cf4b4d9d397b1a4efd678b96b1b,7f6687e6d1ca69d047615cd35aa43cf5533e8cf4b4d9d397b1a4efd678b96b1b,7f6687e6d1ca69d047615cd35aa43cf5533e8cf4b4d9d397b1a4efd678b96b1b,7f6687e6d1ca69d047615cd35aa43cf5533e8cf4b4d9d397b1a4efd678b96b1b,raw match
Runtime/Zoetrope/LoadoutController.cs,44dbf357e1464422596f26ab9a35350438849b1ff1bfa6c6e56683e53632fc14,44dbf357e1464422596f26ab9a35350438849b1ff1bfa6c6e56683e53632fc14,44dbf357e1464422596f26ab9a35350438849b1ff1bfa6c6e56683e53632fc14,44dbf357e1464422596f26ab9a35350438849b1ff1bfa6c6e56683e53632fc14,raw match
Runtime/Zoetrope/Locomotion.cs,94417947b91400cabbe6956bae5963af8e5031800a06409f2b1263c667da4926,d6ed9b38ff8cd7cc863495099df85ea5bbda6fb544e7eb75108e39d17d023dbc,94417947b91400cabbe6956bae5963af8e5031800a06409f2b1263c667da4926,94417947b91400cabbe6956bae5963af8e5031800a06409f2b1263c667da4926,EOL-only difference
Runtime/Zoetrope/MotionPose.cs,3e680c48b92902a909ad31a2c47b0669094631bd525641b19de099a52288aa4b,3e680c48b92902a909ad31a2c47b0669094631bd525641b19de099a52288aa4b,3e680c48b92902a909ad31a2c47b0669094631bd525641b19de099a52288aa4b,3e680c48b92902a909ad31a2c47b0669094631bd525641b19de099a52288aa4b,raw match
Runtime/Zoetrope/MotionState.cs,5da268f6d1122618492231a4de34b99d6d3ba89c225a1d73b0a4799d955e346c,5da268f6d1122618492231a4de34b99d6d3ba89c225a1d73b0a4799d955e346c,5da268f6d1122618492231a4de34b99d6d3ba89c225a1d73b0a4799d955e346c,5da268f6d1122618492231a4de34b99d6d3ba89c225a1d73b0a4799d955e346c,raw match
Runtime/Zoetrope/MuzzleTracker.cs,feceb2738aa29281c2fbece546ce5ac4a995080263f9c927f4806236b7147e4c,feceb2738aa29281c2fbece546ce5ac4a995080263f9c927f4806236b7147e4c,feceb2738aa29281c2fbece546ce5ac4a995080263f9c927f4806236b7147e4c,feceb2738aa29281c2fbece546ce5ac4a995080263f9c927f4806236b7147e4c,raw match
Runtime/Zoetrope/MuzzleVectorTracker.cs,8808aea0bedee92a094276331dd96650270fc154dafa797cf2292fff0a45db87,4dc179effb81bed085edc3fc1c0028a5022b5b807c49ba080f5eb7d3d06f70df,8808aea0bedee92a094276331dd96650270fc154dafa797cf2292fff0a45db87,8808aea0bedee92a094276331dd96650270fc154dafa797cf2292fff0a45db87,EOL-only difference
Runtime/Zoetrope/NamedReaction.cs,e61386cb65df2b649aba1943f113b194acd8b2a720f44465998492b03fbd063c,1098a8b89756d13f27bb5cb35a8c8df050d3758426832b5223f50a78fda16451,e61386cb65df2b649aba1943f113b194acd8b2a720f44465998492b03fbd063c,e61386cb65df2b649aba1943f113b194acd8b2a720f44465998492b03fbd063c,EOL-only difference
Runtime/Zoetrope/PaintedMuzzleAimSpec.cs,654bfe3b80507987d76b59629111d6bf63c4fec380e27afa67313d4b1bdbf24d,654bfe3b80507987d76b59629111d6bf63c4fec380e27afa67313d4b1bdbf24d,654bfe3b80507987d76b59629111d6bf63c4fec380e27afa67313d4b1bdbf24d,654bfe3b80507987d76b59629111d6bf63c4fec380e27afa67313d4b1bdbf24d,raw match
Runtime/Zoetrope/PlayLauminationEffect.cs,e2c69b9122fffb076462cdded4066638872707b085e88de814b4217e88269905,09f186d2047dc2abb98e642a57d75a8e902ef707eb3adb352c4d65eac7385ae4,e2c69b9122fffb076462cdded4066638872707b085e88de814b4217e88269905,e2c69b9122fffb076462cdded4066638872707b085e88de814b4217e88269905,EOL-only difference
Runtime/Zoetrope/ProjectileFx.cs,89b7614cbba375ab2e643915c80f307c8a2b4a38d8034fdc1613728ff682424a,89b7614cbba375ab2e643915c80f307c8a2b4a38d8034fdc1613728ff682424a,89b7614cbba375ab2e643915c80f307c8a2b4a38d8034fdc1613728ff682424a,89b7614cbba375ab2e643915c80f307c8a2b4a38d8034fdc1613728ff682424a,raw match
Runtime/Zoetrope/PushbackEffect.cs,c7af087c09534b0b0dd9c880f38f807ac6eb86be875f5647b8cb0f5e4b7bc867,c7af087c09534b0b0dd9c880f38f807ac6eb86be875f5647b8cb0f5e4b7bc867,c7af087c09534b0b0dd9c880f38f807ac6eb86be875f5647b8cb0f5e4b7bc867,c7af087c09534b0b0dd9c880f38f807ac6eb86be875f5647b8cb0f5e4b7bc867,raw match
Runtime/Zoetrope/ReactionFx.cs,d64df5180a2dc84f6c5851c873771ae5899474f429a46819b2dbcfd5594d34a1,47b7cfc32cf294a4d68ab8dd3a9dab34637bb3c1eb5c72cdc3910829c7f37a0a,d64df5180a2dc84f6c5851c873771ae5899474f429a46819b2dbcfd5594d34a1,d64df5180a2dc84f6c5851c873771ae5899474f429a46819b2dbcfd5594d34a1,EOL-only difference
Runtime/Zoetrope/ReactionFxPlayer.cs,457ea98dee5f3b41223c6917f7b2c1bc2870c6334c806b5a9b63810c7b4972ed,457ea98dee5f3b41223c6917f7b2c1bc2870c6334c806b5a9b63810c7b4972ed,457ea98dee5f3b41223c6917f7b2c1bc2870c6334c806b5a9b63810c7b4972ed,457ea98dee5f3b41223c6917f7b2c1bc2870c6334c806b5a9b63810c7b4972ed,raw match
Runtime/Zoetrope/ReactionRequest.cs,5990062fa9ca1ff2338608423aa2ad88abe23cba89a8fbca1800bc2473dc8266,5990062fa9ca1ff2338608423aa2ad88abe23cba89a8fbca1800bc2473dc8266,5990062fa9ca1ff2338608423aa2ad88abe23cba89a8fbca1800bc2473dc8266,5990062fa9ca1ff2338608423aa2ad88abe23cba89a8fbca1800bc2473dc8266,raw match
Runtime/Zoetrope/SpriteAlphaHitFilter.cs,99f4788a5e2d01cc02a688d653e6bd52e42fa09ccae1faade0e52807037b9bf8,99f4788a5e2d01cc02a688d653e6bd52e42fa09ccae1faade0e52807037b9bf8,99f4788a5e2d01cc02a688d653e6bd52e42fa09ccae1faade0e52807037b9bf8,99f4788a5e2d01cc02a688d653e6bd52e42fa09ccae1faade0e52807037b9bf8,raw match
Runtime/Zoetrope/TargetPracticeController.cs,0a940c6be53d86b111a2f4d7ef7277605ed898fe0ebae97342fda59b4de57820,6376c4ee1d5d8b9a3e482d2ccf9f780368713e340f48f5adae28fdd9c42e2c2f,0a940c6be53d86b111a2f4d7ef7277605ed898fe0ebae97342fda59b4de57820,0a940c6be53d86b111a2f4d7ef7277605ed898fe0ebae97342fda59b4de57820,EOL-only difference
Runtime/Zoetrope/WeaponDef.cs,b0cba1776f3b97d791ae9111da29d20e283567ced28a8f52d86eab05f0ee9169,c67ed2e508203d5304679e065148cc8d8e1fdca1bcbfa22a9e0f00245b4a0b06,b0cba1776f3b97d791ae9111da29d20e283567ced28a8f52d86eab05f0ee9169,b0cba1776f3b97d791ae9111da29d20e283567ced28a8f52d86eab05f0ee9169,EOL-only difference
Runtime/Zoetrope/WeaponMuzzleCue.cs,378fd6ff3aa5693b789372a9208535a744011e10ab426b0dc37188eecde87bd0,cf8f952605b7acda23f97ee615290f424287e2bc82a46bd76dad7f7506e3b1cf,378fd6ff3aa5693b789372a9208535a744011e10ab426b0dc37188eecde87bd0,378fd6ff3aa5693b789372a9208535a744011e10ab426b0dc37188eecde87bd0,EOL-only difference
Runtime/Zoetrope/WeaponSwitcher.cs,3f14602163f8b2cb1345f11789733dda35ee0d0d12d1c376662271dc8f15e1d3,3f14602163f8b2cb1345f11789733dda35ee0d0d12d1c376662271dc8f15e1d3,3f14602163f8b2cb1345f11789733dda35ee0d0d12d1c376662271dc8f15e1d3,3f14602163f8b2cb1345f11789733dda35ee0d0d12d1c376662271dc8f15e1d3,raw match
Runtime/Zoetrope/Zoe.cs,a69e0b83a15cdb6f9e59edda9a6d73675692acdba8e30d5363a9dd9934814bbc,c9c4f08278c418816b02490fc18b27132c8c437c39d6875955a0a2877ffc3522,a69e0b83a15cdb6f9e59edda9a6d73675692acdba8e30d5363a9dd9934814bbc,a69e0b83a15cdb6f9e59edda9a6d73675692acdba8e30d5363a9dd9934814bbc,EOL-only difference
Runtime/Zoetrope/ZoeChunkAnimation.cs,4e18f9d8d9c115fb52fa3efc7844009a305f436aeeae1a98132781d9eb138deb,4e18f9d8d9c115fb52fa3efc7844009a305f436aeeae1a98132781d9eb138deb,4e18f9d8d9c115fb52fa3efc7844009a305f436aeeae1a98132781d9eb138deb,4e18f9d8d9c115fb52fa3efc7844009a305f436aeeae1a98132781d9eb138deb,raw match
Runtime/Zoetrope/ZoeMetaPositionResolver.cs,cacd0b41bc40300aeba0b1ddc0eb931398649b0f738e213f6e20f972c2477431,cacd0b41bc40300aeba0b1ddc0eb931398649b0f738e213f6e20f972c2477431,cacd0b41bc40300aeba0b1ddc0eb931398649b0f738e213f6e20f972c2477431,cacd0b41bc40300aeba0b1ddc0eb931398649b0f738e213f6e20f972c2477431,raw match
Runtime/Zoetrope/ZoeReactionTelemetry.cs,1cd5077823aaa7ddf545ebfb862ea467b6e87f53f44e9cb2b6a82b2f8a55fdf9,1cd5077823aaa7ddf545ebfb862ea467b6e87f53f44e9cb2b6a82b2f8a55fdf9,1cd5077823aaa7ddf545ebfb862ea467b6e87f53f44e9cb2b6a82b2f8a55fdf9,1cd5077823aaa7ddf545ebfb862ea467b6e87f53f44e9cb2b6a82b2f8a55fdf9,raw match
Runtime/Zoetrope/ZoeSpawner.cs,73cfbe6d90a0352c2ae0bf67d85a6cadecf1e6bd60370c6df4a84ffbce5e8a11,9caccc8b962779a5ac2bbeae9d3402006c31d92738b707545c4a604295d58a8a,73cfbe6d90a0352c2ae0bf67d85a6cadecf1e6bd60370c6df4a84ffbce5e8a11,73cfbe6d90a0352c2ae0bf67d85a6cadecf1e6bd60370c6df4a84ffbce5e8a11,EOL-only difference
Runtime/Zoetrope/ZoeState.cs,5022d9ffd0f5959ba6da93848e4e6ec6c18348864431feea3e8391be9b7108a5,5022d9ffd0f5959ba6da93848e4e6ec6c18348864431feea3e8391be9b7108a5,5022d9ffd0f5959ba6da93848e4e6ec6c18348864431feea3e8391be9b7108a5,5022d9ffd0f5959ba6da93848e4e6ec6c18348864431feea3e8391be9b7108a5,raw match
Runtime/Zoetrope/ZoeWeaponSlot.cs,d66c9e0e43c5e426e3b972f27edfabaf4cc435e1781bd262c0c4a151e6b45e6b,19db2b5a07e378ef45bb7c2ca888475cacfa6570b6e0ab7c16da68552a808d76,d66c9e0e43c5e426e3b972f27edfabaf4cc435e1781bd262c0c4a151e6b45e6b,d66c9e0e43c5e426e3b972f27edfabaf4cc435e1781bd262c0c4a151e6b45e6b,EOL-only difference
Runtime/Zoetrope/com.Lautaro-Arino.Laubrary.Zoetrope.asmdef,4551400f1131f6a804c3bc557456be7a2c133c66c59bf5444d0acf2339176f17,4551400f1131f6a804c3bc557456be7a2c133c66c59bf5444d0acf2339176f17,4551400f1131f6a804c3bc557456be7a2c133c66c59bf5444d0acf2339176f17,4551400f1131f6a804c3bc557456be7a2c133c66c59bf5444d0acf2339176f17,raw match
Runtime/ZoetropeDaemon/DaemonBrainSpec.cs,276cd7a8fb2cb5b5214c4158fc9dfa02699bf9218f47787ec1eb7d9f12b2653a,3ae1a542480b0568710fdfbdea916d8991ea58bf1ae08477640d60beca134c77,276cd7a8fb2cb5b5214c4158fc9dfa02699bf9218f47787ec1eb7d9f12b2653a,276cd7a8fb2cb5b5214c4158fc9dfa02699bf9218f47787ec1eb7d9f12b2653a,EOL-only difference
Runtime/ZoetropeDaemon/com.Lautaro-Arino.Laubrary.Zoetrope.Daemon.asmdef,f295e710173affe6c56428bb625654f5d91e9c25f860c579cab4a891ecb135ff,b9b30a7788f86ecf11f80cb11b4e9cb9e309e8d0b40ab1db5a5c7165afc109a1,f295e710173affe6c56428bb625654f5d91e9c25f860c579cab4a891ecb135ff,f295e710173affe6c56428bb625654f5d91e9c25f860c579cab4a891ecb135ff,EOL-only difference
Runtime/ZoetropeLaunimator/AnimatedViewRelay.cs,930f650522a33d7d6413494bd70346e3ab96c6f521fbf243f9874fe02bea2b1e,1aa343d964c36b7906e6d5f5dab3eda9818430d5a053fa30845fbd2cc6a5cec0,930f650522a33d7d6413494bd70346e3ab96c6f521fbf243f9874fe02bea2b1e,930f650522a33d7d6413494bd70346e3ab96c6f521fbf243f9874fe02bea2b1e,EOL-only difference
Runtime/ZoetropeLaunimator/CompositeAnimatedView.cs,a3a3651d1e8b8fb502a364181dd9295e7ee206aa6da991a703c7ae7176eed220,a3a3651d1e8b8fb502a364181dd9295e7ee206aa6da991a703c7ae7176eed220,a3a3651d1e8b8fb502a364181dd9295e7ee206aa6da991a703c7ae7176eed220,a3a3651d1e8b8fb502a364181dd9295e7ee206aa6da991a703c7ae7176eed220,raw match
Runtime/ZoetropeLaunimator/CompositeLauminaryView.cs,f6e5fa9a73218b5f91d924e188931120cf8587324cb4a22703a97e2eaf567afe,e753e2e22c657a480f95afcc2e6a4b8ef16a94b0d959623ed1032ea4345eda8f,f6e5fa9a73218b5f91d924e188931120cf8587324cb4a22703a97e2eaf567afe,f6e5fa9a73218b5f91d924e188931120cf8587324cb4a22703a97e2eaf567afe,EOL-only difference
Runtime/ZoetropeLaunimator/CompositeZonedPlayer.cs,1ede7bc11ed8b1f948fcc216942cb444e39e2738084e405a5f413a5c5ea5f1ce,e964d47171df9e011aaedaec48f8773cf4465d83a47bf18ce84486057e66ff4f,1ede7bc11ed8b1f948fcc216942cb444e39e2738084e405a5f413a5c5ea5f1ce,1ede7bc11ed8b1f948fcc216942cb444e39e2738084e405a5f413a5c5ea5f1ce,EOL-only difference
Runtime/ZoetropeLaunimator/CueRelay.cs,7c49d329e707f5173a3844a64d0e87f3a9434100b4e0223ed0ea6c5e10f909cd,b41f207aac8b2db39d28bdc04a404a63ac985c816a56f8efeadfdc74d30c6482,7c49d329e707f5173a3844a64d0e87f3a9434100b4e0223ed0ea6c5e10f909cd,7c49d329e707f5173a3844a64d0e87f3a9434100b4e0223ed0ea6c5e10f909cd,EOL-only difference
Runtime/ZoetropeLaunimator/LauminaryPreview.cs,e32be277c793f90b4130b4c98b1d6504222a4f5ce6e1aff655d9224cf5c49eb6,e32be277c793f90b4130b4c98b1d6504222a4f5ce6e1aff655d9224cf5c49eb6,e32be277c793f90b4130b4c98b1d6504222a4f5ce6e1aff655d9224cf5c49eb6,e32be277c793f90b4130b4c98b1d6504222a4f5ce6e1aff655d9224cf5c49eb6,raw match
Runtime/ZoetropeLaunimator/LauminaryView.cs,9c58cd738521cb6ab3454a18256219a70a93c6facf2da05f2587f16b287e87c2,9c58cd738521cb6ab3454a18256219a70a93c6facf2da05f2587f16b287e87c2,9c58cd738521cb6ab3454a18256219a70a93c6facf2da05f2587f16b287e87c2,9c58cd738521cb6ab3454a18256219a70a93c6facf2da05f2587f16b287e87c2,raw match
Runtime/ZoetropeLaunimator/MotionPoseAnimator.cs,c5acf1c6f6e1607d1351f23ebf384e7182ebc8f421f0a00b9b999740e4063814,ebb577a78591c94380a209c01b620e4b5073fed3e307d147479ca726825c8a08,c5acf1c6f6e1607d1351f23ebf384e7182ebc8f421f0a00b9b999740e4063814,c5acf1c6f6e1607d1351f23ebf384e7182ebc8f421f0a00b9b999740e4063814,EOL-only difference
Runtime/ZoetropeLaunimator/MotionPoseCatalog.cs,79f9f697d446bb6e427428b0fa9a2d30c318e7717383feaaa9dd0dcbae410511,18a7d8f4c9453529c8a9af4530ef68e02fec7052d6df5e22768611b4931bfe8c,79f9f697d446bb6e427428b0fa9a2d30c318e7717383feaaa9dd0dcbae410511,79f9f697d446bb6e427428b0fa9a2d30c318e7717383feaaa9dd0dcbae410511,EOL-only difference
Runtime/ZoetropeLaunimator/MotionPoseResolver.cs,c90aeed3a7cc17903c47ae1b7fa6b7dc1bce94f7aad6ca1f9130cfa63d55b83e,053576a3177e68dc6e7ed321459cfdc748f579c008e06dcd7f95c094359d3b0a,c90aeed3a7cc17903c47ae1b7fa6b7dc1bce94f7aad6ca1f9130cfa63d55b83e,c90aeed3a7cc17903c47ae1b7fa6b7dc1bce94f7aad6ca1f9130cfa63d55b83e,EOL-only difference
Runtime/ZoetropeLaunimator/ZoeCapabilities.cs,2170e8990094595293ee046829dce3b4ac103ad2ddd4b9f748c31d78e8829a8d,2170e8990094595293ee046829dce3b4ac103ad2ddd4b9f748c31d78e8829a8d,2170e8990094595293ee046829dce3b4ac103ad2ddd4b9f748c31d78e8829a8d,2170e8990094595293ee046829dce3b4ac103ad2ddd4b9f748c31d78e8829a8d,raw match
Runtime/ZoetropeLaunimator/ZonedLauminaryView.cs,07f984d096b7c4d3d9515eac8970101f03dc6c19ffe2e229b25ccb92142c6fed,07f984d096b7c4d3d9515eac8970101f03dc6c19ffe2e229b25ccb92142c6fed,07f984d096b7c4d3d9515eac8970101f03dc6c19ffe2e229b25ccb92142c6fed,07f984d096b7c4d3d9515eac8970101f03dc6c19ffe2e229b25ccb92142c6fed,raw match
Runtime/ZoetropeLaunimator/com.Lautaro-Arino.Laubrary.Zoetrope.Launimator.asmdef,3bfa0d3cf2b02fd70c758328a82da956e25bb1f9260cd7c280f812491651c07a,3bfa0d3cf2b02fd70c758328a82da956e25bb1f9260cd7c280f812491651c07a,3bfa0d3cf2b02fd70c758328a82da956e25bb1f9260cd7c280f812491651c07a,3bfa0d3cf2b02fd70c758328a82da956e25bb1f9260cd7c280f812491651c07a,raw match
Runtime/ZoetropePyre/PersistentHoleFx.cs,566d468fb3cdfae5c1a9c06024d3b858ae26b092829862c775aae123fce612fb,566d468fb3cdfae5c1a9c06024d3b858ae26b092829862c775aae123fce612fb,566d468fb3cdfae5c1a9c06024d3b858ae26b092829862c775aae123fce612fb,566d468fb3cdfae5c1a9c06024d3b858ae26b092829862c775aae123fce612fb,raw match
Runtime/ZoetropePyre/PyreChunksFx.cs,302ad861d33e2d2c9abb3c61896f024058b1fe9d439c544340ddf77eff5f097b,302ad861d33e2d2c9abb3c61896f024058b1fe9d439c544340ddf77eff5f097b,302ad861d33e2d2c9abb3c61896f024058b1fe9d439c544340ddf77eff5f097b,302ad861d33e2d2c9abb3c61896f024058b1fe9d439c544340ddf77eff5f097b,raw match
Runtime/ZoetropePyre/SpawnChunkFx.cs,f8e3bdbeb0ad76af7b43a2121a05befebed2b0a9b572f4ce43bde255ada43b5c,0c381c65d9f60450734dcc7e8f820fbb8b2e18798e14e5752675ae305f2547cd,f8e3bdbeb0ad76af7b43a2121a05befebed2b0a9b572f4ce43bde255ada43b5c,f8e3bdbeb0ad76af7b43a2121a05befebed2b0a9b572f4ce43bde255ada43b5c,EOL-only difference
Runtime/ZoetropePyre/SpawnPyreFx.cs,79aa9abaa76fba63a4578b942d4fc3dde58d30f2536c28d90b242c00b490d027,79aa9abaa76fba63a4578b942d4fc3dde58d30f2536c28d90b242c00b490d027,79aa9abaa76fba63a4578b942d4fc3dde58d30f2536c28d90b242c00b490d027,79aa9abaa76fba63a4578b942d4fc3dde58d30f2536c28d90b242c00b490d027,raw match
Runtime/ZoetropePyre/ZoeLiveSampler.cs,951b02e532303ead6f3a8ced7e5c4e6b8a5783494661273725bc4377d67a8ba4,951b02e532303ead6f3a8ced7e5c4e6b8a5783494661273725bc4377d67a8ba4,951b02e532303ead6f3a8ced7e5c4e6b8a5783494661273725bc4377d67a8ba4,951b02e532303ead6f3a8ced7e5c4e6b8a5783494661273725bc4377d67a8ba4,raw match
Runtime/ZoetropePyre/com.Lautaro-Arino.Laubrary.Zoetrope.Pyre.asmdef,1d3427d1b3a319cb0c3c96c97e965021e5aa19e989d74afaa2592db086ed3c2e,d460574303f1e9bda4d62371394642a59902c5f97cab87268a773ab5828a8579,1d3427d1b3a319cb0c3c96c97e965021e5aa19e989d74afaa2592db086ed3c2e,1d3427d1b3a319cb0c3c96c97e965021e5aa19e989d74afaa2592db086ed3c2e,EOL-only difference
Runtime/ZoetropeZoeCharacter/TopDownPlayerControllerSpec.cs,bcfe8f09ba77da3ecb35ec7c255f5f32686594070312f571351b6069d4412777,bcfe8f09ba77da3ecb35ec7c255f5f32686594070312f571351b6069d4412777,bcfe8f09ba77da3ecb35ec7c255f5f32686594070312f571351b6069d4412777,bcfe8f09ba77da3ecb35ec7c255f5f32686594070312f571351b6069d4412777,raw match
Runtime/ZoetropeZoeCharacter/com.Lautaro-Arino.Laubrary.Zoetrope.ZoeCharacter.asmdef,52fd8d8b7a90de651e498f49d14df389ab16140297955db69fb256490cf411f6,52fd8d8b7a90de651e498f49d14df389ab16140297955db69fb256490cf411f6,52fd8d8b7a90de651e498f49d14df389ab16140297955db69fb256490cf411f6,52fd8d8b7a90de651e498f49d14df389ab16140297955db69fb256490cf411f6,raw match
Runtime/ZoetropeZounds/PlayZoundEffect.cs,0a35a1c87fc8a359624e7147b569ee9bffd96857db037d05b1e6805fbe8b674b,b8897429de2786c8e8ecb36a6b6bb0e06c65ef9b8aca5a15f82f8d8983e94acb,0a35a1c87fc8a359624e7147b569ee9bffd96857db037d05b1e6805fbe8b674b,0a35a1c87fc8a359624e7147b569ee9bffd96857db037d05b1e6805fbe8b674b,EOL-only difference
Runtime/ZoetropeZounds/com.Lautaro-Arino.Laubrary.Zoetrope.Zounds.asmdef,8220e10842c9fb601dec18b1c2b50e2e5d2b80aff8ddfa25b6855ca61322bcf6,8262e0ed919108987f084a23a0f87e3a5c51ac8872111fdcb763dc3b845111ee,8220e10842c9fb601dec18b1c2b50e2e5d2b80aff8ddfa25b6855ca61322bcf6,8220e10842c9fb601dec18b1c2b50e2e5d2b80aff8ddfa25b6855ca61322bcf6,EOL-only difference
Runtime/Zounds/AssemblyInfo.cs,efda52103bccd6d43baa1b101c33c12799cc0380cff5d36e843b49c14c7912a3,efda52103bccd6d43baa1b101c33c12799cc0380cff5d36e843b49c14c7912a3,efda52103bccd6d43baa1b101c33c12799cc0380cff5d36e843b49c14c7912a3,efda52103bccd6d43baa1b101c33c12799cc0380cff5d36e843b49c14c7912a3,raw match
Runtime/Zounds/ZoundAPI.cs,998881fbddab2a303db1d81a52fccb92105b18e79fd56b70a26db67d3b6a396f,d1692c141fec9e540b9295b4bcf4fe8ee183b12bf3599a183a0b989bf5dae5b6,998881fbddab2a303db1d81a52fccb92105b18e79fd56b70a26db67d3b6a396f,998881fbddab2a303db1d81a52fccb92105b18e79fd56b70a26db67d3b6a396f,EOL-only difference
Runtime/Zounds/ZoundEngine/Dsp/ChainLayout.cs,65c6f3c2b64c07eab2c04b22249b440dab9eb89887890e4a918aee3f91e54e6e,6569f64003bf945901fcfef4ba6ac19715e052121c5603015c8c64a1f95733ca,65c6f3c2b64c07eab2c04b22249b440dab9eb89887890e4a918aee3f91e54e6e,65c6f3c2b64c07eab2c04b22249b440dab9eb89887890e4a918aee3f91e54e6e,EOL-only difference
Runtime/Zounds/ZoundEngine/Dsp/ChainModulationCompat.cs,515067ec8553d7133f831c8f9c7f8e5a0e76f4c4a24fd4f1e39e34b66e6bc5e3,9cb11492dbe86fb7e6ad38020b196866088bcd82c4562afb7ade94c34aa7aa59,515067ec8553d7133f831c8f9c7f8e5a0e76f4c4a24fd4f1e39e34b66e6bc5e3,515067ec8553d7133f831c8f9c7f8e5a0e76f4c4a24fd4f1e39e34b66e6bc5e3,EOL-only difference
Runtime/Zounds/ZoundEngine/Dsp/DspVoice.cs,1949a6020b5ade79d9ddfb2a5724e6ea3b513eb6bf3c5ff9d64c5f932b53e6c5,4376d6009c94df0f9cabaa2a2c6fd7004f8070c7c9652b3953181f26c3c300af,1949a6020b5ade79d9ddfb2a5724e6ea3b513eb6bf3c5ff9d64c5f932b53e6c5,1949a6020b5ade79d9ddfb2a5724e6ea3b513eb6bf3c5ff9d64c5f932b53e6c5,EOL-only difference
Runtime/Zounds/ZoundEngine/Dsp/EnvelopeRandom.cs,7f387f6eff6275c5d99142975ce68526f6244d4b05882756c4ee8e32314a042c,7f387f6eff6275c5d99142975ce68526f6244d4b05882756c4ee8e32314a042c,7f387f6eff6275c5d99142975ce68526f6244d4b05882756c4ee8e32314a042c,7f387f6eff6275c5d99142975ce68526f6244d4b05882756c4ee8e32314a042c,raw match
Runtime/Zounds/ZoundEngine/Dsp/LegacyStretch.cs,db7dec620be5264bc6164f2cc2cb11a0f7c1cdf8d4213ee31e42b3d239fafb35,db7dec620be5264bc6164f2cc2cb11a0f7c1cdf8d4213ee31e42b3d239fafb35,db7dec620be5264bc6164f2cc2cb11a0f7c1cdf8d4213ee31e42b3d239fafb35,db7dec620be5264bc6164f2cc2cb11a0f7c1cdf8d4213ee31e42b3d239fafb35,raw match
Runtime/Zounds/ZoundEngine/Dsp/ModulationMath.cs,e4997a653f5713eabe851823f24572051f0fd252518b0a038f93f7fca07f9231,935a0ae0b765eef82ad7bf52f8e4533b1123a24839171500018508230a5c31fd,e4997a653f5713eabe851823f24572051f0fd252518b0a038f93f7fca07f9231,e4997a653f5713eabe851823f24572051f0fd252518b0a038f93f7fca07f9231,EOL-only difference
Runtime/Zounds/ZoundEngine/Dsp/Sap/SapChainLayout.cs,d6ecf9533831c5dc348abe7e4ea54f16ab08d64fa3e7f995a70aa01e4431d218,efe8f69b7034e599aee96f388bbd110da305a35923a7676bbb84c58965bc1e67,d6ecf9533831c5dc348abe7e4ea54f16ab08d64fa3e7f995a70aa01e4431d218,d6ecf9533831c5dc348abe7e4ea54f16ab08d64fa3e7f995a70aa01e4431d218,EOL-only difference
Runtime/Zounds/ZoundEngine/Dsp/Sap/SapPcm.cs,7e84539bf3eca7a596653f7cc6fbffb0c1516a03d1fc2feed91e5e4a9ef273f0,7e84539bf3eca7a596653f7cc6fbffb0c1516a03d1fc2feed91e5e4a9ef273f0,7e84539bf3eca7a596653f7cc6fbffb0c1516a03d1fc2feed91e5e4a9ef273f0,7e84539bf3eca7a596653f7cc6fbffb0c1516a03d1fc2feed91e5e4a9ef273f0,raw match
Runtime/Zounds/ZoundEngine/Dsp/Sap/SapRealtimeVoice.cs,d9e8549ddbec9287f5d8d65f76aae1f69a4976d5f4bb482129455bef5f39aaf6,81938913777a530351b17534a2bdc3cfd42935c75a9a080141e4cb5de056b9be,d9e8549ddbec9287f5d8d65f76aae1f69a4976d5f4bb482129455bef5f39aaf6,d9e8549ddbec9287f5d8d65f76aae1f69a4976d5f4bb482129455bef5f39aaf6,EOL-only difference
Runtime/Zounds/ZoundEngine/Dsp/Sap/SapStretch.cs,13616916fd909e924a8d68c805714f234d6ed3b5d7e92f084f915f2bd18d859b,350a64bb6963ff170e577be67b96730aae091feec8721d64ef936a5eeb5b29a5,13616916fd909e924a8d68c805714f234d6ed3b5d7e92f084f915f2bd18d859b,13616916fd909e924a8d68c805714f234d6ed3b5d7e92f084f915f2bd18d859b,EOL-only difference
Runtime/Zounds/ZoundEngine/Dsp/Sap/SapVoiceCommand.cs,ce1e24404af00effae8ec83fc69e38961a4f80fcec47f4832b1d076730a66bba,de37fe812055deaffaa2ff73f5da65e096da93370b6ca6c8dea12a7e11d1b394,ce1e24404af00effae8ec83fc69e38961a4f80fcec47f4832b1d076730a66bba,ce1e24404af00effae8ec83fc69e38961a4f80fcec47f4832b1d076730a66bba,EOL-only difference
Runtime/Zounds/ZoundEngine/Dsp/Sap/SapVoiceRegistry.cs,1cc01a1636e407f838549c485c685ad8f04042d1fbd0ca87c94373055ec2a080,7a092196f91d936c71f9d83ccdff787b1ebb0c3057ab7c8496c66288b80ac989,1cc01a1636e407f838549c485c685ad8f04042d1fbd0ca87c94373055ec2a080,1cc01a1636e407f838549c485c685ad8f04042d1fbd0ca87c94373055ec2a080,EOL-only difference
Runtime/Zounds/ZoundEngine/Dsp/Sap/SapVoiceRender.cs,df7666bcce31984ee4083076dde8ae281b8e58d6d21ce7d39a18e130b655f0f9,d37634eeb6f601de59d556af984449b4707d3f42fe2d85e6b07865eefde0eb10,df7666bcce31984ee4083076dde8ae281b8e58d6d21ce7d39a18e130b655f0f9,df7666bcce31984ee4083076dde8ae281b8e58d6d21ce7d39a18e130b655f0f9,EOL-only difference
Runtime/Zounds/ZoundEngine/Dsp/Sap/SapVoiceRenderJob.cs,29626d38a3799828c86465fc5af8bc68e6cad71323d81dbee37917604db39757,29626d38a3799828c86465fc5af8bc68e6cad71323d81dbee37917604db39757,29626d38a3799828c86465fc5af8bc68e6cad71323d81dbee37917604db39757,29626d38a3799828c86465fc5af8bc68e6cad71323d81dbee37917604db39757,raw match
Runtime/Zounds/ZoundEngine/Dsp/Sap/SapVoiceSetup.cs,7cd9207c1d84ad1711501ffdba4064801903fe22692c6ff72269a3010adc58d4,5d7e49cb92ae0f35ad4d03faac82d043670421147f4b3d098ff939ecd2d8ac48,7cd9207c1d84ad1711501ffdba4064801903fe22692c6ff72269a3010adc58d4,7cd9207c1d84ad1711501ffdba4064801903fe22692c6ff72269a3010adc58d4,EOL-only difference
Runtime/Zounds/ZoundEngine/Dsp/Sap/SapVoiceState.cs,917eebf873fd8949e2f3b273fdb8b68cdc6f4895ab6d3761b20aad1f76a5ca13,05e4084ddc501299370cc4682c7bfd6e38bb17f5a77df36a4bcc0cb64d2bf3e3,917eebf873fd8949e2f3b273fdb8b68cdc6f4895ab6d3761b20aad1f76a5ca13,917eebf873fd8949e2f3b273fdb8b68cdc6f4895ab6d3761b20aad1f76a5ca13,EOL-only difference
Runtime/Zounds/ZoundEngine/Dsp/Sap/ZoundAudioThreadGuard.cs,40532eaab8212ed4239718e38f5f70309f5ee752bd2d03aa2309d5543372352f,40532eaab8212ed4239718e38f5f70309f5ee752bd2d03aa2309d5543372352f,40532eaab8212ed4239718e38f5f70309f5ee752bd2d03aa2309d5543372352f,40532eaab8212ed4239718e38f5f70309f5ee752bd2d03aa2309d5543372352f,raw match
Runtime/Zounds/ZoundEngine/Dsp/Sap/ZoundSapPlayback.cs,ab92faae41e33bc5c4e4df9b0ccbf9972ea6dbc1472b7b87d34c4e32ecb76c77,680fc0b61c9595374d4e3133e465c5b5fb567cb151fd825dfa16617d806673bd,ab92faae41e33bc5c4e4df9b0ccbf9972ea6dbc1472b7b87d34c4e32ecb76c77,ab92faae41e33bc5c4e4df9b0ccbf9972ea6dbc1472b7b87d34c4e32ecb76c77,EOL-only difference
Runtime/Zounds/ZoundEngine/Dsp/Sap/ZoundSapVoiceGenerator.cs,f1478f675591a5f6ff62fb1a2b9bd8d8b7c4b457abfb7cde816f2f54c0731c36,dd61749da55f3edbf70d7ceeaf6301edfd117c025c5ce4e1eb653e2e521a3f2b,f1478f675591a5f6ff62fb1a2b9bd8d8b7c4b457abfb7cde816f2f54c0731c36,f1478f675591a5f6ff62fb1a2b9bd8d8b7c4b457abfb7cde816f2f54c0731c36,EOL-only difference
Runtime/Zounds/ZoundEngine/Dsp/ZoundDspConstants.cs,21720bc6861fe6a995ac8cdf34f7d58ef5ee614bc2e28e88651313e04b73ceb3,d2985e6363f7a4ea8aece22e838215154edb8c9ad5b0cb6cfaf2e6c8fb1d54c6,21720bc6861fe6a995ac8cdf34f7d58ef5ee614bc2e28e88651313e04b73ceb3,21720bc6861fe6a995ac8cdf34f7d58ef5ee614bc2e28e88651313e04b73ceb3,EOL-only difference
Runtime/Zounds/ZoundEngine/Dsp/ZoundDspEvents.cs,70e4b64cc17c208b28dc40f11bf6d80a1a455abd5e75af636d72c1497e7e4344,1d5884b7de046f4aaea408e9a028ded050401cb43a4c2dde51d0d456d4122892,70e4b64cc17c208b28dc40f11bf6d80a1a455abd5e75af636d72c1497e7e4344,70e4b64cc17c208b28dc40f11bf6d80a1a455abd5e75af636d72c1497e7e4344,EOL-only difference
Runtime/Zounds/ZoundEngine/Dsp/ZoundDspOffline.cs,53ffc614b4904ad49b1a1d75cffde7ff5ed5f6192744b33a72d407898a0d60d3,b13e69a4d39b6366cc6016f272599383646eaac2fab837aa4e70200b6eb3525c,53ffc614b4904ad49b1a1d75cffde7ff5ed5f6192744b33a72d407898a0d60d3,53ffc614b4904ad49b1a1d75cffde7ff5ed5f6192744b33a72d407898a0d60d3,EOL-only difference
Runtime/Zounds/ZoundEngine/Dsp/ZoundDspPlayback.cs,14051eaa2ac59c403f639592a41168ae5c7196ae2f531e894d81ee0022c2705a,eeba3502c0804cfbbeafdc7f663f488bb0e66fa884137746953eda7a65d33828,14051eaa2ac59c403f639592a41168ae5c7196ae2f531e894d81ee0022c2705a,14051eaa2ac59c403f639592a41168ae5c7196ae2f531e894d81ee0022c2705a,EOL-only difference
Runtime/Zounds/ZoundEngine/Dsp/ZoundEffectDescriptors.cs,38ec2b21f7c11be0de0a9454c8d234ee010a9149628a4afc3ae25d75af027c78,9b8e9111a74988551bb3a7923387e624442298e44cbd46e6946afc5484d228af,38ec2b21f7c11be0de0a9454c8d234ee010a9149628a4afc3ae25d75af027c78,38ec2b21f7c11be0de0a9454c8d234ee010a9149628a4afc3ae25d75af027c78,EOL-only difference
Runtime/Zounds/ZoundEngine/Dsp/ZoundEffects.cs,12cb70c9e27644bc54b23334fd32faddd79413fe97cf7665be257ddb5dcb89b5,6007454c3cab3ca4151dedfeabddc7c64307d73388f0f1fd517d63e5c58cfcbe,12cb70c9e27644bc54b23334fd32faddd79413fe97cf7665be257ddb5dcb89b5,12cb70c9e27644bc54b23334fd32faddd79413fe97cf7665be257ddb5dcb89b5,EOL-only difference
Runtime/Zounds/ZoundEngine/Dsp/ZoundGCStressTest.cs,348c15e4aef73c72209f760c23f192eb612ad2110f9e4ca687ad404600c2da10,9c3661c31626f98f118df4bf0fc1547dab584e7664e4feeaa92b22674dd900c9,348c15e4aef73c72209f760c23f192eb612ad2110f9e4ca687ad404600c2da10,348c15e4aef73c72209f760c23f192eb612ad2110f9e4ca687ad404600c2da10,EOL-only difference
Runtime/Zounds/ZoundEngine/Dsp/ZoundPcmCache.cs,c9290406402f9ae0bbf092bc2e5f1fae6e67dce3ccf184048b4ab007b782243e,74cf1dbf8d91279a168bee02fd45fb352331b71ea48624faf61c40158af38ffa,c9290406402f9ae0bbf092bc2e5f1fae6e67dce3ccf184048b4ab007b782243e,c9290406402f9ae0bbf092bc2e5f1fae6e67dce3ccf184048b4ab007b782243e,EOL-only difference
Runtime/Zounds/ZoundEngine/Dsp/ZoundTimeStretcher.cs,e45c8feef3325a9e0f4b0d62f0e1eb57d183b2958a79cdbf69db8501b790b78d,cbd49c85b1707c97c65ecbb5fac7b8ce6f44ae3d884252fbb66432d92cc3be6c,e45c8feef3325a9e0f4b0d62f0e1eb57d183b2958a79cdbf69db8501b790b78d,e45c8feef3325a9e0f4b0d62f0e1eb57d183b2958a79cdbf69db8501b790b78d,EOL-only difference
Runtime/Zounds/ZoundEngine/Dsp/ZoundTriggerWatch.cs,ce01526e7ac244c2f91c16b3f82bd4c3e5aeda74d8b58d2e481951cbca409696,6c23437632d94a1977cdd8dd0538fa40f045602e17c11d5c264f26d567702073,ce01526e7ac244c2f91c16b3f82bd4c3e5aeda74d8b58d2e481951cbca409696,ce01526e7ac244c2f91c16b3f82bd4c3e5aeda74d8b58d2e481951cbca409696,EOL-only difference
Runtime/Zounds/ZoundEngine/Envelope.cs,fa4d22bf9c4acd2156253c89d9c98d7dfe60cb873db6294e3b1df9f085ee0a4e,fa4d22bf9c4acd2156253c89d9c98d7dfe60cb873db6294e3b1df9f085ee0a4e,fa4d22bf9c4acd2156253c89d9c98d7dfe60cb873db6294e3b1df9f085ee0a4e,fa4d22bf9c4acd2156253c89d9c98d7dfe60cb873db6294e3b1df9f085ee0a4e,raw match
Runtime/Zounds/ZoundEngine/RuntimeUpdater.cs,f68a8e5062205186896444857978b2304866c77542b2883d387823e625a13433,f68a8e5062205186896444857978b2304866c77542b2883d387823e625a13433,f68a8e5062205186896444857978b2304866c77542b2883d387823e625a13433,f68a8e5062205186896444857978b2304866c77542b2883d387823e625a13433,raw match
Runtime/Zounds/ZoundEngine/ZoundDictionary.cs,97afd3eb311935990a6578caa4921ffef15a4f2c9df52b1455ea03bb54f88da3,b91ebbcb0b864b4a9aa6cd855cf02befa2b08aef602c200805794b37a98c2f76,97afd3eb311935990a6578caa4921ffef15a4f2c9df52b1455ea03bb54f88da3,97afd3eb311935990a6578caa4921ffef15a4f2c9df52b1455ea03bb54f88da3,EOL-only difference
Runtime/Zounds/ZoundEngine/ZoundEngine.cs,8cc04d6da560afbec4ff95b71a3f727ee51cf720e11ed2f0a5f7a99be434540b,bf012517208cfa4ce56cd2f0f130581d3cb7a094eae0a95669765e89fb51621f,8cc04d6da560afbec4ff95b71a3f727ee51cf720e11ed2f0a5f7a99be434540b,8cc04d6da560afbec4ff95b71a3f727ee51cf720e11ed2f0a5f7a99be434540b,EOL-only difference
Runtime/Zounds/ZoundEngine/ZoundGlide.cs,8b35d5519a8ab1302a83f1c0ec440392fd6995a423435116e9136ce03c380288,8b35d5519a8ab1302a83f1c0ec440392fd6995a423435116e9136ce03c380288,8b35d5519a8ab1302a83f1c0ec440392fd6995a423435116e9136ce03c380288,8b35d5519a8ab1302a83f1c0ec440392fd6995a423435116e9136ce03c380288,raw match
Runtime/Zounds/ZoundEngine/ZoundHandlers/ClipZoundHandler.cs,530205badae039d832886e5ec1cc73bd309767253feb90a714c7b3cb979445ac,530205badae039d832886e5ec1cc73bd309767253feb90a714c7b3cb979445ac,530205badae039d832886e5ec1cc73bd309767253feb90a714c7b3cb979445ac,530205badae039d832886e5ec1cc73bd309767253feb90a714c7b3cb979445ac,raw match
Runtime/Zounds/ZoundEngine/ZoundHandlers/KlipHandler.cs,45adcb792246362fb14fa1bbc85c35995b1d7617ab52fdc9e4e2e4bb612c0d56,6a07f18286806573ec041a1d1a1a58fb1065a39249aa7f666f2929f9a83b0f92,45adcb792246362fb14fa1bbc85c35995b1d7617ab52fdc9e4e2e4bb612c0d56,45adcb792246362fb14fa1bbc85c35995b1d7617ab52fdc9e4e2e4bb612c0d56,EOL-only difference
Runtime/Zounds/ZoundEngine/ZoundHandlers/ZequenceHandler.cs,55dabd1836cb20b12255499ec145572d286743ed9216d69e3049a3bf756656b2,b9acbf249e7c6b5e6e795c79fa6d1d3a7dbcc5397c3447862b4a14c8f05b1d4e,55dabd1836cb20b12255499ec145572d286743ed9216d69e3049a3bf756656b2,55dabd1836cb20b12255499ec145572d286743ed9216d69e3049a3bf756656b2,EOL-only difference
Runtime/Zounds/ZoundEngine/ZoundHandlers/ZoundHandler.cs,02a3bed877ba2046148a9e3fa0bacbfa05a71894c83d7da1a80c37bcd6885d37,e6e766d8153d5752de1a207c75c8e765be7dec14d4ef7a2340c876aaa13c446e,02a3bed877ba2046148a9e3fa0bacbfa05a71894c83d7da1a80c37bcd6885d37,02a3bed877ba2046148a9e3fa0bacbfa05a71894c83d7da1a80c37bcd6885d37,EOL-only difference
Runtime/Zounds/ZoundEngine/ZoundPool.cs,3b7bf418b0a5dc38050d33cc3573ef1f572da1009ded5ab33d8c4246cf073155,0a6df28a3e08f5e813808246630ecf534464689bb4796c3055ea41be2b6250cc,3b7bf418b0a5dc38050d33cc3573ef1f572da1009ded5ab33d8c4246cf073155,3b7bf418b0a5dc38050d33cc3573ef1f572da1009ded5ab33d8c4246cf073155,EOL-only difference
Runtime/Zounds/ZoundEngine/ZoundToken.cs,319c6ad372e42043a7bb9894f8066ee5f43a8950938c8abcdb078d34b8d608dd,c72f6f1970275104db4f838182361e0aff6d6319705676319015788a93e3d855,319c6ad372e42043a7bb9894f8066ee5f43a8950938c8abcdb078d34b8d608dd,319c6ad372e42043a7bb9894f8066ee5f43a8950938c8abcdb078d34b8d608dd,EOL-only difference
Runtime/Zounds/ZoundEngine/ZoundTrack.cs,a61b51f0f874fbe112208d8458587373eb341dbfd9c675edd508f7228945a5ef,a61b51f0f874fbe112208d8458587373eb341dbfd9c675edd508f7228945a5ef,a61b51f0f874fbe112208d8458587373eb341dbfd9c675edd508f7228945a5ef,a61b51f0f874fbe112208d8458587373eb341dbfd9c675edd508f7228945a5ef,raw match
Runtime/Zounds/ZoundEngine/Zpoc/ZoundDiagnostics.cs,457122f1bf7aa08f3e74f5e13f8ba0a0848af178f7289e36f97c67c14385fc28,36f11accb572e8c4c9a3c6c219b622c1833f7f79da10ea65852446beac9ba335,457122f1bf7aa08f3e74f5e13f8ba0a0848af178f7289e36f97c67c14385fc28,457122f1bf7aa08f3e74f5e13f8ba0a0848af178f7289e36f97c67c14385fc28,EOL-only difference
Runtime/Zounds/ZoundEngine/Zpoc/ZpocGlobals.cs,5dc7aea1f53f15eb17e7ee5f5353dbc0092aa2cc810f6994ccdfb83153ef638d,1646b2283a75d55a7fb013534d8e9e9a05553e27d6b869c8fb0f8355882fabc7,5dc7aea1f53f15eb17e7ee5f5353dbc0092aa2cc810f6994ccdfb83153ef638d,5dc7aea1f53f15eb17e7ee5f5353dbc0092aa2cc810f6994ccdfb83153ef638d,EOL-only difference
Runtime/Zounds/ZoundEngine/Zpoc/ZpocIndex.cs,d52702b8f04170ec07fdf332bdb99871d479e8ac5931c998c1d92abb561d3990,6ab503f984441a34b091c33c7d7b32a49b5d80d3fd5079eebbc080bc3a7f629d,d52702b8f04170ec07fdf332bdb99871d479e8ac5931c998c1d92abb561d3990,d52702b8f04170ec07fdf332bdb99871d479e8ac5931c998c1d92abb561d3990,EOL-only difference
Runtime/Zounds/ZoundEngine/Zpoc/ZpocKeys.cs,ba79ec9a998d8de3f43d2b31ce4b281090a0a078179f5a593684e360f40c6186,18e8401fca0bef7d8c445ae58cf210b5f27224756f2afcbbe99695b56ace80e2,ba79ec9a998d8de3f43d2b31ce4b281090a0a078179f5a593684e360f40c6186,ba79ec9a998d8de3f43d2b31ce4b281090a0a078179f5a593684e360f40c6186,EOL-only difference
Runtime/Zounds/ZoundsProject/ZoundChainLibrary.cs,be49ee8ddda22293a875ff4573403a8399fefa603bc6d32dd0b33dcaa874f752,53ac7822a7022f68ee64218e043a47a933cdf130efc7c12a429f7c33b1bfdea7,be49ee8ddda22293a875ff4573403a8399fefa603bc6d32dd0b33dcaa874f752,be49ee8ddda22293a875ff4573403a8399fefa603bc6d32dd0b33dcaa874f752,EOL-only difference
Runtime/Zounds/ZoundsProject/ZoundEffectChain.cs,52c0a1dac932c44d41bc9a58013cd5c2d42676248c6a4997039ae9ceae8a2644,ffc207b8a17db0b4622f5b3d0fd5d868837f37111eba11862a19be7f216879cc,52c0a1dac932c44d41bc9a58013cd5c2d42676248c6a4997039ae9ceae8a2644,52c0a1dac932c44d41bc9a58013cd5c2d42676248c6a4997039ae9ceae8a2644,EOL-only difference
Runtime/Zounds/ZoundsProject/ZoundLibrary.cs,2a121547c895a4ec321aa58dc955a655a21d442e46b23c5e0c1d3fddec076b1a,cbdfa218a29dc3084d3fb1cf0ce826cf4bfba4db909fcece24497e303531f7cf,2a121547c895a4ec321aa58dc955a655a21d442e46b23c5e0c1d3fddec076b1a,2a121547c895a4ec321aa58dc955a655a21d442e46b23c5e0c1d3fddec076b1a,EOL-only difference
Runtime/Zounds/ZoundsProject/ZoundLoop.cs,c658dd3d0b839c71a47f93f8b3a4c88568dccdbce6c3482ab5f3c470aa2f9c88,c658dd3d0b839c71a47f93f8b3a4c88568dccdbce6c3482ab5f3c470aa2f9c88,c658dd3d0b839c71a47f93f8b3a4c88568dccdbce6c3482ab5f3c470aa2f9c88,c658dd3d0b839c71a47f93f8b3a4c88568dccdbce6c3482ab5f3c470aa2f9c88,raw match
Runtime/Zounds/ZoundsProject/ZoundRoutings.cs,e06c4f3f2618c089baa5d16b35b434d8e733453e4065fe8bd29be93792a25319,e06c4f3f2618c089baa5d16b35b434d8e733453e4065fe8bd29be93792a25319,e06c4f3f2618c089baa5d16b35b434d8e733453e4065fe8bd29be93792a25319,e06c4f3f2618c089baa5d16b35b434d8e733453e4065fe8bd29be93792a25319,raw match
Runtime/Zounds/ZoundsProject/ZoundSnapshot.cs,a0c32786b50cfb35d0c2e63b04de62885a347f7d5015b86cfbcba66437998dbd,b3e4988720af1b6a56a695f9c97b48e6f2810eccf3b68fdb10a6d32adfb6f320,a0c32786b50cfb35d0c2e63b04de62885a347f7d5015b86cfbcba66437998dbd,a0c32786b50cfb35d0c2e63b04de62885a347f7d5015b86cfbcba66437998dbd,EOL-only difference
Runtime/Zounds/ZoundsProject/ZoundTimeStretch.cs,07d05106337989f6a5289667607a80afac093a12712d61e81299d797502de3e3,543ede68339677caf836dfc5049a239219199cdf9ead60ffe292c98e41bfc7ea,07d05106337989f6a5289667607a80afac093a12712d61e81299d797502de3e3,07d05106337989f6a5289667607a80afac093a12712d61e81299d797502de3e3,EOL-only difference
Runtime/Zounds/ZoundsProject/ZoundsProject.cs,e9aa94e9a791ec0a74d676c555d9b0f096f9605b8636ffdcb247ec8579c3f1b2,ae437a9b3956b717168b07c4c367ba4eb6c55d4ec68429eecfc233dd245a0fac,e9aa94e9a791ec0a74d676c555d9b0f096f9605b8636ffdcb247ec8579c3f1b2,e9aa94e9a791ec0a74d676c555d9b0f096f9605b8636ffdcb247ec8579c3f1b2,EOL-only difference
Runtime/Zounds/ZoundsProject/ZoundsTempData.cs,9fd43485b9a0060903407f20057c5c661bc71ef4ef28cb5dbaf5138d0b58f0b3,9fd43485b9a0060903407f20057c5c661bc71ef4ef28cb5dbaf5138d0b58f0b3,9fd43485b9a0060903407f20057c5c661bc71ef4ef28cb5dbaf5138d0b58f0b3,9fd43485b9a0060903407f20057c5c661bc71ef4ef28cb5dbaf5138d0b58f0b3,raw match
Runtime/Zounds/ZoundsProject/ZoundsTheme.cs,b217ce91f80bd29605fa8e66fd0d7bf2e07954f9b5184b9fca8050f9272f9d9e,b217ce91f80bd29605fa8e66fd0d7bf2e07954f9b5184b9fca8050f9272f9d9e,b217ce91f80bd29605fa8e66fd0d7bf2e07954f9b5184b9fca8050f9272f9d9e,b217ce91f80bd29605fa8e66fd0d7bf2e07954f9b5184b9fca8050f9272f9d9e,raw match
Runtime/Zounds/com.Lautaro-Arino.Laubrary.Zounds.asmdef,9839eb8c88332dfd4677e99cf90185af9a0dc76267bc731a9e2623b93f65fd5b,a79108111c24b744d0869560d815a535b2b3dfd8812bc450a9396569159b800e,9839eb8c88332dfd4677e99cf90185af9a0dc76267bc731a9e2623b93f65fd5b,9839eb8c88332dfd4677e99cf90185af9a0dc76267bc731a9e2623b93f65fd5b,EOL-only difference
Samples~/Demos/ArenaDemo/ArenaEnemy.cs,c48b045ee0e63fe3f824241ef9a24498be7a2e1f1286d32e4e073edb74d0732c,c90ad42024c3cf822d3ad0623d8590315001217d6f05f9b4aa5ce282b8253550,c48b045ee0e63fe3f824241ef9a24498be7a2e1f1286d32e4e073edb74d0732c,c48b045ee0e63fe3f824241ef9a24498be7a2e1f1286d32e4e073edb74d0732c,EOL-only difference
Samples~/Demos/ArenaDemo/ArenaSpawner.cs,9d089cc5993b4c0879482e8a21210a780a0e8ff974d299c6f8c297b99d8ac7ce,bc4110e3e071885d952dea0c83ce0e3274bd15a54eae9e9e0721857f4d68f7c2,9d089cc5993b4c0879482e8a21210a780a0e8ff974d299c6f8c297b99d8ac7ce,9d089cc5993b4c0879482e8a21210a780a0e8ff974d299c6f8c297b99d8ac7ce,EOL-only difference
Samples~/Demos/ChoreographerDemo/ChoreoDemoControlUI.cs,1969c049a50165ede9e6f23d8646470bc4171d05dad9590f85d4275f694144c9,1969c049a50165ede9e6f23d8646470bc4171d05dad9590f85d4275f694144c9,1969c049a50165ede9e6f23d8646470bc4171d05dad9590f85d4275f694144c9,1969c049a50165ede9e6f23d8646470bc4171d05dad9590f85d4275f694144c9,raw match
Samples~/Demos/ChoreographerDemo/ChoreoDemoWander.cs,35c5430fd7a1b025e6fc68cc46c7eedd257c4c1c5d8e0cf18e2328abacd42a41,35c5430fd7a1b025e6fc68cc46c7eedd257c4c1c5d8e0cf18e2328abacd42a41,35c5430fd7a1b025e6fc68cc46c7eedd257c4c1c5d8e0cf18e2328abacd42a41,35c5430fd7a1b025e6fc68cc46c7eedd257c4c1c5d8e0cf18e2328abacd42a41,raw match
Samples~/Demos/ChoreographerDemo/DemoActor.cs,8321b2bb27be21e0c802b5ab4816d4bfa7badeec4e7e75208b7c5e794123635d,8321b2bb27be21e0c802b5ab4816d4bfa7badeec4e7e75208b7c5e794123635d,8321b2bb27be21e0c802b5ab4816d4bfa7badeec4e7e75208b7c5e794123635d,8321b2bb27be21e0c802b5ab4816d4bfa7badeec4e7e75208b7c5e794123635d,raw match
Samples~/Demos/ChoreographerDemo/DemoBackground.cs,c42450754bf94554f630590885e1357f36ccf972c1888312ddb0742bed98fa74,c42450754bf94554f630590885e1357f36ccf972c1888312ddb0742bed98fa74,c42450754bf94554f630590885e1357f36ccf972c1888312ddb0742bed98fa74,c42450754bf94554f630590885e1357f36ccf972c1888312ddb0742bed98fa74,raw match
Samples~/Demos/ChoreographerDemo/DemoExplosion.cs,78dbe8e027cda3185d5e0a8d7e11d797efbcd1e7a41042f293bab44e3db01653,78dbe8e027cda3185d5e0a8d7e11d797efbcd1e7a41042f293bab44e3db01653,78dbe8e027cda3185d5e0a8d7e11d797efbcd1e7a41042f293bab44e3db01653,78dbe8e027cda3185d5e0a8d7e11d797efbcd1e7a41042f293bab44e3db01653,raw match
Samples~/Demos/ChoreographerDemo/DemoMover.cs,ca1397d6bf4dff42c681221a0ff2559e480103dcaf575cfafcaa4bcec64cf453,ca1397d6bf4dff42c681221a0ff2559e480103dcaf575cfafcaa4bcec64cf453,ca1397d6bf4dff42c681221a0ff2559e480103dcaf575cfafcaa4bcec64cf453,ca1397d6bf4dff42c681221a0ff2559e480103dcaf575cfafcaa4bcec64cf453,raw match
Samples~/Demos/ChoreographerDemo/DemoPlayerWeapon.cs,9b3ef7cc5e6f6007365401facd6d56b95fd82255bf81beff13fc14d6bad19f93,9b3ef7cc5e6f6007365401facd6d56b95fd82255bf81beff13fc14d6bad19f93,9b3ef7cc5e6f6007365401facd6d56b95fd82255bf81beff13fc14d6bad19f93,9b3ef7cc5e6f6007365401facd6d56b95fd82255bf81beff13fc14d6bad19f93,raw match
Samples~/Demos/ChoreographerDemo/DemoSprites.cs,f7ad06e6f19507279a9a3ff02f32754a172cba35e398a0140adcc8498810fefc,f7ad06e6f19507279a9a3ff02f32754a172cba35e398a0140adcc8498810fefc,f7ad06e6f19507279a9a3ff02f32754a172cba35e398a0140adcc8498810fefc,f7ad06e6f19507279a9a3ff02f32754a172cba35e398a0140adcc8498810fefc,raw match
Samples~/Demos/ChoreographerDemo/DemoWave.cs,890ff5709bc1d575170ca5abb502bd8b1b3ba3a4f07bd6a55c62cd1f826d5641,890ff5709bc1d575170ca5abb502bd8b1b3ba3a4f07bd6a55c62cd1f826d5641,890ff5709bc1d575170ca5abb502bd8b1b3ba3a4f07bd6a55c62cd1f826d5641,890ff5709bc1d575170ca5abb502bd8b1b3ba3a4f07bd6a55c62cd1f826d5641,raw match
Samples~/Demos/ChunksDemo/ChunksDemoSpawner.cs,012de5b61b32381219e54dcb131e38e91c397d77afd5c7d7d93878e6fcfca2fc,012de5b61b32381219e54dcb131e38e91c397d77afd5c7d7d93878e6fcfca2fc,012de5b61b32381219e54dcb131e38e91c397d77afd5c7d7d93878e6fcfca2fc,012de5b61b32381219e54dcb131e38e91c397d77afd5c7d7d93878e6fcfca2fc,raw match
Samples~/Demos/ColosseumDemo/ShmupDirector.cs,91f85312e9cc8e643692b44a7b1ab3b7e3e496a745b3315f19be8b96337ab2bf,dc3fbd81f7c78c06d00d1c56860a6ea27d387dee8ac6d5ced998299f6d6fe351,91f85312e9cc8e643692b44a7b1ab3b7e3e496a745b3315f19be8b96337ab2bf,91f85312e9cc8e643692b44a7b1ab3b7e3e496a745b3315f19be8b96337ab2bf,EOL-only difference
Samples~/Demos/ColosseumDemo/ShmupEnemy.cs,aa12cf225f54a49c6247a6cda749099256b63915fa3f68025972e4587e332b23,809254f24c5a7d5606fa3f31f4a965445ce1a4c17544b08f1ebdc9d5bee40502,aa12cf225f54a49c6247a6cda749099256b63915fa3f68025972e4587e332b23,aa12cf225f54a49c6247a6cda749099256b63915fa3f68025972e4587e332b23,EOL-only difference
Samples~/Demos/ColosseumDemo/ShmupPlayer.cs,a8e78fcf268d7454601f6c99e6493b2b855d707cf1abccc8148705f42548e99e,a8e78fcf268d7454601f6c99e6493b2b855d707cf1abccc8148705f42548e99e,a8e78fcf268d7454601f6c99e6493b2b855d707cf1abccc8148705f42548e99e,a8e78fcf268d7454601f6c99e6493b2b855d707cf1abccc8148705f42548e99e,raw match
Samples~/Demos/Cookbook2DDemo/BoundPositionTest.cs,a03e4b1400b774ca322a5a3bb4860409585e81ff58d11f723aef2311aa444d5d,ac8be39fdfba4226dcbd639369a33f177713629171e2d122522dd039c7f70d08,a03e4b1400b774ca322a5a3bb4860409585e81ff58d11f723aef2311aa444d5d,a03e4b1400b774ca322a5a3bb4860409585e81ff58d11f723aef2311aa444d5d,EOL-only difference
Samples~/Demos/Cookbook2DDemo/Cookbook2DTester.cs,8e3df66589d30c0fb054390e37b855bdfb04eec9e6fd2cdbaff98b530e4cbfa1,d07f2ed63e617a5f55ab4ce53cf08b0c298f68ddd8794411fbb91128f456a361,8e3df66589d30c0fb054390e37b855bdfb04eec9e6fd2cdbaff98b530e4cbfa1,8e3df66589d30c0fb054390e37b855bdfb04eec9e6fd2cdbaff98b530e4cbfa1,EOL-only difference
Samples~/Demos/Cookbook2DDemo/PlaceNextToTester.cs,cdd0acbed46d0c88aa4a555b1364903579b3dc9c2c4b7f5f33982b031094f644,cde1ce3be883980b695e9e0e46f39464a668d736d5f81d5ffcecd134d5616dae,cdd0acbed46d0c88aa4a555b1364903579b3dc9c2c4b7f5f33982b031094f644,cdd0acbed46d0c88aa4a555b1364903579b3dc9c2c4b7f5f33982b031094f644,EOL-only difference
Samples~/Demos/Cookbook2DDemo/PolygonRandomPointTester.cs,0cccec11036793253ada4ed38d49006654c78452d77ab51faf383c268f19cf4e,262ae912b9f59a8df6d8f57b868b00aac4c326cea434900ceefcf573a631f87a,0cccec11036793253ada4ed38d49006654c78452d77ab51faf383c268f19cf4e,0cccec11036793253ada4ed38d49006654c78452d77ab51faf383c268f19cf4e,EOL-only difference
Samples~/Demos/Cookbook2DDemo/RendererPositionTester.cs,731a371b8a54dcbdb1f2766fd461f85c2178a42efbab2d4ca1e52631198f054a,cb7a8c0423192f57c276afbe394a2ff6cc89d46e4b49ac8b703e93ab0bfde5bb,731a371b8a54dcbdb1f2766fd461f85c2178a42efbab2d4ca1e52631198f054a,731a371b8a54dcbdb1f2766fd461f85c2178a42efbab2d4ca1e52631198f054a,EOL-only difference
Samples~/Demos/Cookbook2DDemo/SmoothRandomMovement.cs,8ea4cea51d1bfce5fccb7e25660a1b7fd3ea7817de58dbba4ce1c8f1740cb970,126c5fa702e4e751a86de6979bac1fe1df8b7a78860d40e0bdde3669a212b567,8ea4cea51d1bfce5fccb7e25660a1b7fd3ea7817de58dbba4ce1c8f1740cb970,8ea4cea51d1bfce5fccb7e25660a1b7fd3ea7817de58dbba4ce1c8f1740cb970,EOL-only difference
Samples~/Demos/DaemonDemo/ColosseumAgentBody.cs,8ec8f297f992076215f8d0ef626e4eeb8205a2380062aedbfa21727105fce0b2,c0fac06691ab8ba79d4a6979fcc1e8cc24195f08a47a3f14e028b5de077556fc,8ec8f297f992076215f8d0ef626e4eeb8205a2380062aedbfa21727105fce0b2,8ec8f297f992076215f8d0ef626e4eeb8205a2380062aedbfa21727105fce0b2,EOL-only difference
Samples~/Demos/DaemonDemo/DaemonDemoDriver.cs,bd3921b6657e1a6e7230c9470c7311e829ffb58b3e6457391513e3ea80a013e0,e284e11289acde1a4273aec68fd23217754b98cca888b512922b37a17d39c44c,bd3921b6657e1a6e7230c9470c7311e829ffb58b3e6457391513e3ea80a013e0,bd3921b6657e1a6e7230c9470c7311e829ffb58b3e6457391513e3ea80a013e0,EOL-only difference
Samples~/Demos/DaemonDemo/DaemonEnemyDemo.cs,71babaa0c8207e9ec6b7b5dc418de10dca250edf515bd19c971813a2174e87ed,276edfe1fbecf8da88ed1770bfc860af95d6590b9233b0baa0c7bd3584804961,71babaa0c8207e9ec6b7b5dc418de10dca250edf515bd19c971813a2174e87ed,71babaa0c8207e9ec6b7b5dc418de10dca250edf515bd19c971813a2174e87ed,EOL-only difference
Samples~/Demos/DashboardDemo/AttributeTester.cs,be64988b489feec4a76f4007cd6dd8442ab1e83bf0cc3554a16c1955857d7248,2cc93c61f278e14f02db37a297454f7b7a32b108323794ea5372b7d56127a6a6,be64988b489feec4a76f4007cd6dd8442ab1e83bf0cc3554a16c1955857d7248,be64988b489feec4a76f4007cd6dd8442ab1e83bf0cc3554a16c1955857d7248,EOL-only difference
Samples~/Demos/DashboardDemo/DashboardTester.cs,fe68e97ea48f9136235e895ee25c85c37edea64ba0b6a202fddce340ab5f39fc,24ed0fc422aff8df5a6be3d3c38ca51fc5cb3636f34a36458b50f784634ada81,fe68e97ea48f9136235e895ee25c85c37edea64ba0b6a202fddce340ab5f39fc,fe68e97ea48f9136235e895ee25c85c37edea64ba0b6a202fddce340ab5f39fc,EOL-only difference
Samples~/Demos/GalleryDemo/GalleryDirector.cs,668890239b9553df25232a24cd3bac14bc48b1cacf5fdfe1ccfa64529193389d,63c5b595a90c749eb3cada7a34f63af3810ccc6a8838f6ce4420ca08ce7671f0,668890239b9553df25232a24cd3bac14bc48b1cacf5fdfe1ccfa64529193389d,668890239b9553df25232a24cd3bac14bc48b1cacf5fdfe1ccfa64529193389d,EOL-only difference
Samples~/Demos/LarderDemo/LarderDemoClickShooter.cs,07a0bc2b56662caadec08d0b79b27dcab74f8e32083f09cc01d7fed135061e3b,3fd201fa071aa9afd70c6bb5a972cceb4e761fb6649695e43ac404ccfd94fed4,07a0bc2b56662caadec08d0b79b27dcab74f8e32083f09cc01d7fed135061e3b,07a0bc2b56662caadec08d0b79b27dcab74f8e32083f09cc01d7fed135061e3b,EOL-only difference
Samples~/Demos/LarderDemo/LarderDemoShelf.cs,7a6ed659d9d776a495947d9fe79b51ebef15b4ce9ba6f19ddbff5a6c21cb56e7,95b45ee61d40da8ae7557348fc131ff3631e7fca4e9ba35fd29738ca2f9bb757,7a6ed659d9d776a495947d9fe79b51ebef15b4ce9ba6f19ddbff5a6c21cb56e7,7a6ed659d9d776a495947d9fe79b51ebef15b4ce9ba6f19ddbff5a6c21cb56e7,EOL-only difference
Samples~/Demos/Laubrary.Demos.asmdef,c9646017edc1dde516e9288d59722c2e40e112d3276757a410a0f7a948f268ff,a1cd79eb8bce65a863f4f2a42e10cb315e73acc284aff3e276189efdfdf15a4e,c9646017edc1dde516e9288d59722c2e40e112d3276757a410a0f7a948f268ff,c9646017edc1dde516e9288d59722c2e40e112d3276757a410a0f7a948f268ff,EOL-only difference
Samples~/Demos/MonolithDemo/MonolithDemo/GameOnState.cs,75f9629109897caeff27fdad50f6b5e9ac1d9bb48e7a9f65bc71a2558337fe48,4e308b01311a9e023705ba90508f3eb079fa90669722951816cdaa7a09384450,75f9629109897caeff27fdad50f6b5e9ac1d9bb48e7a9f65bc71a2558337fe48,75f9629109897caeff27fdad50f6b5e9ac1d9bb48e7a9f65bc71a2558337fe48,EOL-only difference
Samples~/Demos/MonolithDemo/MonolithDemo/GamePausedState.cs,2369b2a3b826c64d8efda5db0adc6bfa380216983985dd630360612d7ffb1bcc,3f7904d4a233eef7637232c92d899df3ba93219def41b48058dfa6ee157a542d,2369b2a3b826c64d8efda5db0adc6bfa380216983985dd630360612d7ffb1bcc,2369b2a3b826c64d8efda5db0adc6bfa380216983985dd630360612d7ffb1bcc,EOL-only difference
Samples~/Demos/MonolithDemo/MonolithDemo/StartState.cs,b48efd798144a0885bc8fde7be0fce77d271828e15ac48b2ac525ef392fa6136,b0cccc998147dbcc353a4c050141f6c308257d5d7c5ac039f91e36ae6a0824d4,b48efd798144a0885bc8fde7be0fce77d271828e15ac48b2ac525ef392fa6136,b48efd798144a0885bc8fde7be0fce77d271828e15ac48b2ac525ef392fa6136,EOL-only difference
Samples~/Demos/MonolithDemo/MonolithSubStateDemo/Demo2States.cs,1d4661385cd73d709f86f03db59ba71ba120f32caa1f46a64d44dca5abf35f62,510a9c945d43c36fdd71d44b653d24012e96be22f1c759f8d608d81b31d94254,1d4661385cd73d709f86f03db59ba71ba120f32caa1f46a64d44dca5abf35f62,1d4661385cd73d709f86f03db59ba71ba120f32caa1f46a64d44dca5abf35f62,EOL-only difference
Samples~/Demos/MonolithDemo/MonolithSubStateDemo/Demo2_AltGameOnState.cs,c60ccdb3c08cd0fc2a8520f5fb33f41cb19a188ddca9448ea06f6bb056d43210,82c7abdbd245cbf1fdb2185a6dd668163f77110edff3eda88267ccefe34d336e,c60ccdb3c08cd0fc2a8520f5fb33f41cb19a188ddca9448ea06f6bb056d43210,c60ccdb3c08cd0fc2a8520f5fb33f41cb19a188ddca9448ea06f6bb056d43210,EOL-only difference
Samples~/Demos/MonolithDemo/MonolithSubStateDemo/Demo2_AltGameOnState_SubState1.cs,866d71bd444a22b2b289b002150a7cc96768bbb1ee22600998626d6635b2e160,70d480ce57cbe0519875238161e584fd895b94653cd37197f9995031a85cea00,866d71bd444a22b2b289b002150a7cc96768bbb1ee22600998626d6635b2e160,866d71bd444a22b2b289b002150a7cc96768bbb1ee22600998626d6635b2e160,EOL-only difference
Samples~/Demos/MonolithDemo/MonolithSubStateDemo/Demo2_AltGameOnState_SubState2.cs,b9aae3b2df82ea67b81acad1393be5c5860aef319a6b52b47f7acade1dc47b2d,b9af43a3ff3968763a3e4fb3921e859cacb2656b617add91e32e2a14fda67baf,b9aae3b2df82ea67b81acad1393be5c5860aef319a6b52b47f7acade1dc47b2d,b9aae3b2df82ea67b81acad1393be5c5860aef319a6b52b47f7acade1dc47b2d,EOL-only difference
Samples~/Demos/MonolithDemo/MonolithSubStateDemo/Demo2_GameOnState.cs,65ccf20348dfa3a8ab8be79d47e6f6c9d48e1d399b737c70c86138fab75745c1,fce5e2f7e358dcabc42e6841ca1ff77383b2fac3febf0431b1d3407e04441bb8,65ccf20348dfa3a8ab8be79d47e6f6c9d48e1d399b737c70c86138fab75745c1,65ccf20348dfa3a8ab8be79d47e6f6c9d48e1d399b737c70c86138fab75745c1,EOL-only difference
Samples~/Demos/MonolithDemo/MonolithSubStateDemo/Demo2_GameOnState_SubState1.cs,86954448001ca3a06019093e74825df3b6fd237ae8ca2fe4205e76f7603a8977,d214d27a9f8df4030524da2a7a48ec2b35efb1fb1b2f96fbeb631f48eab34c42,86954448001ca3a06019093e74825df3b6fd237ae8ca2fe4205e76f7603a8977,86954448001ca3a06019093e74825df3b6fd237ae8ca2fe4205e76f7603a8977,EOL-only difference
Samples~/Demos/MonolithDemo/MonolithSubStateDemo/Demo2_GameOnState_SubState2.cs,c5fdd7662484247f7262eb7ec55ede05827c8854fc22122e20587edb2f3f39aa,49b7b878ccf055ad91357e73f2d813a849dc24671f7f16eb04bd48a0e15c3f82,c5fdd7662484247f7262eb7ec55ede05827c8854fc22122e20587edb2f3f39aa,c5fdd7662484247f7262eb7ec55ede05827c8854fc22122e20587edb2f3f39aa,EOL-only difference
Samples~/Demos/MonolithDemo/MonolithSubStateDemo/Demo2_MainState.cs,936faa87eaefc98d66beefb3506ba654cd7441619e690c428d6e8d51146db574,9e68586ab1b04845b16e347c14c0ac2258a0c3ec3f785d729120b5553ce3b137,936faa87eaefc98d66beefb3506ba654cd7441619e690c428d6e8d51146db574,936faa87eaefc98d66beefb3506ba654cd7441619e690c428d6e8d51146db574,EOL-only difference
Samples~/Demos/MonolithDemo/MonolithSubStateTest.cs,1d455cdfcc952322afa48265ff11ea5bebf5bfe9066c70e128ffc709c6b8f79a,89e7cf6d3dca3a5f190807e370432a25b7d6a5aa4cd75f956778885b0b090b1b,1d455cdfcc952322afa48265ff11ea5bebf5bfe9066c70e128ffc709c6b8f79a,1d455cdfcc952322afa48265ff11ea5bebf5bfe9066c70e128ffc709c6b8f79a,EOL-only difference
Samples~/Demos/MonolithDemo/MonolithTest.cs,d8c075c9a463aad98a49d4c8c30b45e6d32cda2bf37d7a8e6ebef2a8678910af,13c893bb8337d90ee6c5d8e2128f23031840ce17b3ac7a85feeda60f2cffa8f0,d8c075c9a463aad98a49d4c8c30b45e6d32cda2bf37d7a8e6ebef2a8678910af,d8c075c9a463aad98a49d4c8c30b45e6d32cda2bf37d7a8e6ebef2a8678910af,EOL-only difference
Samples~/Demos/NotifyerDemo/NotifyerTester.cs,c6a13aac53fd75d0e78ed72dd0d78c229690e369f9cb8458020f6f1f356f0e5d,2d4d67ec2b9de11448940f488923600cb52eed536e1c8d78fec780d8b7c63a38,c6a13aac53fd75d0e78ed72dd0d78c229690e369f9cb8458020f6f1f356f0e5d,c6a13aac53fd75d0e78ed72dd0d78c229690e369f9cb8458020f6f1f356f0e5d,EOL-only difference
Samples~/Demos/OverlapperDemo/OverlapperTester.cs,40a057f7ceea7a29a79aae3d1bcb4a60b6b04bb07393f5b5bc8d42090925455c,e999f2e4e097c371fae020d7b8cfc10a9f02cef94cfc9cd954503d21cc8dddf5,40a057f7ceea7a29a79aae3d1bcb4a60b6b04bb07393f5b5bc8d42090925455c,40a057f7ceea7a29a79aae3d1bcb4a60b6b04bb07393f5b5bc8d42090925455c,EOL-only difference
Samples~/Demos/OvertureDemo/ClickableCube.cs,442604065adab6595c63ee860801a5da470422652d6df274fc6aa18c1f979dea,c3e4322a7a89993532fb0f9ecc75da0d8d0624e51d699028166ff04e9f4e59ad,442604065adab6595c63ee860801a5da470422652d6df274fc6aa18c1f979dea,442604065adab6595c63ee860801a5da470422652d6df274fc6aa18c1f979dea,EOL-only difference
Samples~/Demos/OvertureDemo/DemoInGameMenu.cs,a832fe775a41470456d8e05e215e893f3ed80cf2dafc58a39a00b72e97d8b134,d12841c9135a8ad1b60425b70f620f6d985951791838436168760e1d3e4ccf19,a832fe775a41470456d8e05e215e893f3ed80cf2dafc58a39a00b72e97d8b134,a832fe775a41470456d8e05e215e893f3ed80cf2dafc58a39a00b72e97d8b134,EOL-only difference
Samples~/Demos/OvertureDemo/DemoMainMenu.cs,b155274b975e34fcdf0da1b853d958855395921b6e71c387a1f86677d0e5a5e5,bab0a6d722f58d930e8b16d3136f3eed454df85121c78f2da94a7a5bdebb8708,b155274b975e34fcdf0da1b853d958855395921b6e71c387a1f86677d0e5a5e5,b155274b975e34fcdf0da1b853d958855395921b6e71c387a1f86677d0e5a5e5,EOL-only difference
Samples~/Demos/OvertureDemo/DemoSettingsMenu.cs,f3f50b6187180a94f45cad22f76914624c01251743aace419ab052407685d840,9cf4d66d945cdee0b7d383a891dfaaf0d25d75d7e001414f47d371f67f5b5d3f,f3f50b6187180a94f45cad22f76914624c01251743aace419ab052407685d840,f3f50b6187180a94f45cad22f76914624c01251743aace419ab052407685d840,EOL-only difference
Samples~/Demos/OvertureDemo/GameStateController.cs,7b37360652fe9cd7d3e490c8aab36b5591a5674f5cefdf90a6fabbae57ea6e30,94ccaf4260d24472d564bbed2bd2bfe9ba564fa91e981d6aa39c30af2d0398d7,7b37360652fe9cd7d3e490c8aab36b5591a5674f5cefdf90a6fabbae57ea6e30,7b37360652fe9cd7d3e490c8aab36b5591a5674f5cefdf90a6fabbae57ea6e30,EOL-only difference
Samples~/Demos/OvertureDemo/InGameMenuState.cs,43065fa121f157c6b1f37187210d676477fa0d6ea78716f0c0573c80f7ae6503,301e67fb54e32e445653d346dfa9fa33a929b7915e96e19ca101533d9fc154f5,43065fa121f157c6b1f37187210d676477fa0d6ea78716f0c0573c80f7ae6503,43065fa121f157c6b1f37187210d676477fa0d6ea78716f0c0573c80f7ae6503,EOL-only difference
Samples~/Demos/OvertureDemo/OvertureDemo.cs,37a0e6ad66ed6c66ab02c3c635661a4c6f0edc13590a5a7d5b3f695e6082733b,1c3140ff06403efc59bea1160b5391eb5a991115e098486df545f422cc69bf09,37a0e6ad66ed6c66ab02c3c635661a4c6f0edc13590a5a7d5b3f695e6082733b,37a0e6ad66ed6c66ab02c3c635661a4c6f0edc13590a5a7d5b3f695e6082733b,EOL-only difference
Samples~/Demos/OvertureDemo/OvertureLoadingDisplay.cs,769cce6896a6c75e13a63a13d406ab4aced486e9339316b5532897b60864bf74,605adde59c752c8ac5d02aa80f1bfc1a3ba26e7f0ab3c3a4200a32bb84a70d15,769cce6896a6c75e13a63a13d406ab4aced486e9339316b5532897b60864bf74,769cce6896a6c75e13a63a13d406ab4aced486e9339316b5532897b60864bf74,EOL-only difference
Samples~/Demos/OvertureDemo/OvertureTimedState.cs,aa47d0eb4f12c542f9a9aefbf9eed3c3c326e7c873a31e5c19fe12356448997b,f720b42b48dc73a647282ac5cf51bddb6e97919bf53e40ec66ac903b514ef57f,aa47d0eb4f12c542f9a9aefbf9eed3c3c326e7c873a31e5c19fe12356448997b,aa47d0eb4f12c542f9a9aefbf9eed3c3c326e7c873a31e5c19fe12356448997b,EOL-only difference
Samples~/Demos/PersistentSingletonDemo/PersistentSingletonTester.cs,5f6c1f43aeb847a58d56e133efdd0c2be0ea0e225ada490d9295024b4cb0fe77,3c5448f31c0f0c318748ba7fe307fc6a7d21e31ecbcdd19ec572a49696ccaf69,5f6c1f43aeb847a58d56e133efdd0c2be0ea0e225ada490d9295024b4cb0fe77,5f6c1f43aeb847a58d56e133efdd0c2be0ea0e225ada490d9295024b4cb0fe77,EOL-only difference
Samples~/Demos/ProtoGuyDemo/DemoWeaponSwitch.cs,240155d0bc26ca34539eb1cc997d757bccc6c878f24d8c009e443e74b700fe77,240155d0bc26ca34539eb1cc997d757bccc6c878f24d8c009e443e74b700fe77,240155d0bc26ca34539eb1cc997d757bccc6c878f24d8c009e443e74b700fe77,240155d0bc26ca34539eb1cc997d757bccc6c878f24d8c009e443e74b700fe77,raw match
Samples~/Demos/ProtoGuyDemo/FlyingDiscSpawner.cs,71bc0e26bf15e8eb8d8a11190fb2bd0dc6b23c4546d31b65d2a21df9eef69fea,71bc0e26bf15e8eb8d8a11190fb2bd0dc6b23c4546d31b65d2a21df9eef69fea,71bc0e26bf15e8eb8d8a11190fb2bd0dc6b23c4546d31b65d2a21df9eef69fea,71bc0e26bf15e8eb8d8a11190fb2bd0dc6b23c4546d31b65d2a21df9eef69fea,raw match
Samples~/Demos/ProtoGuyDemo/ProtoGuySpawner.cs,321bc73ff8827800679f9864cb6efef9738768fd54a87cd45e2685989255fd15,442ddc5f6849b1e1d2fb6486954950da3f79efe09638180e7772bb7c85eadcdb,321bc73ff8827800679f9864cb6efef9738768fd54a87cd45e2685989255fd15,321bc73ff8827800679f9864cb6efef9738768fd54a87cd45e2685989255fd15,EOL-only difference
Samples~/Demos/QuellectionDemo/PocketTester.cs,16874055d9cec5842223e08069b09c0ef70486962d3878e9087cf3b1c5d66eb4,4ab5771243c2fdc1bb60bea5c5ef8a16c33bb3dad194d93386fb955300a1157b,16874055d9cec5842223e08069b09c0ef70486962d3878e9087cf3b1c5d66eb4,16874055d9cec5842223e08069b09c0ef70486962d3878e9087cf3b1c5d66eb4,EOL-only difference
Samples~/Demos/QuellectionDemo/QuellectionTest.cs,36a1c82566f69d0d6ead468b59f202e0bcb7731794d05c1c03370404ada505ba,6ece0eed8611d412fd6681daa9d07e1d6f611b60e5cf9a89da8740d6ba242860,36a1c82566f69d0d6ead468b59f202e0bcb7731794d05c1c03370404ada505ba,36a1c82566f69d0d6ead468b59f202e0bcb7731794d05c1c03370404ada505ba,EOL-only difference
Samples~/Demos/RandomizersDemo/RandomizersTester.cs,e23b60a97101065b75b2f2d615468c988c88bbe42ee43793068367508ec06133,3c4d7d91153eb8365e7694a132b8b6ee698555c90be64cf2e82a075f5d16daf6,e23b60a97101065b75b2f2d615468c988c88bbe42ee43793068367508ec06133,e23b60a97101065b75b2f2d615468c988c88bbe42ee43793068367508ec06133,EOL-only difference
Samples~/Demos/SaveGameDemo/SaveGameDemo.cs,4b68a95df855eedb24245be338d747f6e1deec0da6fb58909693393827f862a0,be044cc02817446c0a55026120673edb0c0892903f82ccaae954ba657d5693f6,4b68a95df855eedb24245be338d747f6e1deec0da6fb58909693393827f862a0,4b68a95df855eedb24245be338d747f6e1deec0da6fb58909693393827f862a0,EOL-only difference
Samples~/Demos/SaveGameDemo/SaveListItem.cs,90017bbbde9d08c347255b56f19746b922c022d2f286ee3d2ddfb640edde6e72,5e2c493bb3d4dbc4a3673ef19ad62a0e6774ec16079a913c7399df1c3c9e38e0,90017bbbde9d08c347255b56f19746b922c022d2f286ee3d2ddfb640edde6e72,90017bbbde9d08c347255b56f19746b922c022d2f286ee3d2ddfb640edde6e72,EOL-only difference
Samples~/Demos/SaveGameDemo/SnapshotListItem.cs,db52aed3b1857102a3276dee21fad77dee08b175a430bacec3a47399279f21ac,dd58b16cd1ee0cb0fa1cfd4dadf1fcdcbd6ca4958b47d2ec738835c820bdaee8,db52aed3b1857102a3276dee21fad77dee08b175a430bacec3a47399279f21ac,db52aed3b1857102a3276dee21fad77dee08b175a430bacec3a47399279f21ac,EOL-only difference
Samples~/Demos/SceneDirectorDemo/MySceneDirector_Test.cs,019d43911f0fb20d49765599cd193c913a1297cc3c941c5e38435f537f649c6f,cfdd872741733aae6bdf2cd593f55b52e8628aee1b89375544a8d518ac9dff84,019d43911f0fb20d49765599cd193c913a1297cc3c941c5e38435f537f649c6f,019d43911f0fb20d49765599cd193c913a1297cc3c941c5e38435f537f649c6f,EOL-only difference
Samples~/Demos/SceneDirectorDemo/SD_AnotherTestScript.cs,0a139df22fa46892220a5c9f960776b601cf4145f1e1483e049750613c4a5e45,5232332e256bee27784994745455de974e309b9c73f8f4b6efeb80afaca922d1,0a139df22fa46892220a5c9f960776b601cf4145f1e1483e049750613c4a5e45,0a139df22fa46892220a5c9f960776b601cf4145f1e1483e049750613c4a5e45,EOL-only difference
Samples~/Demos/SceneDirectorDemo/SD_TestScriptOne.cs,1147eb02b3df53f53f7acb5422fa408d9861c341a30f658be1d33639ea2b7491,bad47654cf80a9f2a690b8b54cc18f559fe6844d53609ac036f9afe766567083,1147eb02b3df53f53f7acb5422fa408d9861c341a30f658be1d33639ea2b7491,1147eb02b3df53f53f7acb5422fa408d9861c341a30f658be1d33639ea2b7491,EOL-only difference
Samples~/Demos/SceneDirectorDemo/SceneDirectorTester.cs,dedb148b5cbdf949797cc30d992af7f9f06f0747be4f7766ef2f1755519c3d4e,e3314a6bd13b26fe4d1ab09fac6e95dd44ff5b49607fbcef503c6833f2c533a1,dedb148b5cbdf949797cc30d992af7f9f06f0747be4f7766ef2f1755519c3d4e,dedb148b5cbdf949797cc30d992af7f9f06f0747be4f7766ef2f1755519c3d4e,EOL-only difference
Samples~/Demos/SimpleMenuDemo/AudioMenu.cs,803a9e558eff9186568925ea8aec9a635b0674549afee3a8f647e92468cfac47,cbcdfc2216089d0075496a213412591e6ee4c2ea464ce750d5c9be01ec4640a6,803a9e558eff9186568925ea8aec9a635b0674549afee3a8f647e92468cfac47,803a9e558eff9186568925ea8aec9a635b0674549afee3a8f647e92468cfac47,EOL-only difference
Samples~/Demos/SimpleMenuDemo/EdgeSettings.cs,4c4ec2fe616f2719b15393696b645e844c131574e6af1025751831dd68424a1c,70a97b1a69e61b2e3c2856aa5be134533a19fe1df4811989704d37d765212a89,4c4ec2fe616f2719b15393696b645e844c131574e6af1025751831dd68424a1c,4c4ec2fe616f2719b15393696b645e844c131574e6af1025751831dd68424a1c,EOL-only difference
Samples~/Demos/SimpleMenuDemo/SettingsMenu.cs,12073c790154a8b6675288f4325a0df02076eeb2c3ed82dd91edcb1f4128e467,50a936ff9d1a1afe73e99679ebaf7902903c8234b3b1719afa6552ba0a92263f,12073c790154a8b6675288f4325a0df02076eeb2c3ed82dd91edcb1f4128e467,12073c790154a8b6675288f4325a0df02076eeb2c3ed82dd91edcb1f4128e467,EOL-only difference
Samples~/Demos/SimpleMenuDemo/SimpleMenuExample.cs,8405aa4e24a8e944d0a0987877da07be55cba7f5834535f4c8c94437b9eb86f8,41b330b820ee6e34218946732e06843fe7a95d321d488bd50210eb0f5da29e0b,8405aa4e24a8e944d0a0987877da07be55cba7f5834535f4c8c94437b9eb86f8,8405aa4e24a8e944d0a0987877da07be55cba7f5834535f4c8c94437b9eb86f8,EOL-only difference
Samples~/Demos/SimpleMenuDemo/SimpleMenuTransitionDemo/TransitionDemoAboutMenu.cs,8b7e98546cd2e191a03e8c686158b95e1c44c2e6356d4c5822af858e83e57bd0,70283d84a4eabfcb0064ac5b2c7182e0c8cf41ef11e5b3868307fb1085c75437,8b7e98546cd2e191a03e8c686158b95e1c44c2e6356d4c5822af858e83e57bd0,8b7e98546cd2e191a03e8c686158b95e1c44c2e6356d4c5822af858e83e57bd0,EOL-only difference
Samples~/Demos/SimpleMenuDemo/SimpleMenuTransitionDemo/TransitionDemoDisplayMenu.cs,809dac4df9a759700e1396fd2e26d654af77a9a9fea4d9be0737c4667d36ba17,d67a20f95bc4b404636e18397835c508891e5e488cc0bb6f118ac6b81e32af6f,809dac4df9a759700e1396fd2e26d654af77a9a9fea4d9be0737c4667d36ba17,809dac4df9a759700e1396fd2e26d654af77a9a9fea4d9be0737c4667d36ba17,EOL-only difference
Samples~/Demos/SimpleMenuDemo/SimpleMenuTransitionDemo/TransitionDemoMainMenu.cs,27a56fb6efdd629b974b9c25d7e8584c518ea714c4c361f42c36d5208a066beb,4e3bf5abbf9a32401600802737f1ad4f85747fd8d8c5ea64a7df976905554371,27a56fb6efdd629b974b9c25d7e8584c518ea714c4c361f42c36d5208a066beb,27a56fb6efdd629b974b9c25d7e8584c518ea714c4c361f42c36d5208a066beb,EOL-only difference
Samples~/Demos/SimpleMenuDemo/SimpleMenuTransitionDemo/TransitionDemoSettingsMenu.cs,5dfb7b44c409c711f4472ec76a74840f7f71a6c0190b276fc1795f3d9466e552,662021ae6d2f58071d273064913fa7633e541bea3815590b72465367c6eb39a8,5dfb7b44c409c711f4472ec76a74840f7f71a6c0190b276fc1795f3d9466e552,5dfb7b44c409c711f4472ec76a74840f7f71a6c0190b276fc1795f3d9466e552,EOL-only difference
Samples~/Demos/SimpleMenuDemo/VideoMenu.cs,c6c809cd9e85fea532a4355f504028d7a7faa00dbdcb234a0e813582669adec0,8c0c4939a1c5d598edcae682ad193da926ba42ca4c3cdf69206dac8841f2dfad,c6c809cd9e85fea532a4355f504028d7a7faa00dbdcb234a0e813582669adec0,c6c809cd9e85fea532a4355f504028d7a7faa00dbdcb234a0e813582669adec0,EOL-only difference
Samples~/Demos/SimpleUIDemo/AutoGenerateUI_POCO.cs,09332b4f1e9a8d1b29d9b162aa90f8aecc5546839f80fb46beb3bcd20a0830ce,4ce2132dbba8edc906df8cc06fe6e223681f4dea496c8c77765125343ffaa98c,09332b4f1e9a8d1b29d9b162aa90f8aecc5546839f80fb46beb3bcd20a0830ce,09332b4f1e9a8d1b29d9b162aa90f8aecc5546839f80fb46beb3bcd20a0830ce,EOL-only difference
Samples~/Demos/SimpleUIDemo/CharacterClass.cs,160fcdf2e112cef3362873a982e6b817c4c36130cc2f6a8a37bb5e9a16e764c7,e27000a6590a35401b2c58e81e75c7bb588bf9f6a56244e09b8741138facfd8b,160fcdf2e112cef3362873a982e6b817c4c36130cc2f6a8a37bb5e9a16e764c7,160fcdf2e112cef3362873a982e6b817c4c36130cc2f6a8a37bb5e9a16e764c7,EOL-only difference
Samples~/Demos/SimpleUIDemo/CharacterSheet.cs,b43a16bc252fdf0454e04c8fd9cf11c7301d3dc0381275e3ffa1005719f482c7,c14f864c3dfbb83958e54ba2e62bb1b6afafae0d88ed8887f491cb224fe60463,b43a16bc252fdf0454e04c8fd9cf11c7301d3dc0381275e3ffa1005719f482c7,b43a16bc252fdf0454e04c8fd9cf11c7301d3dc0381275e3ffa1005719f482c7,EOL-only difference
Samples~/Demos/SimpleUIDemo/Partial Generation Demo/PocoGenerationDemo.Generated.cs,f14be2b8d04e1365cddec33542480490ad3e2236f450fcfb22e16c72448aa413,6fee70c128a6bb209a6162501c4c01166fe2d8e1b14c123923de62574dbc9329,f14be2b8d04e1365cddec33542480490ad3e2236f450fcfb22e16c72448aa413,f14be2b8d04e1365cddec33542480490ad3e2236f450fcfb22e16c72448aa413,EOL-only difference
Samples~/Demos/SimpleUIDemo/Partial Generation Demo/PocoGenerationDemo.cs,9105049433d17011650bca8afd3acd0d84281e46bc154ff61370e5b29b1fce90,d715bacab98550d3ac295a07f5afc2579797d055627d9230f1c30057bc8bf08c,9105049433d17011650bca8afd3acd0d84281e46bc154ff61370e5b29b1fce90,9105049433d17011650bca8afd3acd0d84281e46bc154ff61370e5b29b1fce90,EOL-only difference
Samples~/Demos/SimpleUIDemo/PropertyChangeListener.cs,86e78549d3ffd42de6cec1229b49b5acefefc833fa7e7ddf10840f90420dc331,a7326e39923a5d67b28f087bb10b984fd7664cf7b0e4fabbbf30df2ce46e9e88,86e78549d3ffd42de6cec1229b49b5acefefc833fa7e7ddf10840f90420dc331,86e78549d3ffd42de6cec1229b49b5acefefc833fa7e7ddf10840f90420dc331,EOL-only difference
Samples~/Demos/SimpleUIDemo/SimpleUIDemo.cs,dbe346f061c5643c0d9eee1a3372e411c894e0c04ce794aea195170a848fc91d,873a384b07da9320414931faeb4552c74fffbe43a981c227e55d8d12d379bfb0,dbe346f061c5643c0d9eee1a3372e411c894e0c04ce794aea195170a848fc91d,dbe346f061c5643c0d9eee1a3372e411c894e0c04ce794aea195170a848fc91d,EOL-only difference
Samples~/Demos/SimpleUIDemo/SmallPoco.cs,ac0d4062b8445583b36fac87dc1ca7bd919c4dea4498e95bd825a95527cc1d70,034e67e9a01812843638fb52d5a1dbf636e29ebc044009ca47bc218a0a8331dc,ac0d4062b8445583b36fac87dc1ca7bd919c4dea4498e95bd825a95527cc1d70,ac0d4062b8445583b36fac87dc1ca7bd919c4dea4498e95bd825a95527cc1d70,EOL-only difference
Samples~/Demos/SmartStatsDemo/SmartStatsDemoAdvancedFloat.cs,49d4360e381c994893b25d00a87d73902a2adc9a73525baac05635039e5eb1f2,67e35accadcfaefbc2c75b2f8a40bacad4785bf7a11fc05c5039e311264baa2e,49d4360e381c994893b25d00a87d73902a2adc9a73525baac05635039e5eb1f2,49d4360e381c994893b25d00a87d73902a2adc9a73525baac05635039e5eb1f2,EOL-only difference
Samples~/Demos/SmartStatsDemo/SmartStatsDemoBool.cs,f430a004279f29b00ee70d8d557d58405ebd110f118ca9bd205cc4918375895c,b572e1f4dd3919fb4149bcd1d74003e3bdf7c6ac4e8bc6353dfec66f96039b10,f430a004279f29b00ee70d8d557d58405ebd110f118ca9bd205cc4918375895c,f430a004279f29b00ee70d8d557d58405ebd110f118ca9bd205cc4918375895c,EOL-only difference
Samples~/Demos/SmartStatsDemo/SmartStatsDemoSimple.cs,4eaffe5a8255762705b52f8e62605049636261a64b7d72078793e0f76c59227f,f3ff9a188737bb383c314e568d82ce3fb731c4abb6bed1698165a08633f3c30b,4eaffe5a8255762705b52f8e62605049636261a64b7d72078793e0f76c59227f,4eaffe5a8255762705b52f8e62605049636261a64b7d72078793e0f76c59227f,EOL-only difference
Samples~/Demos/SmartStatsDemo/SmartStatsDemoUISimple.cs,fe7f9132a51dc793d5f9729130c186b8c514066315e6b80bd54743df2e831483,abb030b3cff087c192c9bdd6ea920d61782e2ef92038831287d49a8747c2656d,fe7f9132a51dc793d5f9729130c186b8c514066315e6b80bd54743df2e831483,fe7f9132a51dc793d5f9729130c186b8c514066315e6b80bd54743df2e831483,EOL-only difference
Samples~/Demos/StatefulUIDemo/StatefulUITester.cs,e4e62e06ea03de1314872694b57b87722ef12d5378b68a8650637d82d028b82f,f72b09566329f0b7245581238d412904cb8cd13a48fef8cbf6281994e808925e,e4e62e06ea03de1314872694b57b87722ef12d5378b68a8650637d82d028b82f,e4e62e06ea03de1314872694b57b87722ef12d5378b68a8650637d82d028b82f,EOL-only difference
Samples~/Demos/SwitcherooDemo/SwitcherooTester.cs,9325c5deb33ff17e0ecce93c08da67b3aaec8074537375728dc4d216f5fc5baa,42ee0d32b772968380e72ae604fd78f043155df6d66fe701ac7050a7b1f64fd1,9325c5deb33ff17e0ecce93c08da67b3aaec8074537375728dc4d216f5fc5baa,9325c5deb33ff17e0ecce93c08da67b3aaec8074537375728dc4d216f5fc5baa,EOL-only difference
Samples~/Demos/TickerDemo/TickableTestType.cs,debfa9dec47769c6466f8ec519fbcc8fab7a024e3cbd2c7eeb9bd957c3afca4d,a3b23fd8acd1ee37ff3d5bcbd0a097afdca7aa65fcb78a91768e4f576344cdf8,debfa9dec47769c6466f8ec519fbcc8fab7a024e3cbd2c7eeb9bd957c3afca4d,debfa9dec47769c6466f8ec519fbcc8fab7a024e3cbd2c7eeb9bd957c3afca4d,EOL-only difference
Samples~/Demos/TickerDemo/TickerTester.cs,dfab69d905ade3045555de1d758da34a0ec80adcc8c04328330c4a55fc4f8a11,28b73501995e00414e423a5f09aa1e562d5a2dbe37e77512bc0780d263443d1c,dfab69d905ade3045555de1d758da34a0ec80adcc8c04328330c4a55fc4f8a11,dfab69d905ade3045555de1d758da34a0ec80adcc8c04328330c4a55fc4f8a11,EOL-only difference
Samples~/Demos/VisualDebugDemo/Blink3DTester.cs,6ac87716cf3d1d7c0dd73e91607e24f950faee4c003794a1240b3369a169f475,b104e9a097f83f5cfa68856732d8cc4bb773d08a3aaab3218a9bcc591c2d969c,6ac87716cf3d1d7c0dd73e91607e24f950faee4c003794a1240b3369a169f475,6ac87716cf3d1d7c0dd73e91607e24f950faee4c003794a1240b3369a169f475,EOL-only difference
Samples~/Demos/VisualDebugDemo/DebugArrow.cs,57795d46eb8d47e5395af6b0661b6be68843a467a86a135de465c2346d0ac5ae,24049cfa3f9fa393776da5c8775a8695d16ad2e765e498ea399c1b1e8d69446a,57795d46eb8d47e5395af6b0661b6be68843a467a86a135de465c2346d0ac5ae,57795d46eb8d47e5395af6b0661b6be68843a467a86a135de465c2346d0ac5ae,EOL-only difference
Samples~/Demos/VisualDebugDemo/MeshBlinkTester.cs,02992b475b3ba0b73b8f967e53b2f10d634ff9f683e970e0358632d6a6c38773,fc1c1bbc1484cb70b19b9690952fde52231bd691c04eb244aa711e65e189dd66,02992b475b3ba0b73b8f967e53b2f10d634ff9f683e970e0358632d6a6c38773,02992b475b3ba0b73b8f967e53b2f10d634ff9f683e970e0358632d6a6c38773,EOL-only difference
Samples~/Demos/WorldSpaceUINavigationDemo/CameraRoamer.cs,15c9500ab04705c278860017431f7ac3a2e7e00eb1c8a6875b6155dbb96ee054,79f7fbcce95230b38dcedf2afcd73298b547a4643d72e1f0ba0a1b0cc8b4accb,15c9500ab04705c278860017431f7ac3a2e7e00eb1c8a6875b6155dbb96ee054,15c9500ab04705c278860017431f7ac3a2e7e00eb1c8a6875b6155dbb96ee054,EOL-only difference
Samples~/Demos/WorldSpaceUINavigationDemo/RandomWanderer.cs,b3f83accbf5cc050643d9b9efd8b29a3cbf1c75f3f3f23ef15982579c8702840,374095e60b12e0cb00ca9ec5fc693315b90f29091af3d881439f51fb0456b725,b3f83accbf5cc050643d9b9efd8b29a3cbf1c75f3f3f23ef15982579c8702840,b3f83accbf5cc050643d9b9efd8b29a3cbf1c75f3f3f23ef15982579c8702840,EOL-only difference
Samples~/Demos/WorldSpaceUINavigationDemo/WorldSpaceHighlightTarget.cs,daf46dcb98c2fc1d7e9dedfacfc18ae7da5969a0db310c34b94148c4c322eb58,12bca584f6238a86eafcd3a98cd012c8340fc52121b232f6b0bc710e0e618976,daf46dcb98c2fc1d7e9dedfacfc18ae7da5969a0db310c34b94148c4c322eb58,daf46dcb98c2fc1d7e9dedfacfc18ae7da5969a0db310c34b94148c4c322eb58,EOL-only difference
Samples~/Demos/WorldSpaceUINavigationDemo/WorldSpaceUINavigationDemo.cs,6959216d9c9a21309de76a64b55552508a577aae15b7a53587131652d2c02fe7,976c02bb77d886b515b3a267689743f4160ee1a9ba189a3a5e4ff478a3124b1e,6959216d9c9a21309de76a64b55552508a577aae15b7a53587131652d2c02fe7,6959216d9c9a21309de76a64b55552508a577aae15b7a53587131652d2c02fe7,EOL-only difference
Zui/Scripts/Editor/ZUI.Editor.asmdef,f427b3ddb3571e1e8f947b4b73e900169a1da9911e57a2949a817d5616d68770,375572f40ee1932c10bf5a8cb5a3ed19da5d24d9926bf28e1cf24dfe7dae5c91,f427b3ddb3571e1e8f947b4b73e900169a1da9911e57a2949a817d5616d68770,f427b3ddb3571e1e8f947b4b73e900169a1da9911e57a2949a817d5616d68770,EOL-only difference
Zui/Scripts/Editor/ZUI.cs,b0bc47f7da846e7906d17f1390260d5be5a38105de7d121d417635eb04279b45,00584621d636c2a4f5fa5c77769ab2728df0c786d1df30fd0aa4c121d6039194,b0bc47f7da846e7906d17f1390260d5be5a38105de7d121d417635eb04279b45,b0bc47f7da846e7906d17f1390260d5be5a38105de7d121d417635eb04279b45,EOL-only difference
Zui/Scripts/Editor/ZUIAnimatedFoldout2.cs,adc3a7271f43721239ddb60bcbee1652f03fd350eaa6ec476ac346f5c334d4eb,db6f64a4fb0e1926cd4b70a33bb14bbb3ceb1856e9527468426bd166dbe3b7f9,adc3a7271f43721239ddb60bcbee1652f03fd350eaa6ec476ac346f5c334d4eb,adc3a7271f43721239ddb60bcbee1652f03fd350eaa6ec476ac346f5c334d4eb,EOL-only difference
Zui/Scripts/Editor/ZUIAnimation.cs,399d548edc8b2da7bd786b69cddf03521ce06a7658060d0ae36db407bcc5679e,dfe7a8563792bf2796260376f7eb785932bd3aa0fd02d5d84a460674513d71ba,399d548edc8b2da7bd786b69cddf03521ce06a7658060d0ae36db407bcc5679e,399d548edc8b2da7bd786b69cddf03521ce06a7658060d0ae36db407bcc5679e,EOL-only difference
Zui/Scripts/Editor/ZUIAutoColorEditor.cs,8510717e8672bf9a05184511301db7ddf44c677d309e785bfd0821f670b669b4,8510717e8672bf9a05184511301db7ddf44c677d309e785bfd0821f670b669b4,8510717e8672bf9a05184511301db7ddf44c677d309e785bfd0821f670b669b4,8510717e8672bf9a05184511301db7ddf44c677d309e785bfd0821f670b669b4,raw match
Zui/Scripts/Editor/ZUIBandSliders.cs,c0f5d63fcf3cad43c541efdbadf843782f39f9bededf0d3e1e7cc896914df61f,c0f5d63fcf3cad43c541efdbadf843782f39f9bededf0d3e1e7cc896914df61f,c0f5d63fcf3cad43c541efdbadf843782f39f9bededf0d3e1e7cc896914df61f,c0f5d63fcf3cad43c541efdbadf843782f39f9bededf0d3e1e7cc896914df61f,raw match
Zui/Scripts/Editor/ZUIBlocks.cs,50ca22118076e51a16e62d08a9e5454c1be71e71c4191f02ff8ec0f409fc23b2,8c205d1d197759c630d286e640d287e1b0f187a7a7a71502dbb053a1424b5eda,50ca22118076e51a16e62d08a9e5454c1be71e71c4191f02ff8ec0f409fc23b2,50ca22118076e51a16e62d08a9e5454c1be71e71c4191f02ff8ec0f409fc23b2,EOL-only difference
Zui/Scripts/Editor/ZUIButton.cs,36c9abd9ca8974e59ddf796d9f4f6d97699b10852d92a178ab6f85f221cdf8b9,20438cd73f9cfd7712103244e2802904ec49a29eaa7c7de0caeeec93d6ef51db,36c9abd9ca8974e59ddf796d9f4f6d97699b10852d92a178ab6f85f221cdf8b9,36c9abd9ca8974e59ddf796d9f4f6d97699b10852d92a178ab6f85f221cdf8b9,EOL-only difference
Zui/Scripts/Editor/ZUIColorEditor.cs,41b04fe35f034b0d0a475cf588bca1238d80e48f5a2b7da0f704d820a1a9f7bd,3a581e0b69524a23475defd39d253a9c6304282ce65bee670c6dcb18d351b026,41b04fe35f034b0d0a475cf588bca1238d80e48f5a2b7da0f704d820a1a9f7bd,41b04fe35f034b0d0a475cf588bca1238d80e48f5a2b7da0f704d820a1a9f7bd,EOL-only difference
Zui/Scripts/Editor/ZUIColorPicker.cs,c7babed155d21dfef1bf598de0f801ceffacfb779fb5a826436e6463f48477b3,39b5a2faf0cb1af232238bfadc964c55a5f3bdf229fc697cbbc3cefaacc748d8,c7babed155d21dfef1bf598de0f801ceffacfb779fb5a826436e6463f48477b3,c7babed155d21dfef1bf598de0f801ceffacfb779fb5a826436e6463f48477b3,EOL-only difference
Zui/Scripts/Editor/ZUIContextMenu.cs,e2d2d4a402dbe104de88623abc80e5cce65bb2e8523a34c493c7319af19af13e,e2d2d4a402dbe104de88623abc80e5cce65bb2e8523a34c493c7319af19af13e,e2d2d4a402dbe104de88623abc80e5cce65bb2e8523a34c493c7319af19af13e,e2d2d4a402dbe104de88623abc80e5cce65bb2e8523a34c493c7319af19af13e,raw match
Zui/Scripts/Editor/ZUIControls.cs,47cbb9b7b8dc4c6c48325dffdece8e116711ffec77eea7874dc8be57a5d1ab08,47cbb9b7b8dc4c6c48325dffdece8e116711ffec77eea7874dc8be57a5d1ab08,47cbb9b7b8dc4c6c48325dffdece8e116711ffec77eea7874dc8be57a5d1ab08,47cbb9b7b8dc4c6c48325dffdece8e116711ffec77eea7874dc8be57a5d1ab08,raw match
Zui/Scripts/Editor/ZUICurveField.cs,d6125ff449fc5879779e489ab6f59580f992f6ad007c449364d2c2ec723885e5,d6125ff449fc5879779e489ab6f59580f992f6ad007c449364d2c2ec723885e5,d6125ff449fc5879779e489ab6f59580f992f6ad007c449364d2c2ec723885e5,d6125ff449fc5879779e489ab6f59580f992f6ad007c449364d2c2ec723885e5,raw match
Zui/Scripts/Editor/ZUIDebug.cs,6d56633f505e73efcecbe958b7fafe3f7a2a826ca7c3a617bb68d62b839dea15,8ce830dc723983c2575d03d6541202194d3edd1f8f9f3facb3d6d90f891d34a2,6d56633f505e73efcecbe958b7fafe3f7a2a826ca7c3a617bb68d62b839dea15,6d56633f505e73efcecbe958b7fafe3f7a2a826ca7c3a617bb68d62b839dea15,EOL-only difference
Zui/Scripts/Editor/ZUIEasePicker.cs,38d99c1f48b9b5cf9e535153ca784a276c8dc42e2070a4fe8b630ae524d97285,4c765e84fdc71003be151da432ed6b6a00d99a6129b1e8db6fa9278cf017cf47,38d99c1f48b9b5cf9e535153ca784a276c8dc42e2070a4fe8b630ae524d97285,38d99c1f48b9b5cf9e535153ca784a276c8dc42e2070a4fe8b630ae524d97285,EOL-only difference
Zui/Scripts/Editor/ZUIEnvelope.cs,05ffe1865e7d8149acd46adc0e1a57a7c263903d4e4af3d3acc5ef692c06df25,750e576fbcdf3b61fe0feadb089c8df689814c7f2cb77fa2fdd6020100b19bde,05ffe1865e7d8149acd46adc0e1a57a7c263903d4e4af3d3acc5ef692c06df25,05ffe1865e7d8149acd46adc0e1a57a7c263903d4e4af3d3acc5ef692c06df25,EOL-only difference
Zui/Scripts/Editor/ZUIEnvelopeBuiltInPresets.cs,d1f5f1b47c9d1f75a5f19fff0ea8945000945a63c59e14d51b3cca4f0dba2950,d1f5f1b47c9d1f75a5f19fff0ea8945000945a63c59e14d51b3cca4f0dba2950,d1f5f1b47c9d1f75a5f19fff0ea8945000945a63c59e14d51b3cca4f0dba2950,d1f5f1b47c9d1f75a5f19fff0ea8945000945a63c59e14d51b3cca4f0dba2950,raw match
Zui/Scripts/Editor/ZUIEnvelopePreset.cs,b1f9ef3a0e1d10ecf10c7769b81edee68afcf6453461b3045af458fdc37c5f61,b1f9ef3a0e1d10ecf10c7769b81edee68afcf6453461b3045af458fdc37c5f61,b1f9ef3a0e1d10ecf10c7769b81edee68afcf6453461b3045af458fdc37c5f61,b1f9ef3a0e1d10ecf10c7769b81edee68afcf6453461b3045af458fdc37c5f61,raw match
Zui/Scripts/Editor/ZUIEnvelopePresetLibrary.cs,82939782fae1b17ad63beb13f4c65f5640b02c793b34216941c3e80dcd9bced8,82939782fae1b17ad63beb13f4c65f5640b02c793b34216941c3e80dcd9bced8,82939782fae1b17ad63beb13f4c65f5640b02c793b34216941c3e80dcd9bced8,82939782fae1b17ad63beb13f4c65f5640b02c793b34216941c3e80dcd9bced8,raw match
Zui/Scripts/Editor/ZUIEnvelopePresetPopup.cs,ed82a686db673dd0e773e61c11b3c323553980371bf6530280e78b03c16497a0,ed82a686db673dd0e773e61c11b3c323553980371bf6530280e78b03c16497a0,ed82a686db673dd0e773e61c11b3c323553980371bf6530280e78b03c16497a0,ed82a686db673dd0e773e61c11b3c323553980371bf6530280e78b03c16497a0,raw match
Zui/Scripts/Editor/ZUIFields.cs,2f350b25364b693e066cefbf275abc699f96604349b909764e8e39a980f64bc2,2f350b25364b693e066cefbf275abc699f96604349b909764e8e39a980f64bc2,2f350b25364b693e066cefbf275abc699f96604349b909764e8e39a980f64bc2,2f350b25364b693e066cefbf275abc699f96604349b909764e8e39a980f64bc2,raw match
Zui/Scripts/Editor/ZUIFlow.cs,ab269e7f2ad02b58d4a189613a432175374248702d51147e4aefb147e609d216,ab269e7f2ad02b58d4a189613a432175374248702d51147e4aefb147e609d216,ab269e7f2ad02b58d4a189613a432175374248702d51147e4aefb147e609d216,ab269e7f2ad02b58d4a189613a432175374248702d51147e4aefb147e609d216,raw match
Zui/Scripts/Editor/ZUIFoldControls.cs,84941873546688fc01ee23a326db6edd8c85a8ae5266227367ec1f2321450835,84941873546688fc01ee23a326db6edd8c85a8ae5266227367ec1f2321450835,84941873546688fc01ee23a326db6edd8c85a8ae5266227367ec1f2321450835,84941873546688fc01ee23a326db6edd8c85a8ae5266227367ec1f2321450835,raw match
Zui/Scripts/Editor/ZUIForm.cs,644009b9cfbbfd4e7cbc99519680c644745f40ee0d50bac4565ffbb933e3908c,5710fe15c6021a558c69f54a5b51d29b07b85cb4279ee0ee3ac444017553c8a1,644009b9cfbbfd4e7cbc99519680c644745f40ee0d50bac4565ffbb933e3908c,644009b9cfbbfd4e7cbc99519680c644745f40ee0d50bac4565ffbb933e3908c,EOL-only difference
Zui/Scripts/Editor/ZUIFormControls.cs,7adcb2166d547298afa4ecec3665dfc16de89f3f96017b3946a347809590a8ca,76c9c81e598911a5d0243d58704495bef4baab2f18370f8c919ca16e7d49a397,7adcb2166d547298afa4ecec3665dfc16de89f3f96017b3946a347809590a8ca,7adcb2166d547298afa4ecec3665dfc16de89f3f96017b3946a347809590a8ca,EOL-only difference
Zui/Scripts/Editor/ZUIIconChoice.cs,b754e7615a7460d4655ade94aab9727989aac0d24bb95a2ba607046bbfcc3279,b754e7615a7460d4655ade94aab9727989aac0d24bb95a2ba607046bbfcc3279,b754e7615a7460d4655ade94aab9727989aac0d24bb95a2ba607046bbfcc3279,b754e7615a7460d4655ade94aab9727989aac0d24bb95a2ba607046bbfcc3279,raw match
Zui/Scripts/Editor/ZUIMultiSelect.cs,1f1449f2f88b409ff8a5bd2e894959436f05e1a80f4f6c146d456088d82a0a86,4a36475724ba1a891f504d1f0dd67882cb47781e7797b63f3c05ba9b47d0ba5d,1f1449f2f88b409ff8a5bd2e894959436f05e1a80f4f6c146d456088d82a0a86,1f1449f2f88b409ff8a5bd2e894959436f05e1a80f4f6c146d456088d82a0a86,EOL-only difference
Zui/Scripts/Editor/ZUIMultiToggle.cs,c3ae4458276fff0f0f2da431654cead83148f83fe0eb93dc56f959fb9d1b79a0,c3ae4458276fff0f0f2da431654cead83148f83fe0eb93dc56f959fb9d1b79a0,c3ae4458276fff0f0f2da431654cead83148f83fe0eb93dc56f959fb9d1b79a0,c3ae4458276fff0f0f2da431654cead83148f83fe0eb93dc56f959fb9d1b79a0,raw match
Zui/Scripts/Editor/ZUIPaddedArea.cs,98df378c0d58e0b39952dd558d8fb9b6e5ab2ae13b59acc6c3118df54a2cc344,98df378c0d58e0b39952dd558d8fb9b6e5ab2ae13b59acc6c3118df54a2cc344,98df378c0d58e0b39952dd558d8fb9b6e5ab2ae13b59acc6c3118df54a2cc344,98df378c0d58e0b39952dd558d8fb9b6e5ab2ae13b59acc6c3118df54a2cc344,raw match
Zui/Scripts/Editor/ZUIPolymorphicFoldout.cs,e4581d5b3dc89bb9c90ee5da1b4f2c3e5517fedf3fffd9fb5533cc2fc7330812,e4581d5b3dc89bb9c90ee5da1b4f2c3e5517fedf3fffd9fb5533cc2fc7330812,e4581d5b3dc89bb9c90ee5da1b4f2c3e5517fedf3fffd9fb5533cc2fc7330812,e4581d5b3dc89bb9c90ee5da1b4f2c3e5517fedf3fffd9fb5533cc2fc7330812,raw match
Zui/Scripts/Editor/ZUIPopover.cs,755dbdd19604538fb3cacbc694c820c076b5d0a5069823e2416100b46fe379e1,755dbdd19604538fb3cacbc694c820c076b5d0a5069823e2416100b46fe379e1,755dbdd19604538fb3cacbc694c820c076b5d0a5069823e2416100b46fe379e1,755dbdd19604538fb3cacbc694c820c076b5d0a5069823e2416100b46fe379e1,raw match
Zui/Scripts/Editor/ZUIPositionPad.cs,55ea76e5c6c057d27bcda4b94ab7cd552ab0d20ca6fff4cca1e24be1ebb59a29,55ea76e5c6c057d27bcda4b94ab7cd552ab0d20ca6fff4cca1e24be1ebb59a29,55ea76e5c6c057d27bcda4b94ab7cd552ab0d20ca6fff4cca1e24be1ebb59a29,55ea76e5c6c057d27bcda4b94ab7cd552ab0d20ca6fff4cca1e24be1ebb59a29,raw match
Zui/Scripts/Editor/ZUIPulse.cs,42e781e816028155bacdfad6772eeea4593e7cd970bf3a4f537e9380c04bce1f,aa7b7b88365dc2d67a466dccbf89bf300e54a86a7f3f2c84eaf801ee88c32fe4,42e781e816028155bacdfad6772eeea4593e7cd970bf3a4f537e9380c04bce1f,42e781e816028155bacdfad6772eeea4593e7cd970bf3a4f537e9380c04bce1f,EOL-only difference
Zui/Scripts/Editor/ZUIRequireInterfaceDrawer.cs,1628e41e542bf48a2717ecd136f75a3f353af3a45bf78c6a89f6115f6e57981c,1628e41e542bf48a2717ecd136f75a3f353af3a45bf78c6a89f6115f6e57981c,1628e41e542bf48a2717ecd136f75a3f353af3a45bf78c6a89f6115f6e57981c,1628e41e542bf48a2717ecd136f75a3f353af3a45bf78c6a89f6115f6e57981c,raw match
Zui/Scripts/Editor/ZUIRow.cs,993886539c57844bac2be7d929b5be9fbb2f8203b54f5c2c9dd5581b6ebd4b74,6edad669c7eb7e0ab1fe5dd7ba9f6a93fdb89e8af917394f42c8efdb723d9529,993886539c57844bac2be7d929b5be9fbb2f8203b54f5c2c9dd5581b6ebd4b74,993886539c57844bac2be7d929b5be9fbb2f8203b54f5c2c9dd5581b6ebd4b74,EOL-only difference
Zui/Scripts/Editor/ZUISlider.cs,9c321c86c53aba764d6d6013642caa7a0e96a9a204bd0928b8d1ba55f92d93cc,9f32392d338fbef44f1e09ebd987cabef82a67a16976329768f57f7904935fef,9c321c86c53aba764d6d6013642caa7a0e96a9a204bd0928b8d1ba55f92d93cc,9c321c86c53aba764d6d6013642caa7a0e96a9a204bd0928b8d1ba55f92d93cc,EOL-only difference
Zui/Scripts/Editor/ZUIStackedDragField.cs,46321ab9a2cbc8c2d77bc0b67baae9d312336e0f0bd13a380879556442377438,46321ab9a2cbc8c2d77bc0b67baae9d312336e0f0bd13a380879556442377438,46321ab9a2cbc8c2d77bc0b67baae9d312336e0f0bd13a380879556442377438,46321ab9a2cbc8c2d77bc0b67baae9d312336e0f0bd13a380879556442377438,raw match
Zui/Scripts/Editor/ZUIStyleEditorWindow.cs,f81e18e933002db4f585d1ef4468cfdaec255071bb4bf73a1ce4444400c697ce,f81e18e933002db4f585d1ef4468cfdaec255071bb4bf73a1ce4444400c697ce,f81e18e933002db4f585d1ef4468cfdaec255071bb4bf73a1ce4444400c697ce,f81e18e933002db4f585d1ef4468cfdaec255071bb4bf73a1ce4444400c697ce,raw match
Zui/Scripts/Editor/ZUIText.cs,58c6bbaf69e03d9494c5f5ecf4d821a66897434af075871dddf5a08a3c91ff1d,2343002db3519771e581c492ebc841a1108b1f749e2185cbce6c53259464257f,58c6bbaf69e03d9494c5f5ecf4d821a66897434af075871dddf5a08a3c91ff1d,58c6bbaf69e03d9494c5f5ecf4d821a66897434af075871dddf5a08a3c91ff1d,EOL-only difference
Zui/Scripts/Editor/ZUITextureEditor.cs,36b77ebd6dc79fb4956ad67be2de16f180d636d4d2354f7a9510d647bfd14a92,fc35779c382d274a6e242bec00f38988524eaae524bcc68e50ef022ccae9e92a,36b77ebd6dc79fb4956ad67be2de16f180d636d4d2354f7a9510d647bfd14a92,36b77ebd6dc79fb4956ad67be2de16f180d636d4d2354f7a9510d647bfd14a92,EOL-only difference
Zui/Scripts/Editor/ZUIToggle.cs,dfac29c8bc86f088be600b6d7b72884bdd2ebe4c71f4df9282d994c56c2e20a9,7b9ab8c8477f8bf178bea19815a12da0697a001096e261d424ef9a55dcc5afc8,dfac29c8bc86f088be600b6d7b72884bdd2ebe4c71f4df9282d994c56c2e20a9,dfac29c8bc86f088be600b6d7b72884bdd2ebe4c71f4df9282d994c56c2e20a9,EOL-only difference
Zui/Scripts/Editor/ZUITween.cs,7453884e6d30c1e0bade4bf2fde7f3f89364f988d594b7711c4562a5eb4c2a8b,80e92b4bed5ddee6fe05834415984335c341c97fafad72bf61792286893520c3,7453884e6d30c1e0bade4bf2fde7f3f89364f988d594b7711c4562a5eb4c2a8b,7453884e6d30c1e0bade4bf2fde7f3f89364f988d594b7711c4562a5eb4c2a8b,EOL-only difference
Zui/Scripts/Editor/ZUIValue2DControl.cs,1afe69e839a7fed09c45fc1646ed448a2badaf06f2abf571446957e28f6f9fcb,1afe69e839a7fed09c45fc1646ed448a2badaf06f2abf571446957e28f6f9fcb,1afe69e839a7fed09c45fc1646ed448a2badaf06f2abf571446957e28f6f9fcb,1afe69e839a7fed09c45fc1646ed448a2badaf06f2abf571446957e28f6f9fcb,raw match
Zui/Scripts/Editor/ZUIValueControl.cs,ba04da7f1058278e05ae4bd76507a6138a8eebe45498b3aa93177dfdfed597a3,ba04da7f1058278e05ae4bd76507a6138a8eebe45498b3aa93177dfdfed597a3,ba04da7f1058278e05ae4bd76507a6138a8eebe45498b3aa93177dfdfed597a3,ba04da7f1058278e05ae4bd76507a6138a8eebe45498b3aa93177dfdfed597a3,raw match
Zui/Scripts/Editor/ZUIWindow.Draw.cs,fba79aac096a553e7ce9c6ae8e61576a0135000092504ffdc17ea3dee2ad98d4,fba79aac096a553e7ce9c6ae8e61576a0135000092504ffdc17ea3dee2ad98d4,fba79aac096a553e7ce9c6ae8e61576a0135000092504ffdc17ea3dee2ad98d4,fba79aac096a553e7ce9c6ae8e61576a0135000092504ffdc17ea3dee2ad98d4,raw match
Zui/Scripts/Editor/ZUIWindow.cs,251f4bf7fa5109cbcab043170ea4260eeafd2e9e8b8a456515cb88dd4354449a,273ab3471dcfd96cf558801eceb919e2c47561e16e0a3d7f7bf9bdf63281a042,251f4bf7fa5109cbcab043170ea4260eeafd2e9e8b8a456515cb88dd4354449a,251f4bf7fa5109cbcab043170ea4260eeafd2e9e8b8a456515cb88dd4354449a,EOL-only difference
Zui/Scripts/Editor/Zhowcase.cs,0566444e779a1045b7f41ddeb1acf8d8f91651e05f1d1f16d070829fe87e995c,088dee7e0721ec6c76e6b951e010833302451428eac87f54be41230cadc8feaf,0566444e779a1045b7f41ddeb1acf8d8f91651e05f1d1f16d070829fe87e995c,0566444e779a1045b7f41ddeb1acf8d8f91651e05f1d1f16d070829fe87e995c,EOL-only difference
Zui/Scripts/Editor/ZuiGradientPresetLibrary.cs,2952dd2da096cb7ca0c7f4361578988e3c6176dea840d7b04b1f41d9f006e979,19150dd531b6519233b01286ca1441155745e1bcc40269379fb80effc0efe0a5,2952dd2da096cb7ca0c7f4361578988e3c6176dea840d7b04b1f41d9f006e979,2952dd2da096cb7ca0c7f4361578988e3c6176dea840d7b04b1f41d9f006e979,EOL-only difference
Zui/Scripts/Runtime/IZuiRamp.cs,b0a58d0a1b665d3627c81b496c9d9b744917e93ddf4d1147f77e0c2955b70bfc,b0a58d0a1b665d3627c81b496c9d9b744917e93ddf4d1147f77e0c2955b70bfc,b0a58d0a1b665d3627c81b496c9d9b744917e93ddf4d1147f77e0c2955b70bfc,b0a58d0a1b665d3627c81b496c9d9b744917e93ddf4d1147f77e0c2955b70bfc,raw match
Zui/Scripts/Runtime/SwatchPalette.cs,b1ab4d98dc55e7128d568ac818c13c9dde7ae6e6b415bb8e791cf8264c6ab317,b1ab4d98dc55e7128d568ac818c13c9dde7ae6e6b415bb8e791cf8264c6ab317,b1ab4d98dc55e7128d568ac818c13c9dde7ae6e6b415bb8e791cf8264c6ab317,b1ab4d98dc55e7128d568ac818c13c9dde7ae6e6b415bb8e791cf8264c6ab317,raw match
Zui/Scripts/Runtime/ZUIAssetLibrary.cs,823bd054afbffcca27c22ceb7286e2352bf9ff4638e7943549aaef94d451e667,823bd054afbffcca27c22ceb7286e2352bf9ff4638e7943549aaef94d451e667,823bd054afbffcca27c22ceb7286e2352bf9ff4638e7943549aaef94d451e667,823bd054afbffcca27c22ceb7286e2352bf9ff4638e7943549aaef94d451e667,raw match
Zui/Scripts/Runtime/ZUIAutoColor.cs,5adccc06363bfd82bc98596451e95963689c2270ec0bcef0b676cd250489a1fe,5adccc06363bfd82bc98596451e95963689c2270ec0bcef0b676cd250489a1fe,5adccc06363bfd82bc98596451e95963689c2270ec0bcef0b676cd250489a1fe,5adccc06363bfd82bc98596451e95963689c2270ec0bcef0b676cd250489a1fe,raw match
Zui/Scripts/Runtime/ZUIColor.cs,1d8cc782abb307c84b91b37bea4344da9d34be7b995c85179630e8b4853bbd0b,170072756253b5556c7b19754fc2f2a9e13e8593d5f3ac4aa6838fbe0973fe1a,1d8cc782abb307c84b91b37bea4344da9d34be7b995c85179630e8b4853bbd0b,1d8cc782abb307c84b91b37bea4344da9d34be7b995c85179630e8b4853bbd0b,EOL-only difference
Zui/Scripts/Runtime/ZUIColorHSL.cs,62ec35da3a0c93c64c87af1fa0af15b20746f394ec3ee16b7c939aead2dedade,f1e524dff8d8d0bbb3465e12af68d8d30135c3e25ba6d9dc2f09ccedcee31784,62ec35da3a0c93c64c87af1fa0af15b20746f394ec3ee16b7c939aead2dedade,62ec35da3a0c93c64c87af1fa0af15b20746f394ec3ee16b7c939aead2dedade,EOL-only difference
Zui/Scripts/Runtime/ZUIColorRef.cs,c75d1d88d486f8b716a9b59674e2df03bd7ea79da87070de5c15156ccc1b0310,c75d1d88d486f8b716a9b59674e2df03bd7ea79da87070de5c15156ccc1b0310,c75d1d88d486f8b716a9b59674e2df03bd7ea79da87070de5c15156ccc1b0310,c75d1d88d486f8b716a9b59674e2df03bd7ea79da87070de5c15156ccc1b0310,raw match
Zui/Scripts/Runtime/ZUICore.cs,7e6145339492d2f26f53cbc53ad273f1bfa07dffa9db12f1f6890055d179ffe4,7e6145339492d2f26f53cbc53ad273f1bfa07dffa9db12f1f6890055d179ffe4,7e6145339492d2f26f53cbc53ad273f1bfa07dffa9db12f1f6890055d179ffe4,7e6145339492d2f26f53cbc53ad273f1bfa07dffa9db12f1f6890055d179ffe4,raw match
Zui/Scripts/Runtime/ZUIEnvelopeDef.cs,cc0f5494440a7953ea43d8623d715057a072a699e32e2672203f219b249e2590,cc0f5494440a7953ea43d8623d715057a072a699e32e2672203f219b249e2590,cc0f5494440a7953ea43d8623d715057a072a699e32e2672203f219b249e2590,cc0f5494440a7953ea43d8623d715057a072a699e32e2672203f219b249e2590,raw match
Zui/Scripts/Runtime/ZUIEnvelopeEvaluator.cs,cf2173a47e6f16f1aa9662a3a76730605beab1d943dc817e8522407d535ccd36,cf2173a47e6f16f1aa9662a3a76730605beab1d943dc817e8522407d535ccd36,cf2173a47e6f16f1aa9662a3a76730605beab1d943dc817e8522407d535ccd36,cf2173a47e6f16f1aa9662a3a76730605beab1d943dc817e8522407d535ccd36,raw match
Zui/Scripts/Runtime/ZUIEnvelopeMarker.cs,2573b99527cc41e47045a3dacf5092b34273fa2069b2eae12d44a65e564854ce,2573b99527cc41e47045a3dacf5092b34273fa2069b2eae12d44a65e564854ce,2573b99527cc41e47045a3dacf5092b34273fa2069b2eae12d44a65e564854ce,2573b99527cc41e47045a3dacf5092b34273fa2069b2eae12d44a65e564854ce,raw match
Zui/Scripts/Runtime/ZUIEnvelopePoint.cs,21ac60a6e100b5a53f6546deec9bbeedd1d4beb9e94e157a18c02dc67f9e1d3c,c896ede7a25dbe4b170b54c7c2f6183f7dc90c67c7c1f089d4e287162664e11c,21ac60a6e100b5a53f6546deec9bbeedd1d4beb9e94e157a18c02dc67f9e1d3c,21ac60a6e100b5a53f6546deec9bbeedd1d4beb9e94e157a18c02dc67f9e1d3c,EOL-only difference
Zui/Scripts/Runtime/ZUIFlash.cs,7ccebbacc5082535f74e399aceb4427c53c6ee10394bc1d23f5298809a00b1ba,7ccebbacc5082535f74e399aceb4427c53c6ee10394bc1d23f5298809a00b1ba,7ccebbacc5082535f74e399aceb4427c53c6ee10394bc1d23f5298809a00b1ba,7ccebbacc5082535f74e399aceb4427c53c6ee10394bc1d23f5298809a00b1ba,raw match
Zui/Scripts/Runtime/ZUIHue.cs,21ce1005ba3049e6a350013203d754be68e938d635140d53ec96761a6a3fb8e4,21ce1005ba3049e6a350013203d754be68e938d635140d53ec96761a6a3fb8e4,21ce1005ba3049e6a350013203d754be68e938d635140d53ec96761a6a3fb8e4,21ce1005ba3049e6a350013203d754be68e938d635140d53ec96761a6a3fb8e4,raw match
Zui/Scripts/Runtime/ZUIIconLibraryAsset.cs,cc26495e14d368c03a27af5a7271190b377b568523efa9b5418c2e1de9679ec4,11ebf5a3062d34605cd958cea5580a1ac40e592bd71d6b8c371045848cd6bd4d,cc26495e14d368c03a27af5a7271190b377b568523efa9b5418c2e1de9679ec4,cc26495e14d368c03a27af5a7271190b377b568523efa9b5418c2e1de9679ec4,EOL-only difference
Zui/Scripts/Runtime/ZUINineSlice.cs,db66068ef7764ebf48801b7788c27e14105f9fc399059b36966a1c4ac4c5d521,db66068ef7764ebf48801b7788c27e14105f9fc399059b36966a1c4ac4c5d521,db66068ef7764ebf48801b7788c27e14105f9fc399059b36966a1c4ac4c5d521,db66068ef7764ebf48801b7788c27e14105f9fc399059b36966a1c4ac4c5d521,raw match
Zui/Scripts/Runtime/ZUIPair2D.cs,80c1c21f977fa8417ebfcd55d6721e3687c23238b3ff83e24988d66ee5a29006,80c1c21f977fa8417ebfcd55d6721e3687c23238b3ff83e24988d66ee5a29006,80c1c21f977fa8417ebfcd55d6721e3687c23238b3ff83e24988d66ee5a29006,80c1c21f977fa8417ebfcd55d6721e3687c23238b3ff83e24988d66ee5a29006,raw match
Zui/Scripts/Runtime/ZUIPalette.cs,53133a09f98ec1791cf97e2cf8a032c67e54513502b6444faa7693afbfff000f,53133a09f98ec1791cf97e2cf8a032c67e54513502b6444faa7693afbfff000f,53133a09f98ec1791cf97e2cf8a032c67e54513502b6444faa7693afbfff000f,53133a09f98ec1791cf97e2cf8a032c67e54513502b6444faa7693afbfff000f,raw match
Zui/Scripts/Runtime/ZUIRequireInterface.cs,3b9f5c175ab78349d95aa8c896133a7c159de36df443bf49562aef5934bb5e28,3b9f5c175ab78349d95aa8c896133a7c159de36df443bf49562aef5934bb5e28,3b9f5c175ab78349d95aa8c896133a7c159de36df443bf49562aef5934bb5e28,3b9f5c175ab78349d95aa8c896133a7c159de36df443bf49562aef5934bb5e28,raw match
Zui/Scripts/Runtime/ZUISheet.cs,c2024b4aac04edca0b7f68eb86f2804d6f898a20864413924e498f3f68ffdcd1,c2024b4aac04edca0b7f68eb86f2804d6f898a20864413924e498f3f68ffdcd1,c2024b4aac04edca0b7f68eb86f2804d6f898a20864413924e498f3f68ffdcd1,c2024b4aac04edca0b7f68eb86f2804d6f898a20864413924e498f3f68ffdcd1,raw match
Zui/Scripts/Runtime/ZUIShowIf.cs,06af40f2f468320519da22f8273219c660c835891c2dce68f2d207fbdbaa359a,06af40f2f468320519da22f8273219c660c835891c2dce68f2d207fbdbaa359a,06af40f2f468320519da22f8273219c660c835891c2dce68f2d207fbdbaa359a,06af40f2f468320519da22f8273219c660c835891c2dce68f2d207fbdbaa359a,raw match
Zui/Scripts/Runtime/ZUISpacingScale.cs,236c3372268feee7c482c06756f4c93a18f719c7ed64029f48ed1713d7c9970f,3bf9b67e20e8a3a1b2a1b9313b1db2f9cb9fbb6d2fa01fb78ff9f651db733f51,236c3372268feee7c482c06756f4c93a18f719c7ed64029f48ed1713d7c9970f,236c3372268feee7c482c06756f4c93a18f719c7ed64029f48ed1713d7c9970f,EOL-only difference
Zui/Scripts/Runtime/ZUIStyleDef.cs,875eb345ae7ea5b3a1aefc24aaeec96690ce94f92daa6c73f64bc587fb718626,dbecfee63afbaeddd225b1296d77076a1968f1ad7ce5cd0ab9ee44aa714968ae,875eb345ae7ea5b3a1aefc24aaeec96690ce94f92daa6c73f64bc587fb718626,875eb345ae7ea5b3a1aefc24aaeec96690ce94f92daa6c73f64bc587fb718626,EOL-only difference
Zui/Scripts/Runtime/ZUIStyleSheetAsset.cs,031c077390d09515e64ac229aaf473345bb9bfc96a1d0874000d695a912ae576,6f8a16d7ba2caea77aea0f5d3e34a125aa5d3ffcce208f5fd366324011610b75,031c077390d09515e64ac229aaf473345bb9bfc96a1d0874000d695a912ae576,031c077390d09515e64ac229aaf473345bb9bfc96a1d0874000d695a912ae576,EOL-only difference
Zui/Scripts/Runtime/ZUISubDefs.cs,83bf7845566df747a7fde63ca97ffd15bbdb63f75e00d93b10cdf34137e4be0b,35ee4d3f24f052a7a5598f3fe380cbd8fc4166a47b47a7ad8af5a18de06b9650,83bf7845566df747a7fde63ca97ffd15bbdb63f75e00d93b10cdf34137e4be0b,83bf7845566df747a7fde63ca97ffd15bbdb63f75e00d93b10cdf34137e4be0b,EOL-only difference
Zui/Scripts/Runtime/ZUIValue.cs,2a603941762233a013b076f79b50b7c85f78d2fc871fa7c5fb6753ac0629de02,2a603941762233a013b076f79b50b7c85f78d2fc871fa7c5fb6753ac0629de02,2a603941762233a013b076f79b50b7c85f78d2fc871fa7c5fb6753ac0629de02,2a603941762233a013b076f79b50b7c85f78d2fc871fa7c5fb6753ac0629de02,raw match
Zui/Scripts/Runtime/ZUIWholeNumber.cs,8cda0a6f7b726498b3817775f5f020b9e25c760209030ea4bdc34932c368a6df,8cda0a6f7b726498b3817775f5f020b9e25c760209030ea4bdc34932c368a6df,8cda0a6f7b726498b3817775f5f020b9e25c760209030ea4bdc34932c368a6df,8cda0a6f7b726498b3817775f5f020b9e25c760209030ea4bdc34932c368a6df,raw match
Zui/Scripts/Runtime/ZuiFaceButtons.cs,0319731f74b12ff15d975a14388e1a4f5cad66ddf1c06ae5e26b4c877d0885f1,0319731f74b12ff15d975a14388e1a4f5cad66ddf1c06ae5e26b4c877d0885f1,0319731f74b12ff15d975a14388e1a4f5cad66ddf1c06ae5e26b4c877d0885f1,0319731f74b12ff15d975a14388e1a4f5cad66ddf1c06ae5e26b4c877d0885f1,raw match
Zui/Scripts/Runtime/ZuiFill.cs,6f59a66c84447eddd5972b1e6b34f914d60f8774ee221cb694189cf33a05a195,baa6a177f0fab8d17a10f49870bce148f0d498fc5656af7c3adcdf87b3a38106,6f59a66c84447eddd5972b1e6b34f914d60f8774ee221cb694189cf33a05a195,6f59a66c84447eddd5972b1e6b34f914d60f8774ee221cb694189cf33a05a195,EOL-only difference
Zui/Scripts/Runtime/ZuiGamepad.cs,97d89b9e19b9436a37e279ee0997678f79c49c03f8b6afcce8410429ecc0feb8,97d89b9e19b9436a37e279ee0997678f79c49c03f8b6afcce8410429ecc0feb8,97d89b9e19b9436a37e279ee0997678f79c49c03f8b6afcce8410429ecc0feb8,97d89b9e19b9436a37e279ee0997678f79c49c03f8b6afcce8410429ecc0feb8,raw match
Zui/Scripts/Runtime/ZuiGradient.cs,d865c42ba88202601167568a4dce2e267923cac227b17d7ecbe3904592d2f1f4,7334cd41846722ff2b03e822bbd66fccb5d24c57d57578c5dc820beed65c916a,d865c42ba88202601167568a4dce2e267923cac227b17d7ecbe3904592d2f1f4,d865c42ba88202601167568a4dce2e267923cac227b17d7ecbe3904592d2f1f4,EOL-only difference
Zui/Scripts/Runtime/ZuiKeyboard.cs,1f90ac7eb75f440cf9fc10c32c0543864dbd725c94dcfb58655c661c87757daa,1f90ac7eb75f440cf9fc10c32c0543864dbd725c94dcfb58655c661c87757daa,1f90ac7eb75f440cf9fc10c32c0543864dbd725c94dcfb58655c661c87757daa,1f90ac7eb75f440cf9fc10c32c0543864dbd725c94dcfb58655c661c87757daa,raw match
Zui/Scripts/Runtime/ZuiMenu.cs,5d256bf23dd5e3c8a66ae2da0716f5b3abface5c47081d7f92ad23ad2d705de7,5d256bf23dd5e3c8a66ae2da0716f5b3abface5c47081d7f92ad23ad2d705de7,5d256bf23dd5e3c8a66ae2da0716f5b3abface5c47081d7f92ad23ad2d705de7,5d256bf23dd5e3c8a66ae2da0716f5b3abface5c47081d7f92ad23ad2d705de7,raw match
Zui/Scripts/Runtime/ZuiOverlay.cs,a7bd50ca3a7b7778fff03bcfceb478f1b4eb8c8de8a59cd004cbc33914cdd03d,a7bd50ca3a7b7778fff03bcfceb478f1b4eb8c8de8a59cd004cbc33914cdd03d,a7bd50ca3a7b7778fff03bcfceb478f1b4eb8c8de8a59cd004cbc33914cdd03d,a7bd50ca3a7b7778fff03bcfceb478f1b4eb8c8de8a59cd004cbc33914cdd03d,raw match
Zui/Scripts/Runtime/ZuiPaletteCycle.cs,a1c5e1e642ea7912743d15789d2492b0e3d09d9ad532a41d501b42c0fa761665,a1c5e1e642ea7912743d15789d2492b0e3d09d9ad532a41d501b42c0fa761665,a1c5e1e642ea7912743d15789d2492b0e3d09d9ad532a41d501b42c0fa761665,a1c5e1e642ea7912743d15789d2492b0e3d09d9ad532a41d501b42c0fa761665,raw match
Zui/Scripts/Runtime/ZuiPanels.cs,2fd1b48c7235ed72485cbb55b01612d492993c42b3b01a1622467eb46e895d01,2fd1b48c7235ed72485cbb55b01612d492993c42b3b01a1622467eb46e895d01,2fd1b48c7235ed72485cbb55b01612d492993c42b3b01a1622467eb46e895d01,2fd1b48c7235ed72485cbb55b01612d492993c42b3b01a1622467eb46e895d01,raw match
Zui/Scripts/Runtime/ZuiRuntime.asmdef,8ccd379941a4fff7ab04b0aa00c077a35d5a3ab5bf9ce47ddeb2b098c38ee96b,8ccd379941a4fff7ab04b0aa00c077a35d5a3ab5bf9ce47ddeb2b098c38ee96b,8ccd379941a4fff7ab04b0aa00c077a35d5a3ab5bf9ce47ddeb2b098c38ee96b,8ccd379941a4fff7ab04b0aa00c077a35d5a3ab5bf9ce47ddeb2b098c38ee96b,raw match
Zui/Scripts/Runtime/ZuiRuntime.cs,2ba0dae8102c837909f6964f05d1fbebfe5168bfdcfae64734cdef21226b3bca,2ba0dae8102c837909f6964f05d1fbebfe5168bfdcfae64734cdef21226b3bca,2ba0dae8102c837909f6964f05d1fbebfe5168bfdcfae64734cdef21226b3bca,2ba0dae8102c837909f6964f05d1fbebfe5168bfdcfae64734cdef21226b3bca,raw match
Zui/Scripts/Runtime/ZuiRuntimeSheet.cs,8e8d52d95719016aa7186e3265fc42ddc57e33ceb7423a6a21fbe45072d67afb,8e8d52d95719016aa7186e3265fc42ddc57e33ceb7423a6a21fbe45072d67afb,8e8d52d95719016aa7186e3265fc42ddc57e33ceb7423a6a21fbe45072d67afb,8e8d52d95719016aa7186e3265fc42ddc57e33ceb7423a6a21fbe45072d67afb,raw match
Zui/Scripts/Runtime/ZuiScale.cs,25dd027722310d93344cba55cf07f5efca767dc2f63e22e037dc91293255817d,25dd027722310d93344cba55cf07f5efca767dc2f63e22e037dc91293255817d,25dd027722310d93344cba55cf07f5efca767dc2f63e22e037dc91293255817d,25dd027722310d93344cba55cf07f5efca767dc2f63e22e037dc91293255817d,raw match
Zui/Scripts/Runtime/ZuiStack.cs,4b966713d16a6e4df98f1fd9e22d80017f120a7be0920596d99a2b84e762dc80,4b966713d16a6e4df98f1fd9e22d80017f120a7be0920596d99a2b84e762dc80,4b966713d16a6e4df98f1fd9e22d80017f120a7be0920596d99a2b84e762dc80,4b966713d16a6e4df98f1fd9e22d80017f120a7be0920596d99a2b84e762dc80,raw match
Zui/Scripts/Runtime/ZuiStyles.cs,38e3982245dbc7de493b9f442c8639fae42edb85ba56c8afe8824c66ed2bc566,38e3982245dbc7de493b9f442c8639fae42edb85ba56c8afe8824c66ed2bc566,38e3982245dbc7de493b9f442c8639fae42edb85ba56c8afe8824c66ed2bc566,38e3982245dbc7de493b9f442c8639fae42edb85ba56c8afe8824c66ed2bc566,raw match
Zui/Scripts/Runtime/ZuiSwatchBinding.cs,bee21e4faef77573e4b97a5414eb5a82fb1b180c01db6df373902395f93f2895,bee21e4faef77573e4b97a5414eb5a82fb1b180c01db6df373902395f93f2895,bee21e4faef77573e4b97a5414eb5a82fb1b180c01db6df373902395f93f2895,bee21e4faef77573e4b97a5414eb5a82fb1b180c01db6df373902395f93f2895,raw match
Zui/Scripts/Runtime/ZuiSwatchRef.cs,ec085319c7d1ad3126fd9f18510f9098b78eddb41a951227b906b6bac11cfa0f,ec085319c7d1ad3126fd9f18510f9098b78eddb41a951227b906b6bac11cfa0f,ec085319c7d1ad3126fd9f18510f9098b78eddb41a951227b906b6bac11cfa0f,ec085319c7d1ad3126fd9f18510f9098b78eddb41a951227b906b6bac11cfa0f,raw match
Zui/Toolkit/Zui.cs,12cdba8b74ba33eb7cabd057791833b2baa3b8155a50f3cc7fd575886b97c7e0,26220b1065cca8ee690d87b32366b58c4ba0f79ec4f9a17aafb3c0b2b77bdf8b,12cdba8b74ba33eb7cabd057791833b2baa3b8155a50f3cc7fd575886b97c7e0,b68b1793c48df7cb4cffa882c6381e58f9883cf6b97d8d7252c7ab2dd6cbde8c,content difference
Zui/Toolkit/ZuiAnchorGrid.cs,110046dbab09dbb0862b6ccd259a7694a8082cd545df5374488d254ff6211c51,110046dbab09dbb0862b6ccd259a7694a8082cd545df5374488d254ff6211c51,110046dbab09dbb0862b6ccd259a7694a8082cd545df5374488d254ff6211c51,110046dbab09dbb0862b6ccd259a7694a8082cd545df5374488d254ff6211c51,raw match
Zui/Toolkit/ZuiAssetHook.cs,b5623004e30915334220af6ac2a289229683ea2f799f5f47daf58841ff875a3d,b5623004e30915334220af6ac2a289229683ea2f799f5f47daf58841ff875a3d,b5623004e30915334220af6ac2a289229683ea2f799f5f47daf58841ff875a3d,b5623004e30915334220af6ac2a289229683ea2f799f5f47daf58841ff875a3d,raw match
Zui/Toolkit/ZuiAudit.cs,bb405b203469bfa4dae517755b80903a5429fc24df3b8a7adb05def37476b782,67d27f4a9d7c469ca6a81b99627fc25b67cba02ad3be9cb0385f4282fc86a901,bb405b203469bfa4dae517755b80903a5429fc24df3b8a7adb05def37476b782,bb405b203469bfa4dae517755b80903a5429fc24df3b8a7adb05def37476b782,EOL-only difference
Zui/Toolkit/ZuiBox.cs,7ffb0008a35d38199cb2a28b8c1df4e61bf4775ca9192ab16cb4a4b446b40c03,e18c556e7a68f741ac878f9a1a3ba67b783c54fa0beb22a8e9643f9a18899c72,7ffb0008a35d38199cb2a28b8c1df4e61bf4775ca9192ab16cb4a4b446b40c03,7ffb0008a35d38199cb2a28b8c1df4e61bf4775ca9192ab16cb4a4b446b40c03,EOL-only difference
Zui/Toolkit/ZuiBreadcrumb.cs,c7f6247da4f79028592cce50567eb20a16141c236da9638ba614bb9c98795ceb,c7f6247da4f79028592cce50567eb20a16141c236da9638ba614bb9c98795ceb,c7f6247da4f79028592cce50567eb20a16141c236da9638ba614bb9c98795ceb,c7f6247da4f79028592cce50567eb20a16141c236da9638ba614bb9c98795ceb,raw match
Zui/Toolkit/ZuiChip.cs,e516139a4ddb30c0a851fa7cc181baf0d9ecd5d4a88a0102deb8998e8c0c70f6,e516139a4ddb30c0a851fa7cc181baf0d9ecd5d4a88a0102deb8998e8c0c70f6,e516139a4ddb30c0a851fa7cc181baf0d9ecd5d4a88a0102deb8998e8c0c70f6,e516139a4ddb30c0a851fa7cc181baf0d9ecd5d4a88a0102deb8998e8c0c70f6,raw match
Zui/Toolkit/ZuiColumnFlow.cs,e346f444cf905c35e14800f53e1d177c908ab63be9cf473676c6c72e7fbaeb11,715f690d7e299baf789cac0c555f39141c7785eaf347df97fbf6ba5192f26556,e346f444cf905c35e14800f53e1d177c908ab63be9cf473676c6c72e7fbaeb11,e346f444cf905c35e14800f53e1d177c908ab63be9cf473676c6c72e7fbaeb11,EOL-only difference
Zui/Toolkit/ZuiCorners.cs,26b4f30d4eade992aa6049e086b6b8873025cb6248c2b01c443804ddd0de6411,26b4f30d4eade992aa6049e086b6b8873025cb6248c2b01c443804ddd0de6411,26b4f30d4eade992aa6049e086b6b8873025cb6248c2b01c443804ddd0de6411,26b4f30d4eade992aa6049e086b6b8873025cb6248c2b01c443804ddd0de6411,raw match
Zui/Toolkit/ZuiDirection3D.cs,e9ac3fb2fb3f661adb866643189e24b83a8b4f8cee88b976d1cfa0f4f5bd401a,b6f7da64eadbef5c5f4ebb130f1b7c1c05d2306591b81ba15fe85760bf207c29,e9ac3fb2fb3f661adb866643189e24b83a8b4f8cee88b976d1cfa0f4f5bd401a,e9ac3fb2fb3f661adb866643189e24b83a8b4f8cee88b976d1cfa0f4f5bd401a,EOL-only difference
Zui/Toolkit/ZuiEnvelope.cs,ec53f2b26f42691cad7d2da64af285280ca2797b2ccd44510d93a32452bae8f7,ec53f2b26f42691cad7d2da64af285280ca2797b2ccd44510d93a32452bae8f7,ec53f2b26f42691cad7d2da64af285280ca2797b2ccd44510d93a32452bae8f7,ec53f2b26f42691cad7d2da64af285280ca2797b2ccd44510d93a32452bae8f7,raw match
Zui/Toolkit/ZuiEnvelopeGenerators.cs,158b2fff057d3b317a33585e50c788e053732ea7e7054ccb6d9698510fcf4719,158b2fff057d3b317a33585e50c788e053732ea7e7054ccb6d9698510fcf4719,158b2fff057d3b317a33585e50c788e053732ea7e7054ccb6d9698510fcf4719,158b2fff057d3b317a33585e50c788e053732ea7e7054ccb6d9698510fcf4719,raw match
Zui/Toolkit/ZuiFillControl.cs,cc795f114656ec56ad2869961e81ad83babe6fdffe1b43890b64bdeee8633858,95914dcbbd67b834c7ae11f7ba5062972a64c1aae11eeecbbfae572ca3f45be0,cc795f114656ec56ad2869961e81ad83babe6fdffe1b43890b64bdeee8633858,cc795f114656ec56ad2869961e81ad83babe6fdffe1b43890b64bdeee8633858,EOL-only difference
Zui/Toolkit/ZuiFoldCard.cs,618a8081799f9af9f67778c158384d6e2467fceaa57ea6ddef12e3ff598b8952,486f6114c2bb29552d10cf7f785f5f2e550277796a99a0b579cdfa8c07a1b7c3,618a8081799f9af9f67778c158384d6e2467fceaa57ea6ddef12e3ff598b8952,618a8081799f9af9f67778c158384d6e2467fceaa57ea6ddef12e3ff598b8952,EOL-only difference
Zui/Toolkit/ZuiFrame.cs,638153f8116d332c94b703cdfdb71723c7b8238f56818d4a7a2687f28984f250,638153f8116d332c94b703cdfdb71723c7b8238f56818d4a7a2687f28984f250,638153f8116d332c94b703cdfdb71723c7b8238f56818d4a7a2687f28984f250,638153f8116d332c94b703cdfdb71723c7b8238f56818d4a7a2687f28984f250,raw match
Zui/Toolkit/ZuiGallery.cs,587c2d5fb8bf0dfa3eba6bdd0ec0b704da38cc366d5f804fc80ca89dd37670a1,3bcc1c7cc68df71efeac56f7b8ccadebc94c50e43d865bd918d32f2cc69fc60a,587c2d5fb8bf0dfa3eba6bdd0ec0b704da38cc366d5f804fc80ca89dd37670a1,587c2d5fb8bf0dfa3eba6bdd0ec0b704da38cc366d5f804fc80ca89dd37670a1,EOL-only difference
Zui/Toolkit/ZuiGradientControl.cs,a267227be5de6948cde6cbae9a741cdd52a74acdf8ca456eba3cdc7278e4e2ed,685b170b0ef5bed410f525a6d277dc5f6b8d28e9a10f4927a73dec9d8d1f87c4,a267227be5de6948cde6cbae9a741cdd52a74acdf8ca456eba3cdc7278e4e2ed,a267227be5de6948cde6cbae9a741cdd52a74acdf8ca456eba3cdc7278e4e2ed,EOL-only difference
Zui/Toolkit/ZuiGradientEditor.cs,d016976dd656e2d87c253a835671a73365a3369d380d12000173349606d4783c,6328a0a3e7ec104b3a42931d827948ece307f5aefb4cc48509cbb61b81119b15,d016976dd656e2d87c253a835671a73365a3369d380d12000173349606d4783c,d016976dd656e2d87c253a835671a73365a3369d380d12000173349606d4783c,EOL-only difference
Zui/Toolkit/ZuiGradientPresetPopup.cs,ad3061389c067e643020148fb798026a6d017c9df6632176d3cd1b50d30837c7,dedec12478274e1e00d399bab75bf0b210b20d49e7f8137a09ba2b11746092a6,ad3061389c067e643020148fb798026a6d017c9df6632176d3cd1b50d30837c7,ad3061389c067e643020148fb798026a6d017c9df6632176d3cd1b50d30837c7,EOL-only difference
Zui/Toolkit/ZuiLabelAlign.cs,72df819be3505f532a8959cf734cb1808b2513e33d83905475fe404d43d15aa4,5e01b898fd2d4e41c81bdfb44d3da46287bf644d11896c706c8f9e996924169f,72df819be3505f532a8959cf734cb1808b2513e33d83905475fe404d43d15aa4,72df819be3505f532a8959cf734cb1808b2513e33d83905475fe404d43d15aa4,EOL-only difference
Zui/Toolkit/ZuiLanes.cs,74ee1eefb8d048d6a4d9407efa169362d9b6e8210429852096b96a8da9c626ea,23509f3e37910edef2262655f75d2d231d6ed001785e4453b1bb2f419d29055c,74ee1eefb8d048d6a4d9407efa169362d9b6e8210429852096b96a8da9c626ea,74ee1eefb8d048d6a4d9407efa169362d9b6e8210429852096b96a8da9c626ea,EOL-only difference
Zui/Toolkit/ZuiLiveOverlay.cs,b913ab8fea284feffd8b48c61e56c90943a67346fb39fb2384335c7d294adb84,1d28be3ca067a233b5332d486817b96c75ef56a079183eaeab4ec4ed3641ec10,b913ab8fea284feffd8b48c61e56c90943a67346fb39fb2384335c7d294adb84,b913ab8fea284feffd8b48c61e56c90943a67346fb39fb2384335c7d294adb84,EOL-only difference
Zui/Toolkit/ZuiManagedRef.cs,a6ef890559817c26d32a3da8ca81b915041d3c8d2e5c6a21a5ee38187c29eabb,9ec92f4f8b5696592be36d27272fdd8536e36141f5a2b02cf33f036d592ce6cd,a6ef890559817c26d32a3da8ca81b915041d3c8d2e5c6a21a5ee38187c29eabb,a6ef890559817c26d32a3da8ca81b915041d3c8d2e5c6a21a5ee38187c29eabb,EOL-only difference
Zui/Toolkit/ZuiMenu.cs,25d86ffd867858dc84e90bf4193b8bf1fce38e92078d3450debc320c88e74864,db5b0982866396a31b3c8f8fbe97ba3a5fe1fb17dff7c549897bd1bf0ff86f3c,25d86ffd867858dc84e90bf4193b8bf1fce38e92078d3450debc320c88e74864,25d86ffd867858dc84e90bf4193b8bf1fce38e92078d3450debc320c88e74864,EOL-only difference
Zui/Toolkit/ZuiMicroMinMax.cs,51ec4ffa3a54d0f0e491723d55a5763f386b6481e2e5a74537c4f1de2738fffa,33692383dc34c43283755ccc7b061d05469ae4a121119ea0b31fdcefdae2e6fc,51ec4ffa3a54d0f0e491723d55a5763f386b6481e2e5a74537c4f1de2738fffa,33692383dc34c43283755ccc7b061d05469ae4a121119ea0b31fdcefdae2e6fc,content difference
Zui/Toolkit/ZuiMicroSlider.cs,6755a268716167c058a56ba85046e220d207e1dde430dd13ba116072586d9fe2,e22a4efc229044d17fa9d4d4ee6a13f8b3dc897d38f4c182ffbb1701a1ee3241,6755a268716167c058a56ba85046e220d207e1dde430dd13ba116072586d9fe2,e22a4efc229044d17fa9d4d4ee6a13f8b3dc897d38f4c182ffbb1701a1ee3241,content difference
Zui/Toolkit/ZuiPad.cs,2de2e77722a65ba31321fbf28f18c854bc7e1ef7fa06081548f91b7c0a6ac30b,2de2e77722a65ba31321fbf28f18c854bc7e1ef7fa06081548f91b7c0a6ac30b,2de2e77722a65ba31321fbf28f18c854bc7e1ef7fa06081548f91b7c0a6ac30b,2de2e77722a65ba31321fbf28f18c854bc7e1ef7fa06081548f91b7c0a6ac30b,raw match
Zui/Toolkit/ZuiPixel.cs,b6829b660874bfc23fcfe74b4ec3cc0ff1a42c4db2e5aec81764c08f8685546f,6b66c977fca8fc915013ccd3ba115d380e82df1b285ef8c4015cf8897f085b8f,b6829b660874bfc23fcfe74b4ec3cc0ff1a42c4db2e5aec81764c08f8685546f,b6829b660874bfc23fcfe74b4ec3cc0ff1a42c4db2e5aec81764c08f8685546f,EOL-only difference
Zui/Toolkit/ZuiPopover.cs,06a80ca24d7726f45bf14c6583f0d4c04ddbcd58db44d6a133346801e24f570f,b96bbcd1bdcee92696c1e9ddae141c6cd8c01fef3f3dd6dd15ce56e5f7ee5ebb,06a80ca24d7726f45bf14c6583f0d4c04ddbcd58db44d6a133346801e24f570f,06a80ca24d7726f45bf14c6583f0d4c04ddbcd58db44d6a133346801e24f570f,EOL-only difference
Zui/Toolkit/ZuiRampControl.cs,2065372a5fa782002dab9c5dfb06f371f0f79e30e313719fdad3105cb60654bd,8e224fa40096864db7911e40e297fc9c49ba32e2c724daa2f4c498a5a2936e58,2065372a5fa782002dab9c5dfb06f371f0f79e30e313719fdad3105cb60654bd,2065372a5fa782002dab9c5dfb06f371f0f79e30e313719fdad3105cb60654bd,EOL-only difference
Zui/Toolkit/ZuiRampGradientBridge.cs,815a0cd886ef1776ce440e0de35eb09f34a02298a8955547c917567c4e0a970e,4b20d9a4b448dc2f2da93eb104a6dc1864cd4b2a51f7aea94c7409d0e88a9d22,815a0cd886ef1776ce440e0de35eb09f34a02298a8955547c917567c4e0a970e,815a0cd886ef1776ce440e0de35eb09f34a02298a8955547c917567c4e0a970e,EOL-only difference
Zui/Toolkit/ZuiRectCanvas.cs,f6e5c202e4f9bd0f52c5ad5926997aa450fbfe202eea7c2980e4d94d546b6cac,f6e5c202e4f9bd0f52c5ad5926997aa450fbfe202eea7c2980e4d94d546b6cac,f6e5c202e4f9bd0f52c5ad5926997aa450fbfe202eea7c2980e4d94d546b6cac,f6e5c202e4f9bd0f52c5ad5926997aa450fbfe202eea7c2980e4d94d546b6cac,raw match
Zui/Toolkit/ZuiReflect.cs,abbd7225b637847c23a32d02c04a2beba5b22026e8bddfee2755d8ede5386812,20ab1bb69163c5cde5e4da23481c55b8154b6a9b4a59c3e591b029516a468b67,abbd7225b637847c23a32d02c04a2beba5b22026e8bddfee2755d8ede5386812,abbd7225b637847c23a32d02c04a2beba5b22026e8bddfee2755d8ede5386812,EOL-only difference
Zui/Toolkit/ZuiReorder.cs,5a8fec0aa43026cb84ebe60a9ba3fb22d3b99c71d1360b3554bc14082041ea46,5a8fec0aa43026cb84ebe60a9ba3fb22d3b99c71d1360b3554bc14082041ea46,5a8fec0aa43026cb84ebe60a9ba3fb22d3b99c71d1360b3554bc14082041ea46,5a8fec0aa43026cb84ebe60a9ba3fb22d3b99c71d1360b3554bc14082041ea46,raw match
Zui/Toolkit/ZuiScrub.cs,da7147d1d176777ded93a0b2ebabaaaf1243b959fe8f99c93d383f2c26bc1f13,b3ff65c59c3ccd2a8db3c363a30b9d0cc2e046c83f552257e9a4795d243e12ee,da7147d1d176777ded93a0b2ebabaaaf1243b959fe8f99c93d383f2c26bc1f13,da7147d1d176777ded93a0b2ebabaaaf1243b959fe8f99c93d383f2c26bc1f13,EOL-only difference
Zui/Toolkit/ZuiSection.cs,5b384dda6f40a1d478ed20bcf6b4781f8b24a1d90b59f44d7b2a5a0878546a64,8a3a0d974b52022172b30febc8d84f00fb2200448fc739ebcd5fa064c3f98273,5b384dda6f40a1d478ed20bcf6b4781f8b24a1d90b59f44d7b2a5a0878546a64,5b384dda6f40a1d478ed20bcf6b4781f8b24a1d90b59f44d7b2a5a0878546a64,EOL-only difference
Zui/Toolkit/ZuiSectionLabel.cs,36b3456110000d96b444cc3ac3b6664c15afcfe62b99df39b1ffde07194bea7b,36b3456110000d96b444cc3ac3b6664c15afcfe62b99df39b1ffde07194bea7b,36b3456110000d96b444cc3ac3b6664c15afcfe62b99df39b1ffde07194bea7b,36b3456110000d96b444cc3ac3b6664c15afcfe62b99df39b1ffde07194bea7b,raw match
Zui/Toolkit/ZuiSectionToggleBar.cs,ec2487e1f07f15aadb6cf6959a8629ad7e59c3f91f003eae26fa28000abbb7d5,edf2fbd3c4c37d287989376f5c391178a20ff9aa741e40056c93910fa6b3ad37,ec2487e1f07f15aadb6cf6959a8629ad7e59c3f91f003eae26fa28000abbb7d5,ec2487e1f07f15aadb6cf6959a8629ad7e59c3f91f003eae26fa28000abbb7d5,EOL-only difference
Zui/Toolkit/ZuiSegmented.cs,494dc676128462f924f5ecb9a88de055f25a45c3161d0e66223034c78e7835f4,494dc676128462f924f5ecb9a88de055f25a45c3161d0e66223034c78e7835f4,494dc676128462f924f5ecb9a88de055f25a45c3161d0e66223034c78e7835f4,494dc676128462f924f5ecb9a88de055f25a45c3161d0e66223034c78e7835f4,raw match
Zui/Toolkit/ZuiSerialized.cs,09a847c9b92d50c82a6003996138c0ee7f628937d3791fdc2f3713f7c10fe2d1,0eaa26be3322ab2fbaf5cce66b8c09f9789b541779486707a37b1d78a83b2bf1,09a847c9b92d50c82a6003996138c0ee7f628937d3791fdc2f3713f7c10fe2d1,09a847c9b92d50c82a6003996138c0ee7f628937d3791fdc2f3713f7c10fe2d1,EOL-only difference
Zui/Toolkit/ZuiShapeBrowser.cs,3034de3e99644bf9c173964be43b14db175e90fca7a0945591bd2fab648c90b2,3034de3e99644bf9c173964be43b14db175e90fca7a0945591bd2fab648c90b2,3034de3e99644bf9c173964be43b14db175e90fca7a0945591bd2fab648c90b2,3034de3e99644bf9c173964be43b14db175e90fca7a0945591bd2fab648c90b2,raw match
Zui/Toolkit/ZuiSkinBandSliders.cs,8b7d29986a4af2d0c551cdf8dd6ca66f1891691d7ea0727a1c583412b8059ca3,6d1ea07a9a976c805c7490622b05345b23939e99b6e03a73702f446ba53c1a70,8b7d29986a4af2d0c551cdf8dd6ca66f1891691d7ea0727a1c583412b8059ca3,6d1ea07a9a976c805c7490622b05345b23939e99b6e03a73702f446ba53c1a70,content difference
Zui/Toolkit/ZuiSkinEnvelope.cs,234ec5a8edc61ed208b7f0d34eaec7a619df954ddbccb3f5fcc4f4fbe0ec3955,bf92e9790f767e8ddd5070741dfd0e58a98c99ad17f7f79b57810bbded214a9d,234ec5a8edc61ed208b7f0d34eaec7a619df954ddbccb3f5fcc4f4fbe0ec3955,d5b566ce7647e28db278bec78f7475576f4dfdd9facad0494ab2a7448b8f0cad,content difference
Zui/Toolkit/ZuiSkinMinMax.cs,e2338029069793649d31abfb18292e6504ec826415a80b851c8cbdf8668abe0c,2c69fc9b2fb6cfe8a51a2f1fadc450e143a6184fb3f509dfd775e21599f14feb,e2338029069793649d31abfb18292e6504ec826415a80b851c8cbdf8668abe0c,2c69fc9b2fb6cfe8a51a2f1fadc450e143a6184fb3f509dfd775e21599f14feb,content difference
Zui/Toolkit/ZuiSkinRangeSlider.cs,8d32ef833e96dc475bbd049447775a6747a332f5b18dec2594d54dfe60424062,e7ccbe08e5ff6ec67226c74f9be4867fdcf295a5c2f2473735f3558e78ce40da,8d32ef833e96dc475bbd049447775a6747a332f5b18dec2594d54dfe60424062,e7ccbe08e5ff6ec67226c74f9be4867fdcf295a5c2f2473735f3558e78ce40da,content difference
Zui/Toolkit/ZuiSkinSlider.cs,6dc8667d69681e638faaeb03d039f209518416dae559a18e01694004654cd6a4,03a90c5857431041fa561168f3f63795473eea73027abc2a32426bc0298d0a07,6dc8667d69681e638faaeb03d039f209518416dae559a18e01694004654cd6a4,03a90c5857431041fa561168f3f63795473eea73027abc2a32426bc0298d0a07,content difference
Zui/Toolkit/ZuiSkinThumbSlider.cs,9059ca29603cec19e4bd03b1bc73ca9c78ebb1df5cadafe5c456696a4eca7b6d,9059ca29603cec19e4bd03b1bc73ca9c78ebb1df5cadafe5c456696a4eca7b6d,9059ca29603cec19e4bd03b1bc73ca9c78ebb1df5cadafe5c456696a4eca7b6d,9059ca29603cec19e4bd03b1bc73ca9c78ebb1df5cadafe5c456696a4eca7b6d,raw match
Zui/Toolkit/ZuiSkinTrackLabel.cs,da6122e4c95bf5fc31eaf1375d0c8f9dc056763cfabc7625a9ba440b36cfabb8,07afeaf81956d37f639fb19c6e7e9776574be2ae290964d234a93d947dcbe4a7,da6122e4c95bf5fc31eaf1375d0c8f9dc056763cfabc7625a9ba440b36cfabb8,da6122e4c95bf5fc31eaf1375d0c8f9dc056763cfabc7625a9ba440b36cfabb8,EOL-only difference
Zui/Toolkit/ZuiStepSequencer.cs,ae6fa8e4bf780f0e2fee5668e1a0126abc4aa70f2342c3531711ce2a88182bd5,ae6fa8e4bf780f0e2fee5668e1a0126abc4aa70f2342c3531711ce2a88182bd5,ae6fa8e4bf780f0e2fee5668e1a0126abc4aa70f2342c3531711ce2a88182bd5,ae6fa8e4bf780f0e2fee5668e1a0126abc4aa70f2342c3531711ce2a88182bd5,raw match
Zui/Toolkit/ZuiSwatchControl.cs,17a421a42e3327e4ff6155f6fcc5b087d5d3c1d86148f88f86d00444c101cd6b,17a421a42e3327e4ff6155f6fcc5b087d5d3c1d86148f88f86d00444c101cd6b,17a421a42e3327e4ff6155f6fcc5b087d5d3c1d86148f88f86d00444c101cd6b,17a421a42e3327e4ff6155f6fcc5b087d5d3c1d86148f88f86d00444c101cd6b,raw match
Zui/Toolkit/ZuiThumbGrid.cs,48b03aad4ace8f2b4a610d1dae52adeefa7180caa1fcca445dd9b7b212b4241e,3917214749ae6b6b4510548c14b2e09d7c88b6fc45a7e82fc1853534ff2f3f91,48b03aad4ace8f2b4a610d1dae52adeefa7180caa1fcca445dd9b7b212b4241e,48b03aad4ace8f2b4a610d1dae52adeefa7180caa1fcca445dd9b7b212b4241e,EOL-only difference
Zui/Toolkit/ZuiTimeline.cs,00f7a395c178e7853739947ece7482625859af4056ac97511da31be29affc02c,00f7a395c178e7853739947ece7482625859af4056ac97511da31be29affc02c,00f7a395c178e7853739947ece7482625859af4056ac97511da31be29affc02c,00f7a395c178e7853739947ece7482625859af4056ac97511da31be29affc02c,raw match
Zui/Toolkit/ZuiToggleButton.cs,8274c151a8884b8db866e2c50a854fb052de33b8d1c8a2ec6eb9bc36b9e17318,ae59b0596b2dfdd29f46ef7615e08372929569460fbc136ce17f3c2abbebad5a,8274c151a8884b8db866e2c50a854fb052de33b8d1c8a2ec6eb9bc36b9e17318,ae59b0596b2dfdd29f46ef7615e08372929569460fbc136ce17f3c2abbebad5a,content difference
Zui/Toolkit/ZuiToolStateProvider.cs,094995c55a153733abc89170d0da3d449f405ddff49a29d0c6f53089462ce2b4,14434e26d5696d6e9391c62b3e8259b4909df215c5e575317a138c2458f3b6d0,094995c55a153733abc89170d0da3d449f405ddff49a29d0c6f53089462ce2b4,094995c55a153733abc89170d0da3d449f405ddff49a29d0c6f53089462ce2b4,EOL-only difference
Zui/Toolkit/ZuiToolStateStore.cs,98e7a161b1518ef05815bb87bfb48d1745fb07c5dcaeb116113123a1f5e33892,6e67a273b205d7f406b60395a7299e38c52e773560870bde391bc5f2932bdb78,98e7a161b1518ef05815bb87bfb48d1745fb07c5dcaeb116113123a1f5e33892,98e7a161b1518ef05815bb87bfb48d1745fb07c5dcaeb116113123a1f5e33892,EOL-only difference
Zui/Toolkit/ZuiToolkit.uss,9479eb11583df46baeb0f4f39d961e444713c426e2ae2bc62963913fe6b6b761,d276788270eb0cfe57d95218fe3df99e6eb7a9682e9dbba630b28e2203ff093a,9479eb11583df46baeb0f4f39d961e444713c426e2ae2bc62963913fe6b6b761,9479eb11583df46baeb0f4f39d961e444713c426e2ae2bc62963913fe6b6b761,EOL-only difference
Zui/Toolkit/ZuiUndoGesture.cs,b3bff8da14a9116a2c6fc0bbbf4aa9b6c6b7a74f595e43784b6ee3e3baaf1c27,b3bff8da14a9116a2c6fc0bbbf4aa9b6c6b7a74f595e43784b6ee3e3baaf1c27,b3bff8da14a9116a2c6fc0bbbf4aa9b6c6b7a74f595e43784b6ee3e3baaf1c27,b3bff8da14a9116a2c6fc0bbbf4aa9b6c6b7a74f595e43784b6ee3e3baaf1c27,raw match
Zui/Toolkit/ZuiValue2DControl.cs,c0eccd0bac8e038d190513d6037642c601541a41353f976218e73a70e1dcdaee,f9b2824a904f3e2f61536b7e67548721b8e5938b127b05d84b8784deee0c4a1c,c0eccd0bac8e038d190513d6037642c601541a41353f976218e73a70e1dcdaee,c0eccd0bac8e038d190513d6037642c601541a41353f976218e73a70e1dcdaee,EOL-only difference
Zui/Toolkit/ZuiValueControl.cs,03fb290bb07bd56b1adbb9a302f956a2eb7491076bf7ff27feb7b50018e9f4e5,019e6db053950a1d503f282cbe0ba20fc4890cbbe91f537894b5827ae56e423c,03fb290bb07bd56b1adbb9a302f956a2eb7491076bf7ff27feb7b50018e9f4e5,03fb290bb07bd56b1adbb9a302f956a2eb7491076bf7ff27feb7b50018e9f4e5,EOL-only difference
Zui/Toolkit/ZuiVectorDial.cs,ba9d32672453dc68b8c0885164c8fe4445f4fd62c0d951adc1a456334f821697,ba9d32672453dc68b8c0885164c8fe4445f4fd62c0d951adc1a456334f821697,ba9d32672453dc68b8c0885164c8fe4445f4fd62c0d951adc1a456334f821697,ba9d32672453dc68b8c0885164c8fe4445f4fd62c0d951adc1a456334f821697,raw match
Zui/Toolkit/ZuiVectorEditor.cs,846bc4e53523995a973f1c82cfac6ae73ff96706bd3f56019b2f939e55a358bd,846bc4e53523995a973f1c82cfac6ae73ff96706bd3f56019b2f939e55a358bd,846bc4e53523995a973f1c82cfac6ae73ff96706bd3f56019b2f939e55a358bd,846bc4e53523995a973f1c82cfac6ae73ff96706bd3f56019b2f939e55a358bd,raw match
Zui/Toolkit/ZuiVectorMarker.cs,616cb97aedbf65658ba933f4945b61331a37d23f454e668142d719a9fc37101e,616cb97aedbf65658ba933f4945b61331a37d23f454e668142d719a9fc37101e,616cb97aedbf65658ba933f4945b61331a37d23f454e668142d719a9fc37101e,616cb97aedbf65658ba933f4945b61331a37d23f454e668142d719a9fc37101e,raw match
Zui/Toolkit/ZuiViewBar.cs,2b9fba533cb54a9fa10ee162e0e90ce414e53cbd1e4a8252b529af723d5bf070,2b9fba533cb54a9fa10ee162e0e90ce414e53cbd1e4a8252b529af723d5bf070,2b9fba533cb54a9fa10ee162e0e90ce414e53cbd1e4a8252b529af723d5bf070,2b9fba533cb54a9fa10ee162e0e90ce414e53cbd1e4a8252b529af723d5bf070,raw match
Zui/Toolkit/ZuiViewStore.cs,8ba8726ec3315102cdd3ef19452d31e7a1182c91ad90550850c49e832422ea43,8ba8726ec3315102cdd3ef19452d31e7a1182c91ad90550850c49e832422ea43,8ba8726ec3315102cdd3ef19452d31e7a1182c91ad90550850c49e832422ea43,8ba8726ec3315102cdd3ef19452d31e7a1182c91ad90550850c49e832422ea43,raw match
Zui/Toolkit/ZuiWindow.cs,5e4ccf3f58f9825e16f8a5b0d713ac4198c5e8a18a8ba9663e44a97c6d891352,5e4ccf3f58f9825e16f8a5b0d713ac4198c5e8a18a8ba9663e44a97c6d891352,5e4ccf3f58f9825e16f8a5b0d713ac4198c5e8a18a8ba9663e44a97c6d891352,5e4ccf3f58f9825e16f8a5b0d713ac4198c5e8a18a8ba9663e44a97c6d891352,raw match
Zui/Toolkit/com.Lautaro-Arino.Laubrary.Zui.Editor.asmdef,a51ec6c1718ea910f5fd0711096711588750fa8f6bf4e43af74cb88730954468,33ec05bde60a746e3a1ac29cac3a3933fbecb718b163f68d93b42eba3d3ce727,a51ec6c1718ea910f5fd0711096711588750fa8f6bf4e43af74cb88730954468,a51ec6c1718ea910f5fd0711096711588750fa8f6bf4e43af74cb88730954468,EOL-only difference
