path,sha256,bytes,side,family,renderer_screening,style_assignment_candidates,class_assignment_candidates
Editor/AssetKit/AssetFolders.cs,242f5dd540570730fb04eb3d6486c5178a2a87ae2e6284c93eca01c7a7cd9181,1063,Editor,AssetKit,unknown / no renderer evidence,0,0
Editor/AssetKit/AssetKit.Editor.asmdef,bafbb0f6f92d1e2b8fb8d33c6eb5bf61e36a45a91c881333476e75e784658cef,641,Editor,AssetKit,unknown / no renderer evidence,0,0
Editor/AssetKit/AssetLibrary.cs,0da7e8c3cc45be1388eedadcf6dc78a118ecf2defc96ce429fb1397593d74e69,5107,Editor,AssetKit,unknown / no renderer evidence,0,0
Editor/AssetKit/AssetLibraryUntyped.cs,b1edab5d54e761498fd393a7564d290ac6cbde962d03f073718796ba592f038f,2394,Editor,AssetKit,unknown / no renderer evidence,0,0
Editor/AssetKit/LauAssetBrowser.cs,770c713748386af312cf3982a2017c99e180481c97440bb259472bc3bd63e77d,18710,Editor,AssetKit,ZUI / IMGUI,0,0
Editor/AssetKit/LauAssetEditors.cs,4ad733286091b12bffb2a5e429391a896618251464a33af3a17c6b9c99787edf,3492,Editor,AssetKit,unknown / no renderer evidence,0,0
Editor/AssetKit/LauAssetElement.cs,7baa81af86c0f2155a3da1ebabd7a5b83f17037b61320e660956ad29961931e1,13447,Editor,AssetKit,mixed UI Toolkit + IMGUI,0,3
Editor/AssetKit/LauAssetGridGUI.cs,39dbf279e9e5a3465b2187fa746193d9aec829494feedffaa34f76e517441a84,11525,Editor,AssetKit,ZUI / IMGUI,0,0
Editor/AssetKit/LauAssetHook.cs,a7bd307b2c67b792c1c131a768ca8a58e6b2a093f74cce30996f41e2dc83a57d,3687,Editor,AssetKit,mixed UI Toolkit + IMGUI,0,0
Editor/AssetKit/LaubraryAssetWindow.cs,dac1ebf63a40a64f69ad10a3ead51f76b77309bb4ac05a5977bb6d58d8c18171,17723,Editor,AssetKit,ZUI / IMGUI,0,0
Editor/AssetKit/LauPrivateAsset.cs,fd4d349062cebbdfa79a75a1262e7463f97b3995ee9be9dd925a2a699f8a151c,17101,Editor,AssetKit,unknown / no renderer evidence,0,0
Editor/AssetKit/LauTagField.cs,c74b8886d78531f2e428c0e94355e9b57f26ae8f52407cc3b6c562392bf9cc06,1791,Editor,AssetKit,IMGUI,0,0
Editor/AssetKit/LauTagFilter.cs,d41f7518af25c7281e107000a833301dea5053c460061596ac15b290f3b79b6c,1973,Editor,AssetKit,unknown / no renderer evidence,0,0
Editor/AssetKit/LauTagLibrary.cs,65974775428d5b877a29b2e60fe388002a390c38fc79503794d404000bd4a282,3032,Editor,AssetKit,unknown / no renderer evidence,0,0
Editor/AssetKit/LauTagLibraryProvider.cs,d1b7102cce12a519b4617fc7bb0cd227ef728f54acb5f49ea3e00d414d110b01,1339,Editor,AssetKit,unknown / no renderer evidence,0,0
Editor/AssetKit/LauTagPicker.cs,234d801141a1fe1a332139cebc9338da1cb81d3db6343a4001dc7328a46485b5,12617,Editor,AssetKit,IMGUI,0,0
Editor/AssetKit/PreviewSpritePrefs.cs,b47c7dba06ef5cae501b7c110eb6b7a2d36ea27e22af290c897f56f59327ac34,3476,Editor,AssetKit,unknown / no renderer evidence,0,0
Editor/AssetKit/SheetProvenance.cs,2026474fb9bd7348937710552431addd598900c4e944d58ba592d1a187f15b04,5985,Editor,AssetKit,unknown / no renderer evidence,0,0
Editor/AssetKit/ZuiAssetWindow.cs,d935962b914fede84e3b480373923172b723dee17667069b74132f72e0bd7ccf,32911,Editor,AssetKit,mixed UI Toolkit + IMGUI,17,4
Editor/BackSplash/BackSplashEditorLink.cs,2cff5f4901006b0399c5d568a59d109c22fe5ae1a50ab39e4e048e3e81cbc87b,739,Editor,BackSplash,IMGUI,0,0
Editor/BackSplash/BackSplashElement.cs,41e7ff93409f844504b4007a5725718426720f1b9731235d996f408d9c3dd356,5545,Editor,BackSplash,mixed UI Toolkit + IMGUI,12,0
Editor/BackSplash/BackSplashGUI.cs,942199c688987feaeed85cdb04bcb11b1e49317cc63f7cc3f6aae1e2df367da1,4479,Editor,BackSplash,unknown / no renderer evidence,0,0
Editor/BackSplash/BackSplashPainter.cs,c7914788804ab87e6e83d1d0787256682776a4a598308dabae71968876f6d8e5,3744,Editor,BackSplash,ZUI / IMGUI,0,0
Editor/BackSplash/BackSplashWindow.cs,686db4643c3ccb3e56fadad2ed9180e4a1b65ab3e184ffa06c5a1186caf2a677,10665,Editor,BackSplash,mixed UI Toolkit + IMGUI,6,0
Editor/BackSplash/BackSplashZui.cs,f87e6db07d34bce2ef73fa16121b91c717facf5987f8ff08091736e611befbf5,8006,Editor,BackSplash,mixed UI Toolkit + IMGUI,0,0
Editor/BackSplash/com.Lautaro-Arino.Laubrary.BackSplash.Editor.asmdef,83a0b1cbbe0d998bb4ab7f22e2de44c43643687ef7f787db9d04aae47ddc143c,653,Editor,BackSplash,unknown / no renderer evidence,0,0
Editor/Cabinets/CabinetEditor.cs,22947fa27cf77697d9c120d3398f4e7d023f7e7ced3470db3d6c87a51338969f,7780,Editor,Cabinets,UI Toolkit,1,0
Editor/Cabinets/com.Lautaro-Arino.Laubrary.Cabinets.Editor.asmdef,bdaebc45cf444da1e6d06fb4a69f4eb2d66d2e1aface4b0d062dd7521fbad573,614,Editor,Cabinets,unknown / no renderer evidence,0,0
Editor/Caching/AssetCacheInvalidationBridge.cs,516b0bd99f47aa6cc2f22cd2ecac55ed5aecb32e264830895363735ef2b1d367,1589,Editor,Caching,unknown / no renderer evidence,0,0
Editor/Caching/com.Lautaro-Arino.Laubrary.Caching.Editor.asmdef,69a99cc20a3d85cf884a7dc2a945ce719832209ecd743b423654a7b4dbade096,470,Editor,Caching,unknown / no renderer evidence,0,0
Editor/Cartographer/CartographerEditor.asmdef,b273b2fec01e64f4cfdedd9571c83c7b89976f9a0b278108c66462a41da8cfb0,742,Editor,Cartographer,unknown / no renderer evidence,0,0
Editor/Cartographer/CartographerWindow.cs,6c751b03739d5cfd89faa0b31574e0041409a4362c51eaca31dcdb3fe7cdd06f,46459,Editor,Cartographer,mixed UI Toolkit + IMGUI,46,1
Editor/Cartographer/CartographerWindow.SceneTools.cs,823b757b4cd83f444e86c93de5f28daec69f7d1911fff2dce5a3568bcea8c26e,25466,Editor,Cartographer,UI Toolkit,0,0
Editor/Cartographer/PropWindow.cs,0ec17312aa8cca5b94e62c36ba0a29e687cec83544f6700f7aaa9c03b3bd1f4e,29705,Editor,Cartographer,mixed UI Toolkit + IMGUI,42,0
Editor/Cartographer/PropWindow.Stamper.cs,66faf2bda4cdece058240d1d67a935b60538dc2d7075814ba67c7558526b9b54,26746,Editor,Cartographer,UI Toolkit,0,0
Editor/Cartographer/TilesetAtlas.cs,404db63d507c6c88f97492f490cc976d9b93254ee3d38360353ea9408d6e5a26,10541,Editor,Cartographer,unknown / no renderer evidence,0,0
Editor/Cartographer/TilesetBuilderWindow.cs,1b64928568b9c8591f04a9f09f66d2c8bff99343c295b729ba2289eba5a0b39f,141674,Editor,Cartographer,mixed UI Toolkit + IMGUI,122,0
Editor/Choreographer/ChoreographerEditor.asmdef,362eb2ffe55314ec74a18e88ecd84d9728a404095fe404ff857342f946e37308,591,Editor,Choreographer,unknown / no renderer evidence,0,0
Editor/Choreographer/ChoreographerEditorLink.cs,01d3240db6e3a2199e967bc86399f86c26dcbb58cd843ea395962cdb44c7161e,596,Editor,Choreographer,unknown / no renderer evidence,0,0
Editor/Choreographer/ChoreographerWindow.cs,a7599baf61ebe41dab640741e8400e8b89eb40f51e15e332ab9ef58103dfd844,55816,Editor,Choreographer,UI Toolkit,27,1
Editor/Chunks/ChunkAnimationEditors.cs,5685d38565823e4b67313da65b84deadb4427803d984afaf79252c29ef52ad8c,1314,Editor,Chunks,unknown / no renderer evidence,0,0
Editor/Chunks/ChunkCapabilityCopy.cs,5883a6384941b7aa73417d4ae739a7a64350493cfa1eb9936a95c9e3a45b0eed,1793,Editor,Chunks,unknown / no renderer evidence,0,0
Editor/Chunks/ChunkCardColors.cs,910fbe985ccc27ca4de0fa5cf7f6ac2bd0cb67b7a9dc7f12d39fd46c31bfc491,4345,Editor,Chunks,unknown / no renderer evidence,0,0
Editor/Chunks/ChunkFollowEmitterEditor.cs,5d5fb73813eeaf093299b26aada678b060c9aed0ace60293abf0cb54bda3d46c,19146,Editor,Chunks,UI Toolkit,7,0
Editor/Chunks/ChunkPreviewSim.cs,4003b97069a53ad35c96912c09fd0ad6c8cac28a9c07eb911ad7bbf1deb24120,90608,Editor,Chunks,unknown / no renderer evidence,0,0
Editor/Chunks/ChunkPyreBlastLength.cs,82d3eea9219242881685b9af3b2c0b5aad5967ba47e7f327932ab3207ee523a2,6394,Editor,Chunks,unknown / no renderer evidence,0,0
Editor/Chunks/ChunksEditor.asmdef,feec28a268c14e034dca8ef1f6ee2a999d396d935dc587d8525fffd79c18f87b,1029,Editor,Chunks,unknown / no renderer evidence,0,0
Editor/Chunks/ChunkSpecEditor.cs,57e3db0b811b694678bbe2f2b293a3dba4b4ebf1e72ca2bd862b45b18e5820a5,14145,Editor,Chunks,UI Toolkit,15,0
Editor/Chunks/ChunkSpecEditorLink.cs,02b8e0df8869d443a164c7a4a80fb899ee6f3afb77542798ef16099ec0e92790,710,Editor,Chunks,unknown / no renderer evidence,0,0
Editor/Chunks/ChunkSpecMigration.cs,1d888ced159d0e9716454c1fc271f249f6e595c6d7a00341f9004576135e4e08,3393,Editor,Chunks,unknown / no renderer evidence,0,0
Editor/Chunks/ChunkWindow.CardState.cs,b25cb8cbca4b63daccbad451dbb71ec04a34e2b856204466e3f7f07499c7045d,4043,Editor,Chunks,UI Toolkit,5,0
Editor/Chunks/ChunkWindow.cs,60df41d9b2773b73c63347c659ed9d8bb72e4eb0e1b42d10a705017be5e94a48,16552,Editor,Chunks,UI Toolkit,9,0
Editor/Chunks/ChunkWindow.CuesCard.cs,deccee074ee490b83284907fb5721f3c232a9f09a9e44c7294a30c34d4f25aa1,5737,Editor,Chunks,UI Toolkit,5,0
Editor/Chunks/ChunkWindow.DebrisScatterCard.cs,661a1755e156e3b85c619c7080371b91d776b094f5de5aef23564b303fa351ab,27731,Editor,Chunks,UI Toolkit,4,1
Editor/Chunks/ChunkWindow.FragmentFractureCard.cs,12bc5678ed0d4b998e0e9096f35e15e382240860b0545e0cf9d7c8621ab0cc44,8883,Editor,Chunks,UI Toolkit,0,0
Editor/Chunks/ChunkWindow.HitsCard.cs,ed88de68c12153564353fab588ad0efeed06d931176a4065aad5cc016d82d6e0,1394,Editor,Chunks,UI Toolkit,0,0
Editor/Chunks/ChunkWindow.LayerPlanCard.cs,832b2be3ed4a5e90d4338a7ada05a254f2ac436676f93eb0e6e2ae38487261d2,8354,Editor,Chunks,UI Toolkit,17,0
Editor/Chunks/ChunkWindow.PaletteSplashCard.cs,9e4769842bb789a965ed1f74b0f49adaef59f0bbbade676e82434daa37d5180f,23400,Editor,Chunks,UI Toolkit,0,0
Editor/Chunks/ChunkWindow.Preview.cs,d86dcdea3889dd0f52e50daa62c919f153b4ca14b863ad2f83be4848eb34b33a,49917,Editor,Chunks,mixed UI Toolkit + IMGUI,12,1
Editor/Chunks/ChunkWindow.PyreBlastCard.cs,f002cfb68ab4c4586effdc3e168d16eb0cffabc32b51aa68ae4aca1eae9ff38d,21150,Editor,Chunks,UI Toolkit,2,0
Editor/Chunks/ChunkWindow.Recipe.cs,d93d752e79e2096d474f922f217a0ad00d9b0092ed1875eed9b2d2b4ed4a4703,35964,Editor,Chunks,UI Toolkit,28,3
Editor/Chunks/ChunkWindow.Timing.cs,9f5c720e952b4e6060d8167b07767b9e5072754ea9ae7cff8221db7b0c29743d,6777,Editor,Chunks,UI Toolkit,0,0
Editor/Chunks/ChunkWindow.TrailCard.cs,4bd43644d10c949abd26e1769732a1102cca084bd40a74d21f227a2dd719f8c1,1541,Editor,Chunks,UI Toolkit,0,0
Editor/Chunks/ChunkWindow.TrajectoryCard.cs,76fa13c6ebab8127a61aaaa8e4a8f92a6292beb97eaf282d27958b40f69c44e5,7257,Editor,Chunks,UI Toolkit,0,0
Editor/Chunks/ChunkZoundPickerHook.cs,b397fa03e83a25c47f377e896e719764916c526c0fe8051c88159ce8cc25192a,1914,Editor,Chunks,unknown / no renderer evidence,0,0
Editor/ChunksZounds/ChunkZoundPickerLink.cs,641f4beed24b02eecfe9336c49d4cfaae93b1cb183cb5631c0d2fee8eec180c2,1047,Editor,ChunksZounds,unknown / no renderer evidence,0,0
Editor/ChunksZounds/com.Lautaro-Arino.Laubrary.Chunks.Zounds.Editor.asmdef,d65b7df8d3cf71ba1b56a3cfd515284dda91cb07dfbb91f2cd9e280c41419d55,680,Editor,ChunksZounds,unknown / no renderer evidence,0,0
Editor/Daemon/BrainGraphWindow.cs,c7b5f0fca610e701e65b42d4cd52de211bab9dddd1f18bdf545d75381fd6bdac,1217,Editor,Daemon,IMGUI,0,0
Editor/Daemon/Daemon.Editor.asmdef,fd681385e6be883b06c226ac5cd09867bf78c19c05dc5ca9cd19140a4666185d,580,Editor,Daemon,unknown / no renderer evidence,0,0
Editor/Dashboard/Dashboard.asmdef,dbdb2f25ab34610cd3f17eb5adbb0cd696ad32e6b761542de847b54f6057662d,518,Editor,Dashboard,unknown / no renderer evidence,0,0
Editor/Dashboard/DashboardEditorWindow.cs,8903d4fedc7e3f5bf9ceb7681ebec2fd542d9870cf85d5494e1cdf017d60590e,10520,Editor,Dashboard,IMGUI,0,0
Editor/Dashboard/TrackedField.cs,40524eadcdf63a7b7e4e1e632de3ed0efb6f0702a509281c41088f83f1ebb007,1277,Editor,Dashboard,unknown / no renderer evidence,0,0
Editor/Dashboard/WindowLog.cs,bdc1039b59068e71740570111562b05b39568107548eb59ce4869434c9654d01,200,Editor,Dashboard,unknown / no renderer evidence,0,0
Editor/DotGen/com.Lautaro-Arino.Laubrary.DotGen.Editor.asmdef,a0fc6a6dd83604a78589d3bfd1e5fdc165e251d4fba5addc737a83ed475aa206,724,Editor,DotGen,unknown / no renderer evidence,0,0
Editor/DotGen/DotGenCardsFill.cs,1e27697fe7e07780772167f65914e95de4c6170ce56bef5e0a80b6dd527abc3f,6190,Editor,DotGen,UI Toolkit,2,0
Editor/DotGen/DotGenClone.cs,78882c418242b73bba5c6b1959979939490bd04709ebc746fa962878fd58a3fe,4176,Editor,DotGen,unknown / no renderer evidence,0,0
Editor/DotGen/DotGenWindow.Cards.cs,13770d9ba749659677b96dd330d5463ace62f6cb83ee2cc7fa8893cef264c791,40312,Editor,DotGen,UI Toolkit,15,5
Editor/DotGen/DotGenWindow.cs,757627e30efee95737ba6b779470b96fbb282c7a648b80b43103ff23496e4cec,44433,Editor,DotGen,UI Toolkit,43,2
Editor/DotGen/DotGenWindow.Gizmos.cs,00e43fad6322a84f15dcfa260d4731862c4d5c7b476dcf05c0c836334b363a2d,28795,Editor,DotGen,IMGUI,0,0
Editor/DotGen/DotGenWindow.Preview.cs,6b4b1b419bda4de9487604db9decb6a7c336e4b95c3df28a9ffcf33ea97d5741,18201,Editor,DotGen,mixed UI Toolkit + IMGUI,31,1
Editor/GraphViewKit/GraphViewKit.Editor.asmdef,2c7cfa162bb85154b98ba7bbe453721be83cf5a86585617c998fd1879d548820,423,Editor,GraphViewKit,unknown / no renderer evidence,0,0
Editor/GraphViewKit/UniversalRerouteNode.cs,5afed61f6df051091b6b8589647554cc47c36d11c9e0beb4d542567ed8782142,12772,Editor,GraphViewKit,UI Toolkit,45,0
Editor/Larder/LarderEditor.asmdef,29c19a9dd869ae403de906cfc608032ccc6aebc9b8ef195c8cf3a0e4ef613188,590,Editor,Larder,unknown / no renderer evidence,0,0
Editor/Larder/LarderEditorLink.cs,8ecba3e0ef42e6567b4044f3cf027ce66d1e41e55bcb1fb43f7b5c45afb96733,571,Editor,Larder,unknown / no renderer evidence,0,0
Editor/Larder/LarderWindow.cs,f422db85304fd67a623c7fba892f93b130fea5be9021dee4e8175dadddff6309,16788,Editor,Larder,UI Toolkit,29,0
Editor/Larder/WareBaker.cs,6b2e703e262a006596de547e5a8b6ad2d55954c848783745840d337aa056c8b6,6272,Editor,Larder,unknown / no renderer evidence,0,0
Editor/Lathe/LatheBakePass.cs,9e18acdb90ec8d233f5b55e3faa7ec7751abcd764d2c56e45121406d23ce0ef1,9604,Editor,Lathe,unknown / no renderer evidence,0,0
Editor/Lathe/LatheBaker.cs,03fd17ec299e3faf9e7d5781806ad966072825bcb32185aefa4b29a0c9813cb1,4046,Editor,Lathe,unknown / no renderer evidence,0,0
Editor/Lathe/LatheEditor.asmdef,2abaf824040e1fa22d2a57dfc9e0623960e4d1a64a3f64cb3e56ec8d0626069b,616,Editor,Lathe,unknown / no renderer evidence,0,0
Editor/Lathe/LatheMoldWindow.cs,b31cbe070b6c83f736d097be9a9c2a29091e65e02d750870cb37c646de98cd5e,11569,Editor,Lathe,mixed UI Toolkit + IMGUI,14,2
Editor/Lathe/LathePreview.cs,ca14a9c3d9397bc15029d1dfa6810e8cfc0a64f88184c8d15abfbfb839155ac1,10323,Editor,Lathe,unknown / no renderer evidence,0,0
Editor/Lathe/LatheWindow.cs,8dce550ef41c1891c673c2db25df5406db7732f17d6f975b84dff99132f6598f,24392,Editor,Lathe,mixed UI Toolkit + IMGUI,10,1
Editor/Lathe/LatheWindow.Gizmo.cs,d24ed3b5ebd4bcc9c0e6f25434e66fa4741c98501c16191388ff48c766ea9570,6795,Editor,Lathe,custom painter,0,0
Editor/Lathe/LatheWindow.Modifiers.cs,4d02fb9656a0d6b1f8233758a030faf1304f0aef587a798fa483f253d9dca847,5144,Editor,Lathe,UI Toolkit,0,0
Editor/Lathe/LatheWindow.Module.cs,98cc0a459eb2fe407eb111b2a3e028220d454e5cbaa2ec6e738182b0b13ebca0,4639,Editor,Lathe,UI Toolkit,0,0
Editor/Lathe/LatheWindow.Skeleton.cs,b198db512fa0b58cfe457f2c79a4986b642cfeac76f1fb8e1e4117cf1149cf1d,12442,Editor,Lathe,mixed UI Toolkit + IMGUI,0,0
Editor/Lathe/LatheWindow.Solids.cs,4226863c82c253215c3267f3c65ceaa439189288f62067c03d981a0f7e7186a4,4401,Editor,Lathe,UI Toolkit,7,2
Editor/Launimator/AnimationAseprite.cs,af37331ee88d2d4a638803303f0425aa97b3395c13ae00901e4653cbb8ff4090,9497,Editor,Launimator,unknown / no renderer evidence,0,0
Editor/Launimator/AnimationAsepriteWindow.cs,07d0e6deb64801da8f892b55dea3a205b5730f5a2e6ee641d64ab6089a91f10f,4850,Editor,Launimator,UI Toolkit,0,0
Editor/Launimator/AnimationBuilderWindow.AutoSlice.cs,27195f61f1969fcbb56b2dbcb1503edc9704e66a1165584a7a8051ff3c3a0640,13310,Editor,Launimator,IMGUI,0,0
Editor/Launimator/AnimationBuilderWindow.Undo.cs,fc8a5f47e40918367459ffa016efaac7c52bfb7e2236a61efb66cb9f2ac70936,5330,Editor,Launimator,unknown / no renderer evidence,0,0
Editor/Launimator/AnimationLibrary.cs,6d26217e61d8ce66cc2e72e0600c027121e562ed36a971b862a3d29f7d86ad29,4209,Editor,Launimator,unknown / no renderer evidence,0,0
Editor/Launimator/AsepriteIO.cs,353aee9936076ceaae2e799fc698ce0cc8d1059a496c5d9f7745a2e792c449a5,12695,Editor,Launimator,unknown / no renderer evidence,0,0
Editor/Launimator/AsepriteLauminaryImport.cs,10ced3857766632020ea19fa34e431a9f60bafc600aa4bed7ec1825ef9ff57e5,8387,Editor,Launimator,unknown / no renderer evidence,0,0
Editor/Launimator/AsepriteLauncher.cs,75cbf860d7beb0bc30909bf34ddc7b719899eb2c5619994dbcb807275a37e8e5,3465,Editor,Launimator,unknown / no renderer evidence,0,0
Editor/Launimator/AtlasBaker.cs,d73edd03a677e05d74cba010653bc874f54bab5d17c081c0a83d226df12c2a0a,23640,Editor,Launimator,unknown / no renderer evidence,0,0
Editor/Launimator/AutoScavenger.cs,d5b19cda6c22df4bda438c5b3f2fcb3d3b8ee8336bf6bc4919cc04fbfd068079,5896,Editor,Launimator,unknown / no renderer evidence,0,0
Editor/Launimator/FramePreview.cs,646a6dba448e6e539f508579b94ef3993f8365b1f0a97a6c18660f749d8600ca,3496,Editor,Launimator,IMGUI,0,0
Editor/Launimator/GridSlicer.cs,77cc52d974eef9fe642765172dd1f40f75d7657d6ba30418ca0d690eec6a8883,4416,Editor,Launimator,unknown / no renderer evidence,0,0
Editor/Launimator/LauminaryAnimationChunkAdapterEditorLink.cs,194f1aad349b7f41eef0d26dae8d83099d2e2e684fb2aa5918a2de880c6e0513,2005,Editor,Launimator,unknown / no renderer evidence,0,0
Editor/Launimator/LauminaryAtlasPacker.cs,13538137012dfd592c0b35fb700591080e804f9e720da8f762b6a201131a2ece,9744,Editor,Launimator,unknown / no renderer evidence,0,0
Editor/Launimator/LauminaryBrowserWindow.cs,ad6f250dd939ab3c94cb77178caaa058e2051e195fc2ed65e7f68883a69d4db2,32819,Editor,Launimator,mixed UI Toolkit + IMGUI,23,3
Editor/Launimator/LauminaryBuilder.cs,45e7abb75e6e9c55eee68914502cf6a980cf21caf5da93a72916d08794358c66,11933,Editor,Launimator,unknown / no renderer evidence,0,0
Editor/Launimator/LauminaryMaintenance.cs,9571805088d2a95b0bafd37c59d4505eb7b132a0cd47ff5f0032b4090b899f8e,1420,Editor,Launimator,unknown / no renderer evidence,0,0
Editor/Launimator/LauminaryRepo.cs,93dca641fa27c0e145936b57879bb5f2d846c32944a9f47f44b174b8cbd037e7,29372,Editor,Launimator,unknown / no renderer evidence,0,0
Editor/Launimator/LauminarySources.cs,57415e2ff0ac9b6278f23fda48ba37f61e62801656782cb32abeef8c50f72269,12230,Editor,Launimator,unknown / no renderer evidence,0,0
Editor/Launimator/LauminationBuilderWindow.Browser.cs,8ada80c4228d198d0b402225f96fea0c774cab021c6b7e994bd15107ad5c7430,7371,Editor,Launimator,UI Toolkit,12,1
Editor/Launimator/LauminationBuilderWindow.cs,3390f04afcf92d8203d31a2f498bb2f089f9c7f991f8656b0c99078d46830847,230528,Editor,Launimator,mixed UI Toolkit + IMGUI,56,1
Editor/Launimator/LauminationBuilderWindow.Zones.cs,122ef3ea1e3d23135c77c334ed67336364da02c8223b8e276f9cb3e85f8905c0,8250,Editor,Launimator,mixed UI Toolkit + IMGUI,6,0
Editor/Launimator/LaunimatorEditor.asmdef,f0b237c5bc55f00c8b57c174b47b5c1b666eb8d1e154797e03ec5e6451d3aee6,845,Editor,Launimator,unknown / no renderer evidence,0,0
Editor/Launimator/RecentSheetsPopup.cs,c5a32977717fdcb5732ed431b242b371326c0d7bd283a407a4f8150c2253968f,3480,Editor,Launimator,IMGUI,0,0
Editor/Launimator/RegionSlicer.cs,08dd46507c46a026f4fac4cb79e327fadc57febf0382be2af48f74ce7e34efe1,26583,Editor,Launimator,unknown / no renderer evidence,0,0
Editor/Launimator/RegionSlicerPersistence.cs,a6ae46e91964b3cb9ecb762e1dd116680220aec767130dae6d20765372a60503,9784,Editor,Launimator,unknown / no renderer evidence,0,0
Editor/Launimator/SelfTest.cs,47b604adf6abd25c89216c0605c330852aa467b6cfdf0616429a5c8d130d7f4f,43956,Editor,Launimator,unknown / no renderer evidence,0,0
Editor/Launimator/SheetLibrary.cs,8eb6eed4e8434b306cb90623c888457688e2f4d29f6496da46ae6fc256320d30,8792,Editor,Launimator,unknown / no renderer evidence,0,0
Editor/Launimator/SheetRegistry.cs,119b59c0dc2484d732a2e4d5178cdae424d670bb9008f9258f021787a2ec28cb,3485,Editor,Launimator,unknown / no renderer evidence,0,0
Editor/Launimator/SpriteCatalogEditorLink.cs,b124e34bd75fc2e78c9b6e5e67869caea8f440140facd74c73ffb83f3be36735,608,Editor,Launimator,unknown / no renderer evidence,0,0
Editor/Launimator/SpriteCatalogWindow.cs,41098992b187751be089f874a228aa193a867672e31b812748f01f940b0aa55b,12147,Editor,Launimator,mixed UI Toolkit + IMGUI,18,0
Editor/Launimator/SpriteChunkAnimationEditorLink.cs,62058bddb5c015ed968970392665b3cad00fc6b855f7a039ab4eb6c0c1131665,2848,Editor,Launimator,unknown / no renderer evidence,0,0
Editor/LaunimatorZounds/LaunimatorZoundsEditor.asmdef,84fe54da2a437baaa9fac48e906695349bc656186f6b598d301f66755dc36ee4,540,Editor,LaunimatorZounds,unknown / no renderer evidence,0,0
Editor/LaunimatorZounds/ZoundPickerPopup.cs,8ec1ec180c577752a09f3f493f9b97f3b07b98aaae7694e311ac4fca5b922cbc,2001,Editor,LaunimatorZounds,unknown / no renderer evidence,0,0
Editor/Lazor/LazorEditor.asmdef,c0542f0bc2cf18336c2dd3a75424027db2639c1ff1b550b66c475cc17fb2ecdd,767,Editor,Lazor,unknown / no renderer evidence,0,0
Editor/Lazor/LazorEditorLink.cs,4e0d7b3e62f5735285ed746b7b188117fa20e4b2cbe8475d5061a3a46e997cb6,571,Editor,Lazor,unknown / no renderer evidence,0,0
Editor/Lazor/LazorSvgImporter.cs,cc422d3d3b948f3357aaf934d34fa62a600b8148a049c4fc92518b6db4438e12,12348,Editor,Lazor,unknown / no renderer evidence,0,0
Editor/Lazor/LazorWindow.Canvas.cs,4f3d470964b44e902354698361a8f49cb331b6c9ee7de9ce4387204830b45f92,28788,Editor,Lazor,ZUI / IMGUI,0,0
Editor/Lazor/LazorWindow.cs,a5218942eddc2270c32f879db9f00d4c6d18cb35a482223a4a51b197dc3c956f,11098,Editor,Lazor,mixed UI Toolkit + IMGUI,13,1
Editor/Lazor/LazorWindow.Layers.cs,6395a19957c133d737066615a26296e807e9ad243f023283c210741546edba42,14458,Editor,Lazor,mixed UI Toolkit + IMGUI,16,0
Editor/Lazor/LazorWindow.Preview.cs,d401ebd7573c2f40d5a6be06e2cb3dc19b437a1e310b1227b3ee931d13759b1c,5784,Editor,Lazor,IMGUI,0,0
Editor/Loom/GraphEditor.cs,b30041418b518157c3f3470bce8409715c6ae11ea5454463ec37ef90c457e2e2,32452,Editor,Loom,UI Toolkit,16,0
Editor/Loom/Loom.Editor.asmdef,e3f7f9b42efada6d46a8d77cdb3aab1c280248fc22c67d3a68656590dd07fd79,519,Editor,Loom,unknown / no renderer evidence,0,0
Editor/Mirage/com.Lautaro-Arino.Laubrary.Mirage.Editor.asmdef,d99370fa469f2b51aac9f380f1ab4f4cc7243ca9a53ecc9410b99800f6c7d4c4,1048,Editor,Mirage,unknown / no renderer evidence,0,0
Editor/Mirage/MirageEditorLink.cs,1adbf383da4c2019488b341c73158bb6e92e6faf2a5da53b1ec21b1ef1a65dc3,605,Editor,Mirage,unknown / no renderer evidence,0,0
Editor/Mirage/MirageWindow.cs,cd1f9cd9c36e6373238bf39f8800e50f3015cf306ab778328133bf2f127af692,57964,Editor,Mirage,mixed UI Toolkit + IMGUI,29,1
Editor/Notifyer/Notifyer.asmdef,115812e8234606fb2f2f609433fbfa5342cc8715f6623268db454ac932f9c1ea,468,Editor,Notifyer,unknown / no renderer evidence,0,0
Editor/Notifyer/NotifyerLog.cs,0c1d4f8a309bd6c17580b6ac3c00e8621aa3743034d2e94c1ca97d1863eda31d,19535,Editor,Notifyer,IMGUI,0,0
Editor/Overture/ManagedStateObjectDrawer.cs,a9b70e2315317308e4b7b4592c2a150bac3f77ee8dfe4eeb44614020f50710ad,4702,Editor,Overture,IMGUI,0,0
Editor/Overture/OvertureEditor.asmdef,94e20cf11a1a60bf4fab910eca66a38503065de10917b209e7745434d36b5503,491,Editor,Overture,unknown / no renderer evidence,0,0
Editor/Overture/OvertureVisualEditor.cs,b41892db6ead4e2a3109eed59d0b04e178a5148eb82543e759f97dbedb1928dd,4153,Editor,Overture,IMGUI,0,0
Editor/PreviewKit/com.Lautaro-Arino.Laubrary.PreviewKit.Editor.asmdef,f5c4fc20c32b5ae8c21424c59c914730866f9e46ed63f1c0cdcdbebeace3a829,479,Editor,PreviewKit,unknown / no renderer evidence,0,0
Editor/PreviewKit/LiveScenePreview.cs,39f0365b59f390a355ca2c49a477d55a79ed7ce9c1752b3060b3093b1537d068,5242,Editor,PreviewKit,IMGUI,0,0
Editor/Pyre/Parity/PyreParityDump.cs,81b7b707d2b9906c28f3d7dc32dcb034ddbce9c16f03a74ec739814a64026370,18519,Editor,Pyre,unknown / no renderer evidence,0,0
Editor/Pyre/PyreBaker.cs,d10a4269b03bbb409e2481e21331a062e205818578c8d3ec89127cb8280664c8,7548,Editor,Pyre,unknown / no renderer evidence,0,0
Editor/Pyre/PyreEditor.asmdef,a3749ba1848d41992f7152a8a3b6d07d7dc526702360960c1b0db9e05c0de5cd,819,Editor,Pyre,unknown / no renderer evidence,0,0
Editor/Pyre/PyreEditorLink.cs,6b845413a1127025918c830e9a0d893bd1017f48bcef14169963a4a0874fb374,1168,Editor,Pyre,unknown / no renderer evidence,0,0
Editor/Pyre/PyreGif.cs,972478a8a12958358a554a6f1a6a314e1fa3eb9ef391b4fbf0fffa99dc2f4183,31548,Editor,Pyre,unknown / no renderer evidence,0,0
Editor/Pyre/PyrePlayback3DPreview.cs,3a137d77a7e0684a677cdb58c9220b9bcd1db59f999ab2fda9211f757159aa28,27528,Editor,Pyre,IMGUI,0,0
Editor/Pyre/PyreSpawnSourceEditorLink.cs,eacef850c9e5228c2239b42d5a317911e137e8a1b81daa4c1d655c7901c00a7b,1342,Editor,Pyre,unknown / no renderer evidence,0,0
Editor/Pyre/PyreWindow.CherryFraming.cs,9077a45aa141580e1df0b6d7cff974ce74b4708209ab3818ad2cd7f63da9573f,25565,Editor,Pyre,UI Toolkit,42,0
Editor/Pyre/PyreWindow.cs,cea9cfc92a13410282b7f09ab10075d70242d741fcbc7edb53e331522e70def2,204450,Editor,Pyre,mixed UI Toolkit + IMGUI,53,7
Editor/Pyre/PyreWindow.Forms.cs,fdc595294f444c2e147aefff24028a173da1b60ff40c86d8c13840eda32836ca,7759,Editor,Pyre,UI Toolkit,6,4
Editor/Pyre/PyreWindow.FrameCache.cs,53c9f9ef060571eb1b94d73689ee3a5b377c894c598e73c72cd844d19341f366,25172,Editor,Pyre,UI Toolkit,1,0
Editor/Pyre/PyreWindow.Modifiers.cs,251af3dc56ba945e5fe9bc63a9efecd158373c36eb94889e6755e81002443ffd,24829,Editor,Pyre,UI Toolkit,2,2
Editor/Pyre/PyreWindow.Preview.cs,052a4a666b6ab28ce830b615caf0b7144d7be3a727402f6197a7ed9d9c42cbb5,48531,Editor,Pyre,ZUI / IMGUI,0,0
Editor/Rulesets/RulesEditorWindow.cs,68f53e719c6c3c1a8372dba1f62d7a8b1f7821cafa31d47b2386b0c8b5454527,32945,Editor,Rulesets,UI Toolkit,25,4
Editor/Rulesets/RulesetsEditor.asmdef,7550d5cb6c5c1e572d02c48c528c97e99a289ce915579f4d0fc82f69ddc4bc7b,576,Editor,Rulesets,unknown / no renderer evidence,0,0
Editor/SimpleMenu/SimpleMenuBaseEditor.cs,c311529fb269bf7ad664ba97b368824433d7270c4ad82776310f6b2c4e567404,10353,Editor,SimpleMenu,IMGUI,0,0
Editor/SimpleMenu/SimpleMenuEditor.asmdef,6b25cc08e7142c409a88980aec3bb10fdc2a3f1d82405b2265b802f3b2c87361,497,Editor,SimpleMenu,unknown / no renderer evidence,0,0
Editor/SimpleMenu/SimpleMenuEditor.cs,fdf5bca3878c20b51be36a909f47763d355344955694ceb313b26fed354cd3cd,3654,Editor,SimpleMenu,IMGUI,0,0
Editor/SimpleMenu/SimpleMenuSettingsEditor.cs,a03a7cb342f2f3432e5d408869a1dc6ae6c68b415fe31dca1a2b65c71d8fccaa,1448,Editor,SimpleMenu,IMGUI,0,0
Editor/SimpleMenu/SimpleMenuVisualEditor.cs,ee084572573be9bd1f40084c10829155dd0a5fad2b717ddf8c6d215db4f0cd8b,6090,Editor,SimpleMenu,IMGUI,0,0
Editor/SimpleUI/PropertyGenerator.cs,48f027ce2a747247ad35f05923b9bf1e8a5c363c39db7255ad2211b408912c60,12786,Editor,SimpleUI,unknown / no renderer evidence,0,0
Editor/SimpleUI/SimpleUIBuilderEditor.cs,10f66840b13abc353b003f7b44c6d69a0108af35f16d84c83be65fe3c6bb8d19,11898,Editor,SimpleUI,IMGUI,0,0
Editor/SimpleUI/SimpleUIEditor.asmdef,5faf6d4b7e8a7c693580ce4e528b9c142ca9be506279492975284f8a060c3e77,524,Editor,SimpleUI,unknown / no renderer evidence,0,0
Editor/SimpleUI/SimpleUIHierarchyGenerator.cs,d3c3bbecc874c21e7584c72dc54481e0c747106135d8fb04aca0e3ddfcef27b3,13776,Editor,SimpleUI,uGUI,0,0
Editor/SimpleUI/SimpleUIViewEditor.cs,fa95b7eca61edd277b2474e9e2d791bb1a0af19f81896554d171272ff17c2143,21322,Editor,SimpleUI,IMGUI,0,0
Editor/SmartStats/AutoRegisterStatsProcessor.cs,9e300fa3ffb7cdcdc3c8b8a7b0e715004fc9d924cc6b8c6e70ba8946502412ef,1258,Editor,SmartStats,unknown / no renderer evidence,0,0
Editor/SmartStats/BoolStatModifierPropertyDrawer.cs,894c01f93b359dc58c693076f80fd4615eec2ed1294d73df932e757db05c4fcf,1884,Editor,SmartStats,IMGUI,0,0
Editor/SmartStats/BoolStatPropertyDrawer.cs,a5be43c03d53f9758704193a1a755236f6c8b579b2074127d188e85d01c59896,4404,Editor,SmartStats,IMGUI,0,0
Editor/SmartStats/BoolStatTimerModifierPropertyDrawer.cs,460cb1a9f469765b4f2b6b66c43e620fe74cd6afa250d26a33f59f1ac86dd369,5066,Editor,SmartStats,IMGUI,0,0
Editor/SmartStats/FloatStatConditionalModifierPropertyDrawer.cs,8cd2d953ef1873e614305c7ef3abbe6da87c900b4ea12e58dc955c0deafce739,2111,Editor,SmartStats,IMGUI,0,0
Editor/SmartStats/FloatStatModifierPropertyDrawer.cs,65e702d4b6ef50461bbeed9eecbab79c17e01935323f8b5c9d7f5876f0e72e65,8895,Editor,SmartStats,IMGUI,0,0
Editor/SmartStats/FloatStatPropertyDrawer.cs,034c8ab74b978f063b0ae5fee4a52f9bcfa8290a59db59adcf57a9da9390115b,18714,Editor,SmartStats,IMGUI,0,0
Editor/SmartStats/FloatStatSwitchModifierPropertyDrawer.cs,e1d4e6531024f91bfd55f43c6abe07a05b87af29b1f6891468eee6e2209e8082,2025,Editor,SmartStats,IMGUI,0,0
Editor/SmartStats/FloatStatTimerModifierPropertyDrawer.cs,a400dbe3d2db56dd550b057660d83c8fa8f123e572d37b188fc3c61845a10312,492,Editor,SmartStats,unknown / no renderer evidence,0,0
Editor/SmartStats/IntStatModifierPropertyDrawer.cs,c101a14d6c4292748a3f67337dc8109c86ee723ac47745df8a7b2c831fb5e8ec,6565,Editor,SmartStats,IMGUI,0,0
Editor/SmartStats/IntStatPropertyDrawer.cs,21308609c659b81fc173305d1f97786e57ccc2c32c976e08cdd5faad09064367,11690,Editor,SmartStats,IMGUI,0,0
Editor/SmartStats/IntStatTimerModifierPropertyDrawer.cs,908ee0964bd7f5c8163c950068be17236521ebfd9f2e5363e5060c59c4456740,480,Editor,SmartStats,unknown / no renderer evidence,0,0
Editor/SmartStats/SmartStatsEditor.asmdef,7982b612c6e24396c79949dc7dbd69560b163f2788b478a55d7a1e4185bdb0af,545,Editor,SmartStats,unknown / no renderer evidence,0,0
Editor/SmartStats/TimerModifierPropertyDrawerBase.cs,5036447eb2bb1f08179b2b6d87b9c474389057737d1028537db7c7bf99440722,4046,Editor,SmartStats,IMGUI,0,0
Editor/SpriteFx/ColorRemapGpuEditor.cs,89863815a9cb2cdca65108d987988598fa9f7d39731f9bb198de296d29c99fcb,2581,Editor,SpriteFx,UI Toolkit,0,0
Editor/SpriteFx/com.Lautaro-Arino.Laubrary.SpriteFx.Editor.asmdef,8aa32c9ef4ef1f16a72e93dfdcffd741f360cc1db55903986057443377acaa2b,694,Editor,SpriteFx,unknown / no renderer evidence,0,0
Editor/SpriteFx/SpriteFxFilterEditor.cs,fd3c39ba85b796d1c5b510f15943f7e217f3b9ce8e9c04e4a041bb7f1700ce5e,8967,Editor,SpriteFx,UI Toolkit,1,0
Editor/SpriteFx/SpriteFxPreviewOverlays.cs,3418b0a13c4e592a8021f85462cad7cf9c571456e2a9bd1971f371df7424b834,18949,Editor,SpriteFx,UI Toolkit,8,0
Editor/SpriteFx/SpriteFxPreviewSubjects.cs,fab7dba6352bb974155da3ec7bf3c8c9427b5d420dea72d80ada4db99f0c3bf7,4170,Editor,SpriteFx,unknown / no renderer evidence,0,0
Editor/SpriteFx/SpriteFxRecolorEditor.cs,79259d356646b88a1275cd823722dbbf86c9c84d7f0330ad2614343577151918,2199,Editor,SpriteFx,UI Toolkit,0,0
Editor/SpriteFx/SpriteFxStackEditorLink.cs,2d22d32810a6746e3a78ef05a83acb4a78ea3da7f9328d1685a8bd2a7dc8c121,1077,Editor,SpriteFx,unknown / no renderer evidence,0,0
Editor/SpriteFx/SpriteFxStackView.cs,2bf041e12615500ad7154f08f434a0e427f4b48a4143ffae98f4a79fd9866f38,22348,Editor,SpriteFx,UI Toolkit,7,2
Editor/SpriteFx/SpriteFxStackWindow.cs,217608fcbaedccdc10e96331b0ab7085300b8e9664266d94cc1c932f70f8ec56,67017,Editor,SpriteFx,UI Toolkit,54,0
Editor/StatefulUI/StatefulUIEditor.asmdef,f65bceefa9c080edaf5d20be9d4bba3f7bc631a71d2cb3f2ab49e1eebe95d757,525,Editor,StatefulUI,unknown / no renderer evidence,0,0
Editor/StatefulUI/StatefulUIEditor.cs,b24c3c7351f44c96d697189bfa0a12c34144ac6c628133c204dbfb37e00a155c,18333,Editor,StatefulUI,IMGUI,0,0
Editor/StatefulUI/StatefulVisualEditor.cs,3b985d158a791e508573e54193af911184377304b314e64dc58cd5d3f4e87393,20790,Editor,StatefulUI,IMGUI,0,0
Editor/StatefulUI/StateModifierFlagsDrawer.cs,6ba225dd8e60bc1f10f04de6592c7486fa919329756031835c51cf75a332dddf,2785,Editor,StatefulUI,IMGUI,0,0
Editor/Story/ScreenplayInspector.cs,db24e91383746ff8d9bd17761ea3c7c9254aa3b4bac4d59b42466ee05c0e65f1,950,Editor,Story,IMGUI,0,0
Editor/Story/StoryEditor.asmdef,360fba0124b8a44516eb70ca6f6eb6c047600f677b4b29de4d1d1fc142106d73,604,Editor,Story,unknown / no renderer evidence,0,0
Editor/Story/StoryGraphWindow.cs,17fcdb715635a3d33ef2ba7e3d8410a799254398b7f8b2a81970356dbfb7b364,860,Editor,Story,unknown / no renderer evidence,0,0
Editor/Story/StoryInspector.cs,d1f667dd957eb31a11ff4bc5688a8d4209353dbfaeabc52f561de48b3b47b31c,1864,Editor,Story,IMGUI,0,0
Editor/Tapestry/com.Lautaro-Arino.Laubrary.Tapestry.Editor.asmdef,827f60ba99b274d2752a81d369b34cc17f2121f3a97ddaa1a4408ee954ae32bb,625,Editor,Tapestry,unknown / no renderer evidence,0,0
Editor/Tapestry/TapestryBaker.cs,f7791f48d4cd80762bd66df3fd1fb0f99843b0009c8c31e64b06424b9544f231,1232,Editor,Tapestry,unknown / no renderer evidence,0,0
Editor/Tapestry/TapestryWindow.cs,f094971be4b5d9797b08cf1205df3c20a93f8baf819c93d112b6475044ae7c5f,16817,Editor,Tapestry,mixed UI Toolkit + IMGUI,10,1
Editor/Tapestry/TapestryWindow.Generators.cs,84b884e69965ccd5a112ef891fe46c337454d37af958905b8a42515f9180919f,4625,Editor,Tapestry,UI Toolkit,0,0
Editor/Tapestry/TapestryWindow.Layers.cs,74675c328e602547cc29319ba3cfe48051a1d9e0d0bd0e07a224e7113f584a6c,4675,Editor,Tapestry,UI Toolkit,7,2
Editor/Tapestry/TapestryWindow.Modifiers.cs,4044172f0a12b8a937c6479efb16c403325d28075660b8ab831f84687ab60d53,5951,Editor,Tapestry,UI Toolkit,0,0
Editor/Tapestry/TapestryWindow.Preview.cs,5fa480dfbad85a4fe0cedb18fc65b2eb3da9fac40468510b9d1a27bdd87e7929,1798,Editor,Tapestry,IMGUI,0,0
Editor/TextSplash/com.Lautaro-Arino.Laubrary.TextSplash.Editor.asmdef,60d2c04b57c45696ec810da37fc03bffd14a6e0b132f5eb5b6dbd108a1743e67,944,Editor,TextSplash,unknown / no renderer evidence,0,0
Editor/TextSplash/SplashBorderAutoBake.cs,75b65df1189f933c56a4e9892407a32b18e23c42aa31cffedfea8eda7e2b77f3,22885,Editor,TextSplash,unknown / no renderer evidence,0,0
Editor/TextSplash/SplashBorderFontBaker.cs,882e5a1477393b498c9b17d8dfd285878c60507744e5740a79c27bf8679beef4,26915,Editor,TextSplash,unknown / no renderer evidence,0,0
Editor/TextSplash/SplashPixelFontBaker.cs,41109a5e200e8b378ba44ab271d9a1570ffa487ed84a8f38a70f859f57df85ad,10796,Editor,TextSplash,unknown / no renderer evidence,0,0
Editor/TextSplash/TextSplashEditorLink.cs,57ce7e03bb2fbeba7535f774f6340d9bb2379f343c97fc48fd5d0e661d91bc31,727,Editor,TextSplash,unknown / no renderer evidence,0,0
Editor/TextSplash/TextSplashWindow.cs,6e1112ff43a74bf8fe8336d6488fa13a0f7f3e594978d20316dc7bd11e193422,108408,Editor,TextSplash,mixed UI Toolkit + IMGUI,13,0
Editor/VisionMask/com.Lautaro-Arino.Laubrary.VisionMask.Editor.asmdef,f233f4a5df431070567a5bc92600e202504f1afdcecdbc3a25de7c3f926edeff,479,Editor,VisionMask,unknown / no renderer evidence,0,0
Editor/VisionMask/VisionFadeTruth.cs,a958df5736d86112a54ac24e4fa68c16f15801b6f9eee10c59d53c473b87a73f,8680,Editor,VisionMask,unknown / no renderer evidence,0,0
Editor/VisionMask/VisionMaskDemoBuilder.cs,9f402e31bee4fafd57c5c41277c6980982b5afba1aa206c2d92945e967e246f6,2925,Editor,VisionMask,unknown / no renderer evidence,0,0
Editor/VisionMask/VisionMaskLiveCheck.cs,13c8dae8568d0d4c6d7cf2137ce231dfa425bf7a57c39103103714e6d5eafe1f,7099,Editor,VisionMask,unknown / no renderer evidence,0,0
Editor/VisionMask/VisionMaskPixelProbe.cs,ade6488871eb4de902921ffc7132730894c1fc646edccdde7c861f032734281e,47254,Editor,VisionMask,unknown / no renderer evidence,0,0
Editor/WorldSpaceUINavigation/WorldSpaceUINavigationEditor.asmdef,f769ee7f5e23a1dcc6e9fac28846a8994e01cca1bfca1c15cb3fb101b48fb6e5,533,Editor,WorldSpaceUINavigation,unknown / no renderer evidence,0,0
Editor/WorldSpaceUINavigation/WorldSpaceUINavigationEditor.cs,7d016e95de3213ef7cef3c8c7b109499c7d5e14fc1d8a473039b66c2b51c90f8,378,Editor,WorldSpaceUINavigation,unknown / no renderer evidence,0,0
Editor/Zoetrope/WeaponAttachmentLibrary.cs,0f536a7fbea81076aa05c305baa7b27c42c1211f0adf02413ada858192a1de0b,5130,Editor,Zoetrope,unknown / no renderer evidence,0,0
Editor/Zoetrope/ZoeEventVisual.cs,8747ea4ab7965c0ae0fe0c475ead1bb4d86c2857bb50aaedad2d1a261160abe7,3904,Editor,Zoetrope,unknown / no renderer evidence,0,0
Editor/Zoetrope/ZoePaletteBypassAudit.cs,4e0ce899e7a537e2aab1f9047031b2b6ba071631de2c576ac5d683fa549f724e,6263,Editor,Zoetrope,unknown / no renderer evidence,0,0
Editor/Zoetrope/ZoePaletteHealthWindow.cs,a0116e65773048871610d7014519c189e7220b73144aa190c6dd2a7fc288a701,6508,Editor,Zoetrope,UI Toolkit,1,0
Editor/Zoetrope/ZoePalettePreview.cs,f2aa1de52aea6f6c96e89817098ebf6ba0833653cac9fce5ab1e2b3637611feb,5197,Editor,Zoetrope,unknown / no renderer evidence,0,0
Editor/Zoetrope/ZoePaletteUsageLog.cs,ddcc4ad7051b78d51a759165ed65d6782e76181eb416e82ca12b049df49ffc98,7234,Editor,Zoetrope,unknown / no renderer evidence,0,0
Editor/Zoetrope/ZoeSpriteFxPreviewLink.cs,8f09e24a0616e39604ab2ec088ae0f371d53a8b61132241f00be34d93fcab922,5168,Editor,Zoetrope,unknown / no renderer evidence,0,0
Editor/Zoetrope/ZoeStateNamesGenerator.cs,920d9cb3a4c49c83cd55cb3b269b4e978ddebe5f8ca80ec098329734e386ff2d,21463,Editor,Zoetrope,unknown / no renderer evidence,0,0
Editor/Zoetrope/ZoetropeEditor.asmdef,70910d77f441d8457dac8e1930737944a200c6b894b6669ff98d54af38fd6057,1163,Editor,Zoetrope,unknown / no renderer evidence,0,0
Editor/Zoetrope/ZoetropeEditorLink.cs,7c6e971dae3feedaa0fe24933382c69a4b965d62427c617e8d287d8d0d38192d,1109,Editor,Zoetrope,unknown / no renderer evidence,0,0
Editor/Zoetrope/ZoetropeWindows.cs,426bd56dec1987d62ab41e61a5be2c80ed8c4e2d047a057f7342cc51805e9ea4,186078,Editor,Zoetrope,mixed UI Toolkit + IMGUI,52,3
Editor/Zoetrope/ZoundPickerHook.cs,902444b175ca318bc9c165b42a9e7e59a9b564b86a63ae1c55fa2bf34242cb6c,1452,Editor,Zoetrope,unknown / no renderer evidence,0,0
Editor/ZoetropeLaunimator/LauminaryOwner.cs,e935e194ff05fcbfd53a3519668f4cf6f7412251bae4d854121bed636da460b9,2881,Editor,ZoetropeLaunimator,unknown / no renderer evidence,0,0
Editor/ZoetropeLaunimator/LauminaryViewDrawer.cs,2406c7be594011b4696781ccf093b46db9d6fd74abcf5fc4baefc9044a7c9b17,3578,Editor,ZoetropeLaunimator,IMGUI,0,0
Editor/ZoetropeLaunimator/ZoePreviewWindow.cs,140fe16ebd98a374963a4656bc4a79b42538108e30048447e395d5ff35ce9085,6977,Editor,ZoetropeLaunimator,ZUI / IMGUI,0,0
Editor/ZoetropeLaunimator/ZoetropeLaunimatorEditor.asmdef,a3e439c77ef2b3f620c1a186535ec0ffa577dce77523a9ec92d0de4cf9a40add,934,Editor,ZoetropeLaunimator,unknown / no renderer evidence,0,0
Editor/ZoetropeLaunimator/ZonedLauminaryViewDrawer.cs,bf879592cb3a3c8ec69e4151cdcbf043b71b0f0fc581e4a91aac2ee1cfbd66cd,7992,Editor,ZoetropeLaunimator,ZUI / IMGUI,0,0
Editor/ZoetropeZounds/com.Lautaro-Arino.Laubrary.Zoetrope.Zounds.Editor.asmdef,d764b6b24fad738b8df32f98564ac120300d0606bacd70dc721c5c64b1ed8b0a,710,Editor,ZoetropeZounds,unknown / no renderer evidence,0,0
Editor/ZoetropeZounds/ZoundPickerLink.cs,c710cf1a6a351b2de51f1148b1bec9f0b7ee204881ac610906b7291843d01b04,1037,Editor,ZoetropeZounds,unknown / no renderer evidence,0,0
Editor/Zounds/EditorWindows/AddZoundPopup.cs,020f618c844eaf00f34ffdec117068a8f502649e177e9409b9c71bd15c988377,5222,Editor,Zounds,IMGUI,0,0
Editor/Zounds/EditorWindows/ChainAnalyserPanel.cs,b70b495d0b80d9e08d2fce3571b7fe5e7ce84ef52b95810333a68aba94c64d60,58625,Editor,Zounds,ZUI / IMGUI,0,0
Editor/Zounds/EditorWindows/ChainAnalyserWindow.cs,19729ac2ed65f6be10a2da2269ff59db5a2bbddd1b26d7b28d0fd7256c34126e,6032,Editor,Zounds,IMGUI,0,0
Editor/Zounds/EditorWindows/ChainEditorGUI.cs,db2c147ce14c3ecbb94850472ee4e581f40c5766fca08cd5718317758ad51288,90079,Editor,Zounds,ZUI / IMGUI,0,0
Editor/Zounds/EditorWindows/ChainLibraryPopup.cs,3efeaec87e5567d1ee054ac98743348fd5042ef34dd9ee2b9d321cc734835ad6,8473,Editor,Zounds,ZUI / IMGUI,0,0
Editor/Zounds/EditorWindows/InfoViewWindow.cs,61346e0395dccacf8f2b4f8f628ae9c19c66957a83da766dc3aa2a69c56a8fe7,6662,Editor,Zounds,IMGUI,0,0
Editor/Zounds/EditorWindows/KlipChainEnvelopes.cs,05e4280607208ee9a6002bf0d26296f0af0b8dad975b306a3ea05dd16d4a1fe1,24294,Editor,Zounds,unknown / no renderer evidence,0,0
Editor/Zounds/EditorWindows/LiveOutputView.cs,ded4b1b9a534f9b539abb00807b39a788571449b903b6175dcee5c815e774e5e,13333,Editor,Zounds,IMGUI,1,0
Editor/Zounds/EditorWindows/RenderZequenceToKlipPopup.cs,703b24d789e9e5e28c1bb9747d1fe8a9eee89a7fb0029c91e8eed8136e5f2874,10741,Editor,Zounds,IMGUI,0,0
Editor/Zounds/EditorWindows/RepeatSettingsPopup.cs,8c91018e545188de36b1257737106d5648215f61ad018062097605b744e6b749,6447,Editor,Zounds,ZUI / IMGUI,0,0
Editor/Zounds/EditorWindows/SavePresetPopup.cs,8b85be08b443cfa9665fbd1b37644f6ca9db0dc2f52cd0cf8f2cc9ebf2490377,1929,Editor,Zounds,IMGUI,0,0
Editor/Zounds/EditorWindows/SpectrumView/AudioSpectrumView.cs,ca7f770f20b650850a15826cbe49f31c533ea81a4e8d552c143a5fe3f8a7dd30,69758,Editor,Zounds,ZUI / IMGUI,0,0
Editor/Zounds/EditorWindows/SpectrumView/EnvelopeGUI.cs,0706f0715d737ec3ab837463a7cd6ec76f4a03b06901701844f09600cb21f49d,40201,Editor,Zounds,ZUI / IMGUI,0,0
Editor/Zounds/EditorWindows/TagsEditorWindow.cs,182bf6b5aa54e98a6f7da435253ba9651248f2fcc583a5de965b84df9b55ee84,27442,Editor,Zounds,IMGUI,0,0
Editor/Zounds/EditorWindows/TimeStretchGUI.cs,6cc0f5d57855bac855d776fa886a042f571cde62d7925293752d9bd3b1bf34a0,8755,Editor,Zounds,ZUI / IMGUI,0,0
Editor/Zounds/EditorWindows/ZoundEditorWindows/BaseZoundEditorWindow.cs,bd386dece9d38b7a36712137138986cf575805859cceb88fd06dc1b25fd9f073,8245,Editor,Zounds,ZUI / IMGUI,0,0
Editor/Zounds/EditorWindows/ZoundEditorWindows/CompositeZoundEditing.cs,6be19afd45f73621e0d7495be57dc2e9ead289ec21ddcbb8017656a00e653188,17803,Editor,Zounds,unknown / no renderer evidence,0,0
Editor/Zounds/EditorWindows/ZoundEditorWindows/CompositeZoundEditorWindow.cs,9b7f38cc260b25f964cc9fe3773ebbb67561ae891095fdc402f287af55d28d45,47849,Editor,Zounds,ZUI / IMGUI,0,0
Editor/Zounds/EditorWindows/ZoundEditorWindows/CompositeZoundEditorWindow_Group.cs,876de85e83e0cd27bd5bf6e1a3f15a068ad0f9ac42f02e1b9c84d05fd41cfe9e,19574,Editor,Zounds,ZUI / IMGUI,0,0
Editor/Zounds/EditorWindows/ZoundEditorWindows/ImportTrimPopupWindow.cs,73e1071e0d80fd17d6f7cffcb732cf92e4ac6a004c3267769f8c2605ba0565a0,5902,Editor,Zounds,IMGUI,0,0
Editor/Zounds/EditorWindows/ZoundEditorWindows/KlipEditorWindow.cs,a7ba676d42b3eb4ed518b5a82c154f2fdf97f892e128a8bfe4e2f69dc63da552,69201,Editor,Zounds,ZUI / IMGUI,0,0
Editor/Zounds/EditorWindows/ZoundEditorWindows/ZequenceEditorWindow.cs,da4b5e25b0fd6710eba3966df4b1b9e85520909233f2a9ad86c84e18c33c2087,14956,Editor,Zounds,ZUI / IMGUI,0,0
Editor/Zounds/EditorWindows/ZoundsStopAllButton.cs,b902efe65ab0eb315a1db534a40ed473569410a4a2295688bf544408a6f09837,2248,Editor,Zounds,unknown / no renderer evidence,0,0
Editor/Zounds/RecordingData.cs,0321a21f75021cdeeeb0ab061c924f773f023d92a28746cdfc2464239a2d4d82,2505,Editor,Zounds,unknown / no renderer evidence,0,0
Editor/Zounds/Setup/ZoundsDependencyCheck.cs,d7a4f0715874f9697c5aa694a8a2c84d984c7e40de36b14da4bf44f6ea38ae64,275,Editor,Zounds,unknown / no renderer evidence,0,0
Editor/Zounds/Setup/ZoundsSetup.asmdef,bab25aca30253b573249c75bde14cf86ecbe50cce1d224de292a40f57c94d5eb,565,Editor,Zounds,unknown / no renderer evidence,0,0
Editor/Zounds/TabContents/DependencyMapTab.cs,80b85102a13adfd0981d340bfe13c1d4e53de7cdf6205404052969c9266feeed,56512,Editor,Zounds,ZUI / IMGUI,0,0
Editor/Zounds/TabContents/MonitorTab.cs,05bf408b21db331c2a974e747e58a7c64fedc59f1911a44daf42e41b9ec35440,16573,Editor,Zounds,ZUI / IMGUI,0,0
Editor/Zounds/TabContents/ProjectSettingsTab.cs,2d22a18bd11e704b831ae25aee14b1e9e05820ba3b8cb6cc832cd8d46bd25312,15439,Editor,Zounds,ZUI / IMGUI,0,0
Editor/Zounds/TabContents/RoutingTab.cs,bf0901fa741d357bb459bd64752ffe481d9f02ffce9cbec5f96a8c5852c3039a,37094,Editor,Zounds,ZUI / IMGUI,0,0
Editor/Zounds/TabContents/ZoundBrowsers/BrowserTab.cs,4fa2c74a24bb87a98fbfc3a6129680f60d5d0557238a2840690c7fc7f8969fe9,120836,Editor,Zounds,ZUI / IMGUI,0,0
Editor/Zounds/TabContents/ZoundBrowsers/ZoundBrowserFilterEngine.cs,05215ceb5fa98ccbb4ab7f22f6f3b31c57bc8a8db834d80316ab2dd2f5d8f915,16465,Editor,Zounds,unknown / no renderer evidence,0,0
Editor/Zounds/TabContents/ZoundBrowsers/ZoundBrowserPlaybackVisuals.cs,3477b13512d80fbeb8b5ad8ea3e7a03348bef358873df955f644595ee7d9ed14,7612,Editor,Zounds,ZUI / IMGUI,0,0
Editor/Zounds/TabContents/ZoundBrowsers/ZoundGridItemView.cs,21a798d71ee2bf430633fd0e00cad76f6cbaaaa8deb41f80d587c6ccdf166f2d,16081,Editor,Zounds,ZUI / IMGUI,0,0
Editor/Zounds/TabContents/ZoundBrowsers/ZoundInspector.cs,64bfa0f5bad871be50280651978ee01270e02b05d9ded0a06d530ccc7184474c,48152,Editor,Zounds,ZUI / IMGUI,0,0
Editor/Zounds/TabContents/ZoundBrowsers/ZoundListItemView.cs,161bcbd421338962a1d1521def7648cb0c802f5cc1a1301a89a1085f5ca1bcc7,5090,Editor,Zounds,ZUI / IMGUI,0,0
Editor/Zounds/TabContents/ZoundBrowsers/ZoundsFilter.cs,2f7c1892f4322459fc465518c9b77337fa5871c97a17e70a24512eb24580a88c,4646,Editor,Zounds,unknown / no renderer evidence,0,0
Editor/Zounds/TabContents/ZoundBrowsers/ZoundsRecentHistory.cs,9755392bab89c46ccdfc2267ba7530d55305a9766d3ee274654e1784ce8b3425,8853,Editor,Zounds,unknown / no renderer evidence,0,0
Editor/Zounds/Uitk/AuditionPopupTK.cs,be4561923bf9bca0d1dd025af2afb6d067d3d5d9f4f4ae10648347328d0cd952,7552,Editor,Zounds,UI Toolkit,8,0
Editor/Zounds/Uitk/BrowserTabTK.cs,d8ebce574fca9a1a6df2f98017405e2a057054bb208d6c50b6a5348de4607e07,64176,Editor,Zounds,mixed UI Toolkit + IMGUI,155,52
Editor/Zounds/Uitk/ChainAnalyserTK.cs,61e0b51c56c3900d2201ab7f825f399c3d2a6b709b1a06144be682c774abe1e0,15616,Editor,Zounds,mixed UI Toolkit + IMGUI,83,9
Editor/Zounds/Uitk/ChainEditorTK.cs,7d90bab2b53666dc92b74843388361bc6ce2c9bba1dc25a9f8e6b60c9d202058,86306,Editor,Zounds,UI Toolkit,166,24
Editor/Zounds/Uitk/DependencyMapTabTK.cs,b72a1ea0ddc5ba9044ba6278cb429e1b72dfaa3afacfe0619422054d1a19e8cc,40310,Editor,Zounds,mixed UI Toolkit + IMGUI,56,33
Editor/Zounds/Uitk/EnvelopeTK.cs,c0c860dea5e560ecae5a7805b1fa578ae524d4e69c0776aea1a2ec17bbc3d424,19793,Editor,Zounds,mixed UI Toolkit + IMGUI,0,0
Editor/Zounds/Uitk/KlipEditorWindowTK.cs,fb5144bfe2993c4236740738eca002c09afd00771ba23dab6fc9c3c178e1da2c,21035,Editor,Zounds,mixed UI Toolkit + IMGUI,16,3
Editor/Zounds/Uitk/KlipWaveformTK.cs,3945d56c37b54434230bbbac3e58d893f4a97bdd18562585e196a12e18048328,35683,Editor,Zounds,mixed UI Toolkit + IMGUI,110,12
Editor/Zounds/Uitk/LiveDrawnCurves.cs,e671ad0b1d35308692b597163ff1f69258210fc819fc4fc293b84e54568dee51,2322,Editor,Zounds,unknown / no renderer evidence,0,0
Editor/Zounds/Uitk/LooperTK.cs,3141ae0c32de15e708547aa97a04dfb7feadf2493e775b9d4d70956b219129e0,4708,Editor,Zounds,UI Toolkit,7,0
Editor/Zounds/Uitk/MonitorTabTK.cs,180ea32de73fda94af18c6f5d24bca94632170d983003a06aa6153f629b78464,14369,Editor,Zounds,UI Toolkit,36,22
Editor/Zounds/Uitk/OwnValueCurves.cs,21c25ddc452d22da3da7b4642591ebe2d4889fc76a78084ab6a2e1154871b355,6747,Editor,Zounds,unknown / no renderer evidence,0,0
Editor/Zounds/Uitk/ProblemsTabTK.cs,32131bab012d4f7b380a39c1947826a0648007c5a21ed42d53c342426b8b2707,12608,Editor,Zounds,UI Toolkit,22,7
Editor/Zounds/Uitk/RandomPointPopup.cs,5d59b005a0490ceeace4cbadbb3122b3272d2820b9933859271ba5beac3b6f6a,9712,Editor,Zounds,mixed UI Toolkit + IMGUI,7,0
Editor/Zounds/Uitk/RoutingTabTK.cs,b04f7be5a62b46f20cf78ce41db13fcf83a945d7155b32d7c0805bdf47674de4,17969,Editor,Zounds,mixed UI Toolkit + IMGUI,52,25
Editor/Zounds/Uitk/SettingsTabTK.cs,0f7a8d721fecf7b417244759f09b3032a4956fc1eb8edef67c11f7cd5cc8199d,12824,Editor,Zounds,mixed UI Toolkit + IMGUI,25,22
Editor/Zounds/Uitk/Skin/ZoundsSkin.uss,0b4295a27d8f40e7c3ebff38c546a8e3016a580c96df86b369d9a5ec216673eb,48197,Editor,Zounds,unknown / no renderer evidence,0,0
Editor/Zounds/Uitk/SnapshotsRowTK.cs,5c074040d94b8ce2bbbfcc164c599d94a2c316353e094f444ff67ced78974933,15727,Editor,Zounds,mixed UI Toolkit + IMGUI,33,8
Editor/Zounds/Uitk/TimeStretchTK.cs,1a21e8c538e2b772a61e7320f1f45f63a05484b369d7f12d12dd413b4e5b4def,12419,Editor,Zounds,UI Toolkit,13,2
Editor/Zounds/Uitk/TrackIdPopup.cs,4f18d49df6dfc65cf8eec729d6889053252ed5b4ffe6db2ad3c751ead27ddf27,3870,Editor,Zounds,mixed UI Toolkit + IMGUI,15,3
Editor/Zounds/Uitk/ZequenceEditorWindowTK.cs,ad61f6cc3a9800011d2e4f0037e4408936cecae461e811583528b52155347739,25995,Editor,Zounds,UI Toolkit,34,22
Editor/Zounds/Uitk/ZequenceEntryTK.cs,c649f2d31890f24eb37b5a1db6fd69ff8691592afc29358254b03f7854de14cf,42284,Editor,Zounds,mixed UI Toolkit + IMGUI,51,20
Editor/Zounds/Uitk/ZoundAudition.cs,df5711bbff2252752493c065c9ffd07dd7c91d933640d7dab74249025ecb8278,18538,Editor,Zounds,UI Toolkit,0,0
Editor/Zounds/Uitk/ZoundFieldsRowTK.cs,8d51a51cecf8c6fb44608d50ba8ab863b6be9f4e57bb9acced46f773f5c4c591,10843,Editor,Zounds,UI Toolkit,8,4
Editor/Zounds/Uitk/ZoundRowTK.cs,f7a079751ed8f81a7c278f50392978a8c1c513d1b69c48d4ad5b5b6abc61e5c5,30161,Editor,Zounds,mixed UI Toolkit + IMGUI,47,11
Editor/Zounds/Uitk/ZoundsSkinExtractor.cs,129429ae3a9d2b03db276f3d02cff23ad19b2574448126ce89199bc30e79c79c,19865,Editor,Zounds,UI Toolkit,0,0
Editor/Zounds/Uitk/ZoundsUitk.uss,7af76d05fec2f9dfc9005581884e117b0920d48181108da2204141647f677d32,27628,Editor,Zounds,ZUI / IMGUI,0,0
Editor/Zounds/Uitk/ZoundsUitkCompare.cs,bc38f093819e78865fc2c1317adfb91bf44b881582c533569aecb54da443e0c5,12459,Editor,Zounds,unknown / no renderer evidence,0,0
Editor/Zounds/Uitk/ZoundsUitkGallery.cs,bed2df55758e45e65c6a388ec80f6de7960bc9ab3741ac0bdcc46d029c35c9dd,12185,Editor,Zounds,mixed UI Toolkit + IMGUI,3,0
Editor/Zounds/Uitk/ZoundsWindowTK.cs,f8bc4b04d979ea0b6059477832bacc1507659146f0456782db637f3c6e652fa2,11566,Editor,Zounds,UI Toolkit,18,16
Editor/Zounds/Uitk/ZpocBolt.cs,c5d7536c1275f9a4502733c3f3947495e14e4217918912969268e1fa2face16e,1986,Editor,Zounds,UI Toolkit,0,0
Editor/Zounds/Uitk/ZpocPopup.cs,18119cc6493d1bbca9fbeec361f1605a5ef3fd5b36530fd8ea7a231a25f370d5,7912,Editor,Zounds,mixed UI Toolkit + IMGUI,18,3
Editor/Zounds/Uitk/ZpocTestPanelTK.cs,63ec8b38e5221c8f6ca00a3e8483a7454bf5aef34ea8839def1b4b16fb5a5f1e,12563,Editor,Zounds,UI Toolkit,14,3
Editor/Zounds/Uitk/ZS.cs,ffce22217ef4bb0166e950e58609e2ba1802bf0d8fa3acf872e266f980517452,11859,Editor,Zounds,UI Toolkit,23,5
Editor/Zounds/Utilities/AudioAssetUtility.cs,c778e80d478accf76569062c48d2e59d2a16f2cd2fb25048664ae8369c4f901e,6638,Editor,Zounds,unknown / no renderer evidence,0,0
Editor/Zounds/Utilities/AudioEffects/AudioEffect.cs,1fda30ba34bb623d0fe5918296abd7b4d558b7094f8b2ab38bd6b90d864892ca,1038,Editor,Zounds,unknown / no renderer evidence,0,0
Editor/Zounds/Utilities/AudioEffects/CompressionEffect.cs,9e1dc24d905216d849277bb0632300ad60da84983c0f9e9dbb5236545f726281,3839,Editor,Zounds,ZUI / IMGUI,0,0
Editor/Zounds/Utilities/AudioEffects/EQEffect.cs,d92fa3e383e05922ea879ef967a35f8aaaa520fcb89d123f0c4d58bea960ee6d,8929,Editor,Zounds,ZUI / IMGUI,0,0
Editor/Zounds/Utilities/AudioEffects/FadeEffect.cs,94ffc48edc859115d4aa678cf6207bbfc68430766d243d2605bc7eb4d19690d1,2862,Editor,Zounds,ZUI / IMGUI,0,0
Editor/Zounds/Utilities/AudioEffects/GainEffect.cs,53f99236d9f7c010510f2b6e8a76cbcec13d98feeb3fb295c5c30e3a656d72a0,1478,Editor,Zounds,ZUI / IMGUI,0,0
Editor/Zounds/Utilities/AudioEffects/KlipEffectChain.cs,af085495e71899e8df321d7b9e2c6c7c5bd07a7f2d58b031aaef81e033f4e44a,919,Editor,Zounds,unknown / no renderer evidence,0,0
Editor/Zounds/Utilities/AudioEffects/NormalizationEffect.cs,7c4daca623b323d0f3ac89f300b345131289d391c93521cc4d84ab92670ecdb9,1670,Editor,Zounds,ZUI / IMGUI,0,0
Editor/Zounds/Utilities/AudioPreviewUtility.cs,715526717247b107407faf810c3ed0c667003c31c18a4f5bbc363ba9713e6158,2028,Editor,Zounds,unknown / no renderer evidence,0,0
Editor/Zounds/Utilities/AudioRenderUtility.cs,f2fa064661b06cb1277de83774cef37e456fb33eb43871256ca64c7e2a582a07,25817,Editor,Zounds,unknown / no renderer evidence,0,0
Editor/Zounds/Utilities/AudioWaveformUtility.cs,eb849ae8bb59da8d105f8400fd39a0d6f6657ee65cd7c78a3a6da63e12b7e0aa,11267,Editor,Zounds,IMGUI,0,0
Editor/Zounds/Utilities/ChainEffectFidelity.cs,a1823416e9e818302025cd2360c432ee12ab218b1229e5f9edc4475c4c216764,6835,Editor,Zounds,unknown / no renderer evidence,0,0
Editor/Zounds/Utilities/ChainSpectrumProbe.cs,55c08f0362d4128c8e6d8edf706383e2b1d913edd00a8e3e370692ffeae6a5b0,41191,Editor,Zounds,unknown / no renderer evidence,0,0
Editor/Zounds/Utilities/EditorFieldsUtility.cs,d04e99411d87b0dcea3d6ea58b2fff8f27478716561c67f32789ada3ca6910a4,5804,Editor,Zounds,ZUI / IMGUI,0,0
Editor/Zounds/Utilities/ExternalFileDialog.cs,733541cd8e5039e67210d6fc08e6c7d08660a9eed7bfa9f03b1893dc1b064095,5448,Editor,Zounds,unknown / no renderer evidence,0,0
Editor/Zounds/Utilities/GenericMenuEditorWindow.cs,36d25eb6ecb9d0ad70df32b0b278528f14b82dee6087659d1d3f6a34085092c0,3048,Editor,Zounds,IMGUI,0,0
Editor/Zounds/Utilities/GenericMenuPopup.cs,8c2208a2ab0accb3ffea26e7fd2b31233e9f3c84990780a10a972eb635bff6ae,52709,Editor,Zounds,IMGUI,6,0
Editor/Zounds/Utilities/OrphanCleaner.cs,39fdf02a56a598c55074c445e6dc86099c29b37c771eb5b2a12b4e602d39c545,3694,Editor,Zounds,unknown / no renderer evidence,0,0
Editor/Zounds/Utilities/PresetsBarDrawer.cs,211de25812fb4bc22983af8859d31e7bb95f210a2a0531c1f3ef87e0cd8ebbdd,5547,Editor,Zounds,ZUI / IMGUI,0,0
Editor/Zounds/Utilities/SavWav.cs,c525c95cb124adea0cd019b899d2f40f30586c008dbf0b6c061791ad7bfea6eb,9297,Editor,Zounds,unknown / no renderer evidence,0,0
Editor/Zounds/Utilities/TabViewIMGUI.cs,a42c275fb917165b7b6d34a2848de9091f728b444b00de6148cda294ce5d2165,2945,Editor,Zounds,ZUI / IMGUI,0,0
Editor/Zounds/Utilities/TagMenuPopup.cs,afd1963864d2c1014d7f7d7a0c5f12a7402e0501b80b64ddae40c7a23b7fb028,2819,Editor,Zounds,IMGUI,0,0
Editor/Zounds/Utilities/WavDecoder.cs,14f7af73f916c850e1bea733580ff086ae2fb5cab1cb8092940ee0dc7b1a2808,4934,Editor,Zounds,unknown / no renderer evidence,0,0
Editor/Zounds/Utilities/ZoundDependencyAnalyzer.cs,868436c49b65de3d5d951db2916779400025f2d601b354b6cf259ce2d7963cac,18179,Editor,Zounds,unknown / no renderer evidence,0,0
Editor/Zounds/Utilities/ZoundGcStressTest.cs,22c176fc40cc62efce67f55c8bc67e5bafdde235a0dc74f68c1a3f7f302121ef,4567,Editor,Zounds,unknown / no renderer evidence,0,0
Editor/Zounds/Utilities/ZoundNamingMigration.cs,8c9795e5ce1a0d2868d8b0c9b0acb724a785e47d72fa7cf770ab6e5104738d8e,3998,Editor,Zounds,unknown / no renderer evidence,0,0
Editor/Zounds/Utilities/ZoundsBuildReport.cs,673471376240c1221fb2c685a4c27a964edd17cc19cfe6782badcb269a78c44c,11166,Editor,Zounds,unknown / no renderer evidence,0,0
Editor/Zounds/Utilities/ZoundsChainMigrationMenu.cs,0b722ef69e505bd0070a5d358f6e38a31b5b1797102b46dce2d040633f604a8b,4564,Editor,Zounds,unknown / no renderer evidence,0,0
Editor/Zounds/Utilities/ZoundsClipClassifier.cs,55d361bb4b3e5b0d380f719140eed3aef1a772faadb1733d704e1eb22a99047f,9878,Editor,Zounds,unknown / no renderer evidence,0,0
Editor/Zounds/Utilities/ZoundsEditorDiagnostics.cs,c0b39f1cc49653a431b585b10751222a4c85c35e74fca43f6529a01a62c3914e,1605,Editor,Zounds,unknown / no renderer evidence,0,0
Editor/Zounds/Utilities/ZoundsSourceImport.cs,ca1b1117ce200b77a47d4355591729ce51359a9cda4d20bd43c822dec5a04aeb,9134,Editor,Zounds,unknown / no renderer evidence,0,0
Editor/Zounds/ZoundAPIBridge.cs,6108a0121fe74c10829154b289eea5097319cb5153b57090688f9a3d6741ff1c,986,Editor,Zounds,unknown / no renderer evidence,0,0
Editor/Zounds/ZoundEngineEditor.cs,085a9dfd629f742ab5baa7afaac18959a3de8d136742171feed55ed7eeaa237f,3132,Editor,Zounds,IMGUI,0,0
Editor/Zounds/ZoundsAssetPostProcessor.cs,bd61c67be90db45fb03138f080787803b44f73d7ef34e9fc52e23cfe3b336504,19365,Editor,Zounds,unknown / no renderer evidence,0,0
Editor/Zounds/ZoundsEditor.asmdef,778ccc28ddda292e87ab6bcbf3e40b6ca0b2c54be42a3c0022bb54e7158bb1d6,833,Editor,Zounds,unknown / no renderer evidence,0,0
Editor/Zounds/ZoundsEditorPresets.cs,3f78f53de1a733b6fb458432f1d085fff0ccac296fc3bf8dd79e701c5e5ad2fe,12425,Editor,Zounds,unknown / no renderer evidence,0,0
Editor/Zounds/ZoundsPreprocessBuild.cs,4bd4d2b9f4b6f4832085e15cf64f31fcca7198bb807d115a5d60f2da5df2c755,3851,Editor,Zounds,unknown / no renderer evidence,0,0
Editor/Zounds/ZoundsProjectEditor.cs,6d2bc0c4662be1fb96912fff8126588d6c0c3badd745b7e77104d831792f51cb,1027,Editor,Zounds,IMGUI,0,0
Editor/Zounds/ZoundsProjectInitialization.cs,f233936efeb0875e982b7982b1aec3572238ab759a430f06b466adb9516c3433,2880,Editor,Zounds,unknown / no renderer evidence,0,0
Editor/Zounds/ZoundsWindow.cs,615de7e5beb38144feb71ace5de84b169b1eacb017ad48f7c4d073b72ddc19e9,27684,Editor,Zounds,ZUI / IMGUI,0,0
Editor/Zounds/ZoundsWindowProperties.cs,3ca6d205a1bbba3a3026a59371f805acad542bc8aa65a2f67c8288359dc6650d,2615,Editor,Zounds,unknown / no renderer evidence,0,0
Editor/Zounds/ZoundsZUIBootstrap.cs,ef61d657990aa36e3c721bf293e0a2325b5be3cb82043b0a4fef2b6af6148990,4304,Editor,Zounds,UI Toolkit,0,0
Runtime/BackSplash/BackSplash.cs,9490cbc2dfb08ccc39c1766b75b7e1c0ee172ae7e568bbc860e76865dcada2fb,9143,Runtime,BackSplash,IMGUI,0,0
Runtime/BackSplash/BackSplashBackdrop.cs,8b0bf435d5fe0aef4339d2ac7aaeb2b7a56c6747204b522386b71c4e563c1944,5111,Runtime,BackSplash,unknown / no renderer evidence,0,0
Runtime/BackSplash/com.Lautaro-Arino.Laubrary.BackSplash.asmdef,f8ef2c4dd6ba7b0950154dd18c7245ac1768c8ef32e2af1497572004cc6671e7,443,Runtime,BackSplash,unknown / no renderer evidence,0,0
Runtime/Cabinets/Cabinet.cs,baac730c3cf35e88940c6f344fd9cb846b0d4207b8abb13668403a08984138af,12003,Runtime,Cabinets,unknown / no renderer evidence,0,0
Runtime/Cabinets/CabinetLook.cs,700f6a3df8e5529d9cdd797127d8c9494f0a16c4317e299a3e90d69e65464b98,1880,Runtime,Cabinets,unknown / no renderer evidence,0,0
Runtime/Cabinets/CabinetStage.cs,6bad22f90e63eb51dc93536092e867b550e4d71d343759f1d7705f66cd1fe594,7483,Runtime,Cabinets,unknown / no renderer evidence,0,0
Runtime/Cabinets/com.Lautaro-Arino.Laubrary.Cabinets.asmdef,6856c0c4362c7eb98f8881a7bfb1498fe5463e85e26f5f62437cc05d995309da,400,Runtime,Cabinets,unknown / no renderer evidence,0,0
Runtime/Caching/AssetCacheInvalidation.cs,0eccd1ad75ed0397ff9161bd7403cac71c31b87f02de59d613161aedb2f96945,3545,Runtime,Caching,unknown / no renderer evidence,0,0
Runtime/Caching/Caching.asmdef,0cd95eec2ac96fd96ad6a20c9246edccb044d9e1078df0a50bd2951358addb4e,384,Runtime,Caching,unknown / no renderer evidence,0,0
Runtime/Cartographer/Arena.cs,0b5606c00ff08289ae3522c70fc5453ce6446647b857f15159c4a2b51d1e6ca5,10973,Runtime,Cartographer,unknown / no renderer evidence,0,0
Runtime/Cartographer/Cartographer.asmdef,a38d5c6ea57d8f4c2ed6d6dccec9dc4d00be3edf3834c669e117d179c960c8da,637,Runtime,Cartographer,unknown / no renderer evidence,0,0
Runtime/Cartographer/CartographerBiome.cs,39c6882d191870e9ed3f085e401ceb404adda5a83a6dbc5ed66aae94f35b1785,3745,Runtime,Cartographer,unknown / no renderer evidence,0,0
Runtime/Cartographer/CartographerLevel.cs,a12cabc16f764e7e3f55507c36bef54f93d82e0e65f8391611059d8f83edf3fa,14946,Runtime,Cartographer,unknown / no renderer evidence,0,0
Runtime/Cartographer/CartographerPreview.cs,f37a78b2e553f39811e5dc01861a1802dfbfe28d6dd643ddbaecee0aee4667b6,6999,Runtime,Cartographer,unknown / no renderer evidence,0,0
Runtime/Cartographer/CartographerRoom.cs,05b5d0a6d475965d0fe87b0eb9c6cbede6c57cc8a7dba46e32786eb5927f5fdc,5758,Runtime,Cartographer,unknown / no renderer evidence,0,0
Runtime/Cartographer/CartographerRuleTile.cs,ec253bf1e80017eb288023fa1eb2428c02b9fc3b6cdd902c8ee2ee39b0861317,3170,Runtime,Cartographer,unknown / no renderer evidence,0,0
Runtime/Cartographer/Decal.cs,616b745a4156e67d583bd741fc8e55416fc676c0a47f7989657c51d539894b2f,2358,Runtime,Cartographer,unknown / no renderer evidence,0,0
Runtime/Cartographer/DecalAnimator.cs,2d70398c564d14e661cf4e4f7249e9eaed3ec61aea10cd84a58a42fa21fd0551,1321,Runtime,Cartographer,unknown / no renderer evidence,0,0
Runtime/Cartographer/LevelAsset.cs,621db1939d784335dc518648de581aee18495d876cac89913440f81305219c50,19316,Runtime,Cartographer,unknown / no renderer evidence,0,0
Runtime/Cartographer/LevelFlowField.cs,d89e3142b9ed06a52369a63516d54b33f6397f53e89572859e570139a3c5a965,6620,Runtime,Cartographer,unknown / no renderer evidence,0,0
Runtime/Cartographer/LevelGenerator.cs,5c0fc961eca26337746f94618c9e0dec604b1101acf209c2da7171e7f16d2377,9470,Runtime,Cartographer,unknown / no renderer evidence,0,0
Runtime/Cartographer/LevelInstance.cs,0f35f1b59766e19acd3d58381951b750a21fa2acb675b9c7d9604f69fdae9b6c,19414,Runtime,Cartographer,unknown / no renderer evidence,0,0
Runtime/Cartographer/LevelLayer.cs,7fe880796543018a1c16ca289efbed138614d66b7cd095aede91ccd41aca060c,2833,Runtime,Cartographer,unknown / no renderer evidence,0,0
Runtime/Cartographer/LevelProcgen.cs,7e85072dcffb9e97ffddc7a4efab04df00c902f8ce689a40c57b6e953fdda127,4612,Runtime,Cartographer,unknown / no renderer evidence,0,0
Runtime/Cartographer/LevelRecipe.cs,94a4a75d4cee10a5f3bc885545f25efb89609e859fbadec712d8609d0b515a51,3255,Runtime,Cartographer,unknown / no renderer evidence,0,0
Runtime/Cartographer/LevelTile.cs,12f7d7c19c4cd05b4e3cb48b3da5e939484bbc26398a5b44dbe957ff7a93115d,8060,Runtime,Cartographer,unknown / no renderer evidence,0,0
Runtime/Cartographer/Prop.cs,ef7ce87c2d3581a0b9b78abafaf6ef4ec95e6fb75531e943dd8b1ff8e6f2f4d4,7765,Runtime,Cartographer,unknown / no renderer evidence,0,0
Runtime/Cartographer/PropBehaviour.cs,4b1dc6e04486b6c881002ef1892f11c80b7af094bb1ef6e11b7fcdd9bd554602,2928,Runtime,Cartographer,unknown / no renderer evidence,0,0
Runtime/Cartographer/RoomCameraBinder.cs,826a957bcfa827a574689a970f856905bccdd50ad133187a475d92092cffccd3,1941,Runtime,Cartographer,unknown / no renderer evidence,0,0
Runtime/Cartographer/Tileset.cs,b412592f4144080bff0b4f600653c818d2b6d19597a452bf771dcc2e7f7ae367,7194,Runtime,Cartographer,unknown / no renderer evidence,0,0
Runtime/Cartographer/TileTag.cs,0c0f170c1219b8494342e27850fdbae66b54928508f03a2d2545d53cf8ed5ce5,1003,Runtime,Cartographer,unknown / no renderer evidence,0,0
Runtime/Choreographer/Choreographer.asmdef,ed5b8386d56d2e37e93aad907f76349253f7c6fcd324f6380aafb76d37a3e179,396,Runtime,Choreographer,unknown / no renderer evidence,0,0
Runtime/Choreographer/Choreography.cs,5403bcce805a7ab10b0a6768536f23073702ff3b04c2f9b5b3cd5ffae466bd2e,5263,Runtime,Choreographer,unknown / no renderer evidence,0,0
Runtime/Choreographer/ChoreographyDebugView.cs,c92ab3cef9f2557d0fb59ac0a5505d95a20a8d06dd43749709ad1c3ab62125d6,3228,Runtime,Choreographer,unknown / no renderer evidence,0,0
Runtime/Choreographer/ChoreographyPlayer.cs,eccfd3e1b46e90be18983c03c44650a1c05afd1b34e3008d2ed58e153fb59c58,6818,Runtime,Choreographer,unknown / no renderer evidence,0,0
Runtime/Choreographer/ChoreographySampler.cs,d75e3ef2d65d961290d73e2d805a15d0405e3c25bbaa68e1e1c07749ddf92b1e,13227,Runtime,Choreographer,unknown / no renderer evidence,0,0
Runtime/Chunks/Capabilities/ChunkCapability.cs,c20dff32183e66555d4c38d4034ea3792ec4d926c76ebca3e8d4ec036b97df99,9734,Runtime,Chunks,unknown / no renderer evidence,0,0
Runtime/Chunks/Capabilities/ChunkClock.cs,6fd8146e5c77ca7a51a240f3380f2613d78a0caf459eae25b7e2aa8c0e41009b,3372,Runtime,Chunks,unknown / no renderer evidence,0,0
Runtime/Chunks/Capabilities/ChunkRng.cs,cd3d9a51bf0ceb4f868d87c09fc5b23e48c21f56171f66297e5d9b66c6eb309d,3199,Runtime,Chunks,unknown / no renderer evidence,0,0
Runtime/Chunks/Capabilities/Cues.cs,b89bf6ebfcacc5e5574cf677047de257e5e099531834ecd9b417f32ea7b3a00b,5741,Runtime,Chunks,unknown / no renderer evidence,0,0
Runtime/Chunks/Capabilities/DebrisScatter.cs,52a69319f353107f44539691abee315940849476fce431f2195b2abcdb86821e,24343,Runtime,Chunks,unknown / no renderer evidence,0,0
Runtime/Chunks/Capabilities/FragmentFracture.cs,2721d01f91160d646f5642c2377fc0f0bf35c62b73151ddb33c0a2ee51bef1d8,20112,Runtime,Chunks,unknown / no renderer evidence,0,0
Runtime/Chunks/Capabilities/Hits.cs,896ad1d89d8c66b98e2edaeee97071037898864c60cff60e4754505c1a7dbf1f,2367,Runtime,Chunks,unknown / no renderer evidence,0,0
Runtime/Chunks/Capabilities/LayerPlan.cs,e2353dccd85318d4dce44d59ec86dba46b064682b8825ecf4c45cf2213f48313,17410,Runtime,Chunks,unknown / no renderer evidence,0,0
Runtime/Chunks/Capabilities/PaletteSplash.cs,78a5b257cd8a31d5f118145d23593dd03a3704521f53f27ebfe534a344c2c966,49554,Runtime,Chunks,unknown / no renderer evidence,0,0
Runtime/Chunks/Capabilities/PyreBlast.cs,fc69e5f733564b2bdafdbf049d1c0326f0ef00a44e280290ce39ba4c36cdcaee,19468,Runtime,Chunks,unknown / no renderer evidence,0,0
Runtime/Chunks/Capabilities/Trail.cs,fd392d0c0aa46256d8209c9899dcca6029a51d6297382fe708bd44a955c7e833,1216,Runtime,Chunks,unknown / no renderer evidence,0,0
Runtime/Chunks/Capabilities/Trajectory.cs,e0090ca8e59a4de4c6929e6d56612807ba92ccfcf9a67bd086d0c1b095377555,10767,Runtime,Chunks,unknown / no renderer evidence,0,0
Runtime/Chunks/Chunk.cs,cae79d66d720e5555a2ff17d3f631f03d6720bb3ba6859cff7298393142ec79f,14586,Runtime,Chunks,unknown / no renderer evidence,0,0
Runtime/Chunks/ChunkEdgeTints.cs,25063600991cee84a507ffbc8bfa9de05382e7a465a75ed4d23cefdf03f391de,4798,Runtime,Chunks,unknown / no renderer evidence,0,0
Runtime/Chunks/ChunkEmitter.cs,6401a1c52104eb59d5b54331532cdab8582d999696cd0dbda0c65e5d8d6ab6a9,7600,Runtime,Chunks,unknown / no renderer evidence,0,0
Runtime/Chunks/ChunkPool.cs,07b2771bbed4f4520c3e10dc7274ea366daac469c2067214ed6def37b3527d32,1204,Runtime,Chunks,unknown / no renderer evidence,0,0
Runtime/Chunks/Chunks.asmdef,da2c6c72d773041497e09da57edf3a9b72a6946163f55c7798d44cad38065d4d,769,Runtime,Chunks,unknown / no renderer evidence,0,0
Runtime/Chunks/ChunkSpec.cs,ea9188a569f60c14a72cc4c12cd934bf91577280f813ed7a84b4236a4e797f55,40375,Runtime,Chunks,unknown / no renderer evidence,0,0
Runtime/Chunks/ChunkSprites.cs,4786991f47779d1fdc0b78fd4ff21670ed72d0c35d2b75fc773315e99d81c8f1,9461,Runtime,Chunks,unknown / no renderer evidence,0,0
Runtime/Chunks/ChunkTumble.cs,25ee925e2d6a21059effc94b13be9adeeedb109618d3c2622bebec9cb5bc8be3,1663,Runtime,Chunks,unknown / no renderer evidence,0,0
Runtime/Chunks/Follow/ChunkFollowEmitter.cs,15047e255605944062ac063d78941fa6a28a4ee17120556819bc99d1de7e67ef,20470,Runtime,Chunks,unknown / no renderer evidence,0,0
Runtime/Chunks/Follow/ChunkTravelDirection.cs,60e4c1c5a3bedc0f87103a8da0d5e6666c94fe99283ad25651ad81085f313ec5,8600,Runtime,Chunks,unknown / no renderer evidence,0,0
Runtime/Chunks/Formation/SpawnFormation.cs,59aabf746014c01ebba73d9e3ec046d3391ea9502ddd068f6f65e005796dc9f8,16298,Runtime,Chunks,unknown / no renderer evidence,0,0
Runtime/Chunks/Formation/SpawnFormationRunner.cs,9eb82ed3e3eadb33f60d9fd141f3f9f19eac4f6d8f9e3ac1e5b20d4eb4678bff,3049,Runtime,Chunks,unknown / no renderer evidence,0,0
Runtime/Chunks/Formation/SpawnPlacement.cs,8a9ec5889b1ed348acd27ab4245cc52d9c38d659e42a047aea2e378daf910b53,1283,Runtime,Chunks,unknown / no renderer evidence,0,0
Runtime/Chunks/IChunkAnimation.cs,33189247aca663831e4360cebe0b2cbb6189e60c90dcd3232eea66d29321e5e8,832,Runtime,Chunks,unknown / no renderer evidence,0,0
Runtime/Chunks/IChunkTrailSource.cs,5bffb9289bb4a6118ebb15a9d28a87bf4021d35e91e91e33ccad9e3817ea6322,761,Runtime,Chunks,unknown / no renderer evidence,0,0
Runtime/Chunks/Legacy/ChunkSpecLegacy.cs,f8ce617b274471af64172d64043133d40be9d470340b685cf69616cdafd66a55,5972,Runtime,Chunks,unknown / no renderer evidence,0,0
Runtime/Chunks/Modules/ChunkModuleContext.cs,b91fbd7c0c2ce40967efb862090f4917245837f7ae64d470c79d9ea2bb77b583,8272,Runtime,Chunks,unknown / no renderer evidence,0,0
Runtime/Chunks/Modules/ChunkModuleRunner.cs,8d199277f1a338f5773c2429654c5d1346470f0044c5f85232de069632494971,5552,Runtime,Chunks,unknown / no renderer evidence,0,0
Runtime/Chunks/Modules/ChunkModules.cs,0ebf053e4387435f5e77e6d3b0ad84df9f17db1b8373b01c107f6819170253cc,4244,Runtime,Chunks,unknown / no renderer evidence,0,0
Runtime/Chunks/Modules/IChunkEffectSpawner.cs,e37518c4a9159858236d0a2a162ebdcd49382ec6c39aed87d859f8fb613c8bdf,1296,Runtime,Chunks,unknown / no renderer evidence,0,0
Runtime/Chunks/SampledChunkSprites.cs,00c05c2a13d6d2a3667c627917663a633af29583b53db4b950fa93c74778f406,24963,Runtime,Chunks,unknown / no renderer evidence,0,0
Runtime/Chunks/Slicer/ChunkBlobMask.cs,0eb29684dd70eaf89d52810ef2d2b93eedc4cd182d10bfd21c26249d621ebd7c,10799,Runtime,Chunks,unknown / no renderer evidence,0,0
Runtime/Chunks/Slicer/FragmentCutter.cs,2c0a8d749d9b655cfead0a8d927be7be9eddcba90c73b84af98b2ee819be3c85,21843,Runtime,Chunks,unknown / no renderer evidence,0,0
Runtime/Chunks/SpriteChunkAnimation.cs,04123e18686c2ca1de61e287d6de1a7340bf363acb6cecd86810fa0849809803,1693,Runtime,Chunks,unknown / no renderer evidence,0,0
Runtime/Chunks/Timeline/ChunkTimelineEvents.cs,c138a1a59e8e486f67fcd8b8204596d1e263f54b95388692bd26263679672e7e,2991,Runtime,Chunks,unknown / no renderer evidence,0,0
Runtime/Chunks/Timeline/ChunkZoundHook.cs,a7649d50cab088c4169c1f4962b76386d985e44c313ad01eed751d21f907ae36,1617,Runtime,Chunks,unknown / no renderer evidence,0,0
Runtime/ChunksZounds/ChunkZoundPlayLink.cs,afd70df231151c815160fccde02a1f97c4002fdaac7edb219818dc97bacf5f8c,1341,Runtime,ChunksZounds,unknown / no renderer evidence,0,0
Runtime/ChunksZounds/com.Lautaro-Arino.Laubrary.Chunks.Zounds.asmdef,88c4159b83e10731e9c757fd25d50fec5ab85c85bc4effb95d5f125cb864fc7a,489,Runtime,ChunksZounds,unknown / no renderer evidence,0,0
Runtime/Combat2D/AimIndicator.cs,878c17ed04a479c0d671c730861fc747ebf03a65495266b0f840c3ec433b965c,4105,Runtime,Combat2D,unknown / no renderer evidence,0,0
Runtime/Combat2D/Combat.cs,a45d62a4089b3454437b4ec3d426cccd37fbf8ce4b7fcec10b688c6d6eb0e083,3037,Runtime,Combat2D,unknown / no renderer evidence,0,0
Runtime/Combat2D/Combat2D.asmdef,c10b58260261e935f0d0b6110048815435354c2cee93cd6fe856188b738d37a2,436,Runtime,Combat2D,unknown / no renderer evidence,0,0
Runtime/Combat2D/Combatant.cs,4ab11af664dc97c1714a5de21ccf8aaa69e061fa0c84cc9c787752b9c8d2f188,3268,Runtime,Combat2D,unknown / no renderer evidence,0,0
Runtime/Combat2D/DamageInfo.cs,631f1de254ee8f8b5804ae5c555451a2b92f374a9a8d88c1212d09d727d9a161,1582,Runtime,Combat2D,unknown / no renderer evidence,0,0
Runtime/Combat2D/DamageType.cs,5c9b8fc353f686ef8ac6309efac0824ee442e0b26b78f825b477a678263f7325,1411,Runtime,Combat2D,unknown / no renderer evidence,0,0
Runtime/Combat2D/Faction.cs,bbb21366cc8e7d337d71961074532d9f982dbd986aa329162de9720408f2f844,2026,Runtime,Combat2D,unknown / no renderer evidence,0,0
Runtime/Combat2D/Health.cs,bd4f1bcf3fdfdfe3df6b0aa7cac0b90145177e48534bb0da7869777d6d8b2e9c,6245,Runtime,Combat2D,unknown / no renderer evidence,0,0
Runtime/Combat2D/Hitbox.cs,1e6878a88f0139fe1a06381561705a2ac9861105c551b701257365c26e92e10f,2490,Runtime,Combat2D,unknown / no renderer evidence,0,0
Runtime/Combat2D/Hurtbox.cs,418ee568936343e8d6f3d3fd86852e684a7b5350e53bb284b3b6100ea879f60c,1478,Runtime,Combat2D,unknown / no renderer evidence,0,0
Runtime/Combat2D/IActiveWeaponSource.cs,2355583d73583c158e62de33fd95b2a4518ec94285dce5bf8f6ad9b480c5b066,1393,Runtime,Combat2D,unknown / no renderer evidence,0,0
Runtime/Combat2D/IDamageable.cs,dd88663b6f5f460c328335c111b1cc8b7c5710d278707302925fc0a0f0f6ddfb,1302,Runtime,Combat2D,unknown / no renderer evidence,0,0
Runtime/Combat2D/IProjectileMotion.cs,70a1ff74d377ecbfcd08d237d0594eb33a8c1c14e8d7b9b04837686223ad7a3c,3481,Runtime,Combat2D,unknown / no renderer evidence,0,0
Runtime/Combat2D/IVectorAimSource.cs,231365036e395718f495029d9089899639dc434d86c74c8fadb9e0fd01fba294,1678,Runtime,Combat2D,unknown / no renderer evidence,0,0
Runtime/Combat2D/Projectile.cs,9275c4ff9c0c0e72c87e02ba8162064b9f90300404ab7ce2ec76b75874e9a51f,6307,Runtime,Combat2D,unknown / no renderer evidence,0,0
Runtime/Combat2D/ProjectileContainer.cs,4545f471a011086cef7a07504ea454e06e61213983273f9303652bd1f3799b80,900,Runtime,Combat2D,unknown / no renderer evidence,0,0
Runtime/Combat2D/ProjectilePool.cs,c7abe617b417e40c6307810995af243289dc3aedcd1cdfca52e0be6ec2adf60c,1562,Runtime,Combat2D,unknown / no renderer evidence,0,0
Runtime/Combat2D/ProjectileWeapon.cs,21a7ab1fcae67b7ad6b3b072d339ed78a9b9cb2f75c922dea8e26cb54d1f80ef,14887,Runtime,Combat2D,unknown / no renderer evidence,0,0
Runtime/Cookbook/Cookbook.asmdef,46f665f76f1a30c94657b52d59eda471605a2da8ff5a8e4c56a8d7a7e3c85457,398,Runtime,Cookbook,unknown / no renderer evidence,0,0
Runtime/Cookbook/Cookbook.cs,5fc744e94462c69c49ed49e0b84993c693b5e746ac8333157dc981045bca8fe8,1806,Runtime,Cookbook,unknown / no renderer evidence,0,0
Runtime/Cookbook/Cookbook2D.cs,4b1b9d310a1fe10c54b7e1e61b8e0bcf87bacf8212df11aad3836ba65842c9ee,15032,Runtime,Cookbook,unknown / no renderer evidence,0,0
Runtime/Cookbook/MonoSingleton.cs,f87b2ca10b8d47a3b46176d4580859a8680309685af0f65e7933962036dccb3e,912,Runtime,Cookbook,unknown / no renderer evidence,0,0
Runtime/Cookbook/PersistentSingleton.cs,ed73addfecd7798ebae0484ac54453cd47a04df6ed008322a21f8589290e7a89,2183,Runtime,Cookbook,unknown / no renderer evidence,0,0
Runtime/Daemon/Agent.cs,f40a70b0803420f8c5b4168cc4a42eaa7b322ee51b7034c23c2bb2438cfb0240,3921,Runtime,Daemon,unknown / no renderer evidence,0,0
Runtime/Daemon/Behaviour.cs,15225b8a4fb2a7ff48d4e71a541e9fcf195378fa861094dfed1e8f63472faf5a,5865,Runtime,Daemon,unknown / no renderer evidence,0,0
Runtime/Daemon/Brain.cs,2fccd9325aa69c315d26ead911ae20674b77c419c454c68260b10adb46228574,12722,Runtime,Daemon,unknown / no renderer evidence,0,0
Runtime/Daemon/Daemon.asmdef,f4b945c1d327034c66e6782986784b26137b7658d6e951adea02e089e1038c56,493,Runtime,Daemon,unknown / no renderer evidence,0,0
Runtime/Daemon/DaemonRunner.cs,f911342855bb8f1eee906b0b0ccd3f18606ceb21520c0dfce5c1faa0cfec15e0,2614,Runtime,Daemon,unknown / no renderer evidence,0,0
Runtime/Dashboard/Dashboard.asmdef,75091afc7be6d3a1ea43ecdb55e05c45da715bda969a097692d9b9d1546693f5,100,Runtime,Dashboard,unknown / no renderer evidence,0,0
Runtime/Dashboard/Dashboard.cs,5e0b23743df3eb9a4cb653ccecc2a2ef289ceaf101c1673e6de93ab748fbc751,4143,Runtime,Dashboard,unknown / no renderer evidence,0,0
Runtime/Dashboard/DashboardAttribute.cs,0fa0fb9946ac144121cc1c622ab1400fef3d13866ff424502e1b0e065e8ee2fd,628,Runtime,Dashboard,unknown / no renderer evidence,0,0
Runtime/Dashboard/DashboardColor.cs,8caae702f700f7c996ea03f4040c7185560197ce366cca30f75bf22dbd0b5534,1752,Runtime,Dashboard,unknown / no renderer evidence,0,0
Runtime/Dashboard/DashboardLogEntry.cs,639dec8074ae76517cb0264be7a43a06276caa65290589304cc4536846b6b2c5,1252,Runtime,Dashboard,unknown / no renderer evidence,0,0
Runtime/DotGen/com.Lautaro-Arino.Laubrary.DotGen.asmdef,0a708e251fed53214a154588c4cfd17a8ace0d7d0061fe239c8de401ca85c261,533,Runtime,DotGen,unknown / no renderer evidence,0,0
Runtime/DotGen/DotDrawers.cs,bff18801a9a814f955e3492473c41bfa7fc37e81486136957bf2483c6870106d,6602,Runtime,DotGen,unknown / no renderer evidence,0,0
Runtime/DotGen/DotGen.cs,0249e3de18f63693178472dffe7ec5da96016ab822823dbf7b2475cf7345c30e,15669,Runtime,DotGen,unknown / no renderer evidence,0,0
Runtime/DotGen/DotGenerator.cs,defc0a47cfd9a914fd030ecf3997784aee93eea32cd7ab60a3be5ec690619452,7829,Runtime,DotGen,unknown / no renderer evidence,0,0
Runtime/DotGen/DotGenEvaluator.cs,84343545c72cd266b18bf7e1e94c15851d67e3124214ff44e9f729ce7d9fc6b0,5971,Runtime,DotGen,unknown / no renderer evidence,0,0
Runtime/DotGen/DotGenMath.cs,dd81ade709a5592f41c899e4300d226b4e1c75b58380a087f58befe2f37d5919,8067,Runtime,DotGen,unknown / no renderer evidence,0,0
Runtime/DotGen/DotGenRenderer.cs,1524a4ddbf5c1abb1c7317923064ab4577de52fc083c10aba6ba4ba6a85500a9,13651,Runtime,DotGen,unknown / no renderer evidence,0,0
Runtime/DotGen/DotGenResult.cs,89f158a549010911563be14015dfac7b36e24d9c73f7c6137e1531504ff3f161,2925,Runtime,DotGen,unknown / no renderer evidence,0,0
Runtime/DotGen/DotGenTree.cs,1f860e56998e8e66db1f2026561d16d51e50a171a80da10194daa4b6ed3737cd,3181,Runtime,DotGen,unknown / no renderer evidence,0,0
Runtime/DotGen/DotModule.cs,f12a5b6bdaceca4bcbe8918cacc202d9f4b0297cd54641840d42ec5ed949c056,9204,Runtime,DotGen,unknown / no renderer evidence,0,0
Runtime/DotGen/DotMutators.cs,8f9b2519a60e090a00da9f7e1ad55f22f0b66614bf75bb90c92e938edb24ecbd,8672,Runtime,DotGen,unknown / no renderer evidence,0,0
Runtime/DotGen/DotPlacements.cs,145460b7ee22cc984961c38afd2ffa8eee8490392a517abfea54d7ec0f169ba9,11672,Runtime,DotGen,unknown / no renderer evidence,0,0
Runtime/DotGen/DotSelectors.cs,0f0fce7f29ff0c8dae0ae7712989a0ba1fcf00cff0d400edb239556d7a60c073,4674,Runtime,DotGen,unknown / no renderer evidence,0,0
Runtime/InputGuide/com.Lautaro-Arino.Laubrary.InputGuide.asmdef,d4c5ef43d253a6f7a962ee59ec5ff380356cc917252d68dced28c6c51b7b6a48,472,Runtime,InputGuide,unknown / no renderer evidence,0,0
Runtime/InputGuide/ControlCatalog.cs,071833812ab9a2bfbc5538e4b7f96f26996ca42273f1e211b29e149633b9285a,3623,Runtime,InputGuide,unknown / no renderer evidence,0,0
Runtime/InputGuide/InputGuideOverlay.cs,05a5c9e44cf233d55ed3b5903ffb5b147082c8159bc994dbcfaf77b3efdbfd48,17941,Runtime,InputGuide,ZUI / IMGUI,0,0
Runtime/InputGuide/InputGuideRuntime.cs,608c6c9ce3704dd300965e068865660b8e1e82c198b0c9c817e9e0bdc64b4cc8,10626,Runtime,InputGuide,unknown / no renderer evidence,0,0
Runtime/InputGuide/InputLegendModel.cs,8e42ad75f67f7b50ac6972e5e707cd944feda376b11eb68dc45e5c463dc03c26,7067,Runtime,InputGuide,unknown / no renderer evidence,0,0
Runtime/Larder/Larder.asmdef,52a7498f24cf4e223f1afcd64b8180b42fb924fb83e897141fbe90e7e06d8fbb,396,Runtime,Larder,unknown / no renderer evidence,0,0
Runtime/Larder/ShelfWare.cs,6a1ab0974aa3fb7a71246a3a49bda24eb63073cc9cb676d4b9c6c2af0907ea6c,3851,Runtime,Larder,unknown / no renderer evidence,0,0
Runtime/Larder/WareDebris.cs,0ba6d3ae9b4ee8798d2b0c4d3612397c95ac92d8cdf3ecec88f922a1e605e5c2,3729,Runtime,Larder,unknown / no renderer evidence,0,0
Runtime/Larder/WareEnums.cs,d6888dd31da14569b5629c6a095f687bb22192964eed6760b601419e24fe5c7d,2107,Runtime,Larder,unknown / no renderer evidence,0,0
Runtime/Larder/WareGenerator.cs,49c3d866bbaacc7099dc7b98ceef590a025b4dd58c44e450b0a705844f398bac,23551,Runtime,Larder,unknown / no renderer evidence,0,0
Runtime/Larder/WarePalette.cs,f62015d13c1a1df2e0a305cfe8d40df3101514684e08577d596c8742cc1ccdc6,3024,Runtime,Larder,unknown / no renderer evidence,0,0
Runtime/Larder/WareShake.cs,6a3f327294a77a030375a67f1f0751d295b7c4701643b6c56a90fdd006e25294,1591,Runtime,Larder,unknown / no renderer evidence,0,0
Runtime/Larder/WareSpec.cs,a5ec42c2fd9283b2d1932ff51f917885fbcb850519beece1c71e75f0bd3812af,5437,Runtime,Larder,unknown / no renderer evidence,0,0
Runtime/Lathe/Lathe.asmdef,5bc17bae5b763ab7ec58bef8d82d703ce9059617d713efd9ac228bc81f8a905c,433,Runtime,Lathe,unknown / no renderer evidence,0,0
Runtime/Lathe/LatheMeshBuilders.cs,be4dd4e22059387251a0003d189f1f3a7c8c17ec1a67288945c106e3b0c400ee,8505,Runtime,Lathe,unknown / no renderer evidence,0,0
Runtime/Lathe/LatheMeshData.cs,1605a7ef825effd1cabe801e611ce19e8ee107e9f7eb8e773715c0c920fb76aa,5356,Runtime,Lathe,unknown / no renderer evidence,0,0
Runtime/Lathe/LatheMeshModifier.cs,d78b4a2ee7eecae10ce93de47fa18363e17499453f12f71890d1a3193c5e43c3,2118,Runtime,Lathe,unknown / no renderer evidence,0,0
Runtime/Lathe/LatheModule.cs,3693b4003b5d79ccecca0fe144ba33b295a348b278470288d13df4bc41215509,3477,Runtime,Lathe,unknown / no renderer evidence,0,0
Runtime/Lathe/LatheSolid.cs,61fd592df457677a5539def75af21af0250ec4abb64f3ef8acdcec187eb28cf2,6608,Runtime,Lathe,unknown / no renderer evidence,0,0
Runtime/Lathe/LatheSpec.cs,78f2bec0281ee7aafe0e28ba6100731485678e62cf25204240b080b02d80c630,1561,Runtime,Lathe,unknown / no renderer evidence,0,0
Runtime/Lathe/LatheSurfaceFill.cs,982edb97ed742744d7e0b3fc3e8440fcce16563b7c872479e885b73cfbec5c12,4792,Runtime,Lathe,unknown / no renderer evidence,0,0
Runtime/Lathe/LatheTextureLayerBaker.cs,d2458fd8926b22069654efbcdd174ebc58dbb5f92d71f776b069441f236dd1f6,4413,Runtime,Lathe,unknown / no renderer evidence,0,0
Runtime/Lathe/Modifiers/MirrorMeshModifier.cs,f12f0f7e6d5ee0f04b6f6fb3e506418a0fb6e5fd31606fc2ea48f7dfb8db5973,2966,Runtime,Lathe,unknown / no renderer evidence,0,0
Runtime/Lathe/Modifiers/NoiseMeshModifier.cs,eb40f14acb082c455d0e8f40377db4bad55a2b833cf990d23619da1eac2b28ab,2124,Runtime,Lathe,unknown / no renderer evidence,0,0
Runtime/Lathe/Modifiers/RadialArrayMeshModifier.cs,f2fc511b8628180cacaf20fff10fda0180a138ffc1847fb6af75a46a0e23008b,3115,Runtime,Lathe,unknown / no renderer evidence,0,0
Runtime/Lathe/Modifiers/SurfaceReliefMeshModifier.cs,04ac152a291dd2027a840444ed4ce0f02af4c1840cb6a2d1315c84ba566d3d71,3035,Runtime,Lathe,unknown / no renderer evidence,0,0
Runtime/Lathe/Modifiers/SurfaceStampMeshModifier.cs,3a6d4d74a1956018db2248dfca6875166cf375f141e8b22efa0b5e361c9b3e06,3163,Runtime,Lathe,unknown / no renderer evidence,0,0
Runtime/Lathe/Modifiers/SurfaceWaveMeshModifier.cs,a6fc209668c508516c06115d4e86830efffb46e4508b4dd09c73ff702caee87f,3316,Runtime,Lathe,unknown / no renderer evidence,0,0
Runtime/Lathe/Modifiers/TaperMeshModifier.cs,e12b3133fb4d7d5a030fce5e4b2dc367c0fcad9dd697347a804701bc67b9c323,2588,Runtime,Lathe,unknown / no renderer evidence,0,0
Runtime/Lathe/Modifiers/TextureReliefMeshModifier.cs,d01accae6af4b3fd238a4eb379121c658f8ad7eef68c42c851b2cf31c07ea23f,2790,Runtime,Lathe,unknown / no renderer evidence,0,0
Runtime/Lathe/Modifiers/TwistMeshModifier.cs,80bc7e86af46dd25d861d4035ecb5db89714505fa57c5f179772ee119bf51acc,2007,Runtime,Lathe,unknown / no renderer evidence,0,0
Runtime/Lathe/Modules/ExtrudeModule.cs,eef35ef4fb627ff834d9b2dc05bef4c0f4e65c8992a2abee0e3b5e0e335345f3,8297,Runtime,Lathe,unknown / no renderer evidence,0,0
Runtime/Lathe/Modules/MoldedShapeModule.cs,5eafc0a8e1c10e347c9d1ca7c220e1fcd993d0451541c4f69c383ab10a489981,1719,Runtime,Lathe,unknown / no renderer evidence,0,0
Runtime/Lathe/Modules/PrimitiveSolidModule.cs,a5c68e53667440098e4e1ac535bf468259eec7c5b2900cdd5cad02395abc3d4c,2471,Runtime,Lathe,unknown / no renderer evidence,0,0
Runtime/Lathe/Modules/ProfileSweepModule.cs,b4426582ab6855c19438a7e73f1cec8d72a7b76cce0c4dd02b914864fb71d117,8600,Runtime,Lathe,unknown / no renderer evidence,0,0
Runtime/Lathe/Modules/SkeletonSweepModule.cs,98ff0c7ea620445b454ed01c51936202f47ba60a05d1ca73f1d44df1e6b6aa68,11637,Runtime,Lathe,unknown / no renderer evidence,0,0
Runtime/Lathe/Mold/LatheMoldAsset.cs,3089bf6657a7a433f0a5fa2ed621977173c6b9a70d6a98b60de192341303de09,4189,Runtime,Lathe,unknown / no renderer evidence,0,0
Runtime/Lathe/Mold/LatheMoldCage.cs,8cab137f94184b47b7df1f260e4f9ebf25c4e83557e083df78c39debb78ff953,3127,Runtime,Lathe,unknown / no renderer evidence,0,0
Runtime/Lathe/Mold/LatheMoldNode.cs,6bb70bd68e15aed1f45ea406350a3c61237f2e32ac427840c9d4bfd9c409032d,2612,Runtime,Lathe,unknown / no renderer evidence,0,0
Runtime/Lathe/Mold/LatheSdf.cs,6aec4f4019d0cb0609d3659c7e52b599db49c693c4f85e6bfab87150be134ec7,2878,Runtime,Lathe,unknown / no renderer evidence,0,0
Runtime/Lathe/Mold/LatheVoxelMesher.cs,f7ca26f2094137f1b5fdb2cb8c05568eb707a245273c04e914be8dd16c154c44,9583,Runtime,Lathe,unknown / no renderer evidence,0,0
Runtime/Lattice/Lattice.asmdef,ee4e397461e59f0598d2a138ff8c8f6cbb00ce5cca9145235b4441c302311b5a,94,Runtime,Lattice,unknown / no renderer evidence,0,0
Runtime/Lattice/LatticeEdge.cs,cbe6c3e418f22e66a77104a41c5c806d032613d3aabd85ceed56a9611b600843,2316,Runtime,Lattice,unknown / no renderer evidence,0,0
Runtime/Lattice/LatticeGen.cs,b0d09e46d28e8af57b9eb2becae9d672935bd68f258e3e491c7652f65f406108,9765,Runtime,Lattice,unknown / no renderer evidence,0,0
Runtime/Lattice/LatticeGraph.cs,cf5ab4f2832acd3d0c95d07684d6ffb71e0c7dfc9f90eeac98137d4ffca26b25,8370,Runtime,Lattice,unknown / no renderer evidence,0,0
Runtime/Lattice/LatticeSweep.cs,566e24e35352f313b874818a5bd41494f532afaa46efdd3c0750c5729945661f,4139,Runtime,Lattice,unknown / no renderer evidence,0,0
Runtime/Lattice/LatticeWalker.cs,e1847071ed64b3cb58e423d3c9d9c6554a82139f74b42fd1d8b0818d007c5914,7686,Runtime,Lattice,unknown / no renderer evidence,0,0
Runtime/LatticeLines/LatticeLines.asmdef,0d4f2dbb923be3f6d2c4de96c02cef2796c1ed9d1b7e9cc31dd32ccee30d16cb,176,Runtime,LatticeLines,unknown / no renderer evidence,0,0
Runtime/LatticeLines/LatticeLineView.cs,1ddf17be02df37675dd58e87bbc7fbb8c138d8326ef92b6446511c33824e38cf,5790,Runtime,LatticeLines,unknown / no renderer evidence,0,0
Runtime/LatticePixels/LatticePixelCanvas.cs,9d8546ac039e83e0c24fa95accf4c0abe4f492c007ff9e9eb590712311d5f4ea,12134,Runtime,LatticePixels,unknown / no renderer evidence,0,0
Runtime/LatticePixels/LatticePixels.asmdef,046fda39a32cbaa5b673547f05d476610610fe98b6aeecbd9e2a1af03af3ef32,178,Runtime,LatticePixels,unknown / no renderer evidence,0,0
Runtime/LatticePixels/LatticePixelView.cs,b0403fe2fc51acf434ed83490f39fd54a77fe40117fc6d68ed2aa6d77fcd9359,9922,Runtime,LatticePixels,unknown / no renderer evidence,0,0
Runtime/LatticePixels/LatticeVision.cs,56df73a4010c5e789648176255c9e1013947d03d735ba33799daf92027780f35,4308,Runtime,LatticePixels,unknown / no renderer evidence,0,0
Runtime/LauminaryCombat/LauminaryCombat.asmdef,8cb71011a0219ba3109c861d0d9ce1956c901a7e742b3aecd46e186ba8ac15d7,517,Runtime,LauminaryCombat,unknown / no renderer evidence,0,0
Runtime/LauminaryCombat/LauminaryHitFilter.cs,8002199af0038d047ad03724e83856697d35a49f8db5ada1fd71ba6c29b4d859,3255,Runtime,LauminaryCombat,unknown / no renderer evidence,0,0
Runtime/Launimator/AnimationAsset.cs,f5d60f6f37a07689d3128e416fd7729b17c8e4713b5e56f4eb94c342312047e8,681,Runtime,Launimator,unknown / no renderer evidence,0,0
Runtime/Launimator/AnimationPlayback.cs,bd451b7216e2fbcb223f8bd083e5ce857a1ef112d7cc0cce748575aa6da7922a,5056,Runtime,Launimator,IMGUI,0,0
Runtime/Launimator/AnimZone.cs,73f5e2ba293e1e2f99931b6bc809c6bd4d26eb33338b347528508759131ff30f,1314,Runtime,Launimator,unknown / no renderer evidence,0,0
Runtime/Launimator/Lauminary.cs,41549c57c9faa14cf824a88c1aeaa274caafdb3dff3c36105935b55d4f0a57da,10280,Runtime,Launimator,unknown / no renderer evidence,0,0
Runtime/Launimator/LauminaryAnimationChunkAdapter.cs,01bbaa42b47d684ed927a25407a22bb40be0bccef415f11dd49e931455db5583,3422,Runtime,Launimator,unknown / no renderer evidence,0,0
Runtime/Launimator/LauminaryPlayer.cs,51dc1023d5dac1a05d7fa5e97e2e56ed9f82047fb373793de7c8716034dd4c90,9581,Runtime,Launimator,unknown / no renderer evidence,0,0
Runtime/Launimator/LauminaryVersion.cs,c14599fd8a9de32fbd84904fd0a96691feddd61ac747cfebe815d07a39bc8dc6,4276,Runtime,Launimator,unknown / no renderer evidence,0,0
Runtime/Launimator/LauminationSet.cs,2e99a90c16831b71c27bba3c81f7d03170ca4ac5a8cff5099a916e5b7d19890e,8793,Runtime,Launimator,unknown / no renderer evidence,0,0
Runtime/Launimator/LauminationSetResolver.cs,34cd5fd64745ca808566b7e1143ad44ba985e005303e7677b08e003c4730fc16,17256,Runtime,Launimator,unknown / no renderer evidence,0,0
Runtime/Launimator/Launimator.asmdef,fce79014f57cb82e6a94dd726c64818a096f4fc26e7c557574df77a914a0d508,487,Runtime,Launimator,unknown / no renderer evidence,0,0
Runtime/Launimator/MetaCellQuad.cs,3430073e871016b9ac384633e3c20361a4c46f7a9fc7f612db4f418f199b19ea,399,Runtime,Launimator,unknown / no renderer evidence,0,0
Runtime/Launimator/MetaLayer.cs,c8e411c75c8b16fff82680870a0257461f7f2c3162c43dbee905220be9f27935,8938,Runtime,Launimator,unknown / no renderer evidence,0,0
Runtime/Launimator/SpriteCatalog.cs,d5585d3ab208e5aa50885f44938bcdc8de2d3bad2cf9fbb6e67dc7468d685882,2720,Runtime,Launimator,unknown / no renderer evidence,0,0
Runtime/Launimator/ZonedAnimationPlayer.cs,180fc7259aee267275e2af94fd888c37874cca84352356ae7935e2b04e03e07f,46798,Runtime,Launimator,unknown / no renderer evidence,0,0
Runtime/LaunimatorZounds/com.Lautaro-Arino.Laubrary.Launimator.Zounds.asmdef,dae7b707e0117c8956b92fc4012c09cd64b298c50d94a2243df074c7d44b2e75,501,Runtime,LaunimatorZounds,unknown / no renderer evidence,0,0
Runtime/LaunimatorZounds/LaunimatorZoundBridge.cs,bb051e4bd0f1d1d6d15ba014ba874ae410c9aa8f0bd852b08cfed8989bfc560f,2203,Runtime,LaunimatorZounds,unknown / no renderer evidence,0,0
Runtime/Layering/Layering.asmdef,c1415a1ea30ca5d61c235228fa74a988702b153c6c4d2ed07a0ce1324f21d9bb,386,Runtime,Layering,unknown / no renderer evidence,0,0
Runtime/Layering/LayerSpec.cs,326f3863901f52ce2b8e9ecb9b6ff0decdfdda33ad8faaefe8821cbbbad3c1cc,7906,Runtime,Layering,unknown / no renderer evidence,0,0
Runtime/Lazor/Lazor.asmdef,3026ea6bea59bd02102b4582123815a8539194a5e48d76969d2d131940697f45,146,Runtime,Lazor,unknown / no renderer evidence,0,0
Runtime/Lazor/LazorEnums.cs,42cfdd1a33b35ffeb4f833c72a82e6a54abba01f2af165b601c28c1c03e16da5,1056,Runtime,Lazor,unknown / no renderer evidence,0,0
Runtime/Lazor/LazorGeometry.cs,49175fa9bb50c19ec7fe46f6fe29ebd8130c629f1097af2146e2b1b15d05f074,7107,Runtime,Lazor,unknown / no renderer evidence,0,0
Runtime/Lazor/LazorLayer.cs,f05af854bfdf15f28eae1bd751797f4a56a0e4ff9754e48c6cddcacee0de7830,2955,Runtime,Lazor,unknown / no renderer evidence,0,0
Runtime/Lazor/LazorPath.cs,4b664f06eb59dd57e7c79af6d91c5d3a400781ef1117fc0fa4d7ae26ecac95b2,1069,Runtime,Lazor,unknown / no renderer evidence,0,0
Runtime/Lazor/LazorRasterizer.cs,52df7afbbed0d83074490bf4e40f9d1f21e657b18fdca28c4ee8c3c32ac84cca,6827,Runtime,Lazor,unknown / no renderer evidence,0,0
Runtime/Lazor/LazorShape.cs,cd77ccc8566ed6d8f8f3028fba7a9b49a414360ea80f3d54bf51723ac639307f,2876,Runtime,Lazor,unknown / no renderer evidence,0,0
Runtime/Loom/Graph.cs,024ea1bcca20d34bc8d2f28f972837179b15db42733ecf801a994b12eb578061,4007,Runtime,Loom,unknown / no renderer evidence,0,0
Runtime/Loom/GraphAsset.cs,cc9f4bbab31f0e7e1d9a38d4acca5166f12e79ff31c9784fcacd638370689df2,1869,Runtime,Loom,unknown / no renderer evidence,0,0
Runtime/Loom/GraphDropdownAttribute.cs,006bb59eaf9a345cfb587cee20773dbdce6d67ed6fb3d89c85d41a6ca96d9eda,852,Runtime,Loom,unknown / no renderer evidence,0,0
Runtime/Loom/GraphRunner.cs,2d1b5a08c9892d5b3a683eebaff63673be3d08eb39b16a839aebd02b9b774785,9054,Runtime,Loom,unknown / no renderer evidence,0,0
Runtime/Loom/Loom.asmdef,3857dc92ea273cc9464cf005102e90f30ccd7cc2da2820292b5a893f44650c48,378,Runtime,Loom,unknown / no renderer evidence,0,0
Runtime/Mirage/com.Lautaro-Arino.Laubrary.Mirage.asmdef,66d2efedd9a62cea6a1b1fc59151077717f061f5165f9ca84e74b0f6dd334cdf,946,Runtime,Mirage,unknown / no renderer evidence,0,0
Runtime/Mirage/MirageActiveView.cs,24e3c83da2550695f0ab96d5162b9be370d5f939735271147da194e3757d86ea,672,Runtime,Mirage,unknown / no renderer evidence,0,0
Runtime/Mirage/MirageAssetPicker.cs,2442216425231d12e10d111a23ba5ea09edbb421108459bf4d72c1f09fd4abab,4245,Runtime,Mirage,unknown / no renderer evidence,0,0
Runtime/Mirage/MirageChunkBurst.cs,5439c7936fc25865b97927829dd9f9a6fa950561200349ce10ed2a6daab8d36e,7162,Runtime,Mirage,unknown / no renderer evidence,0,0
Runtime/Mirage/MirageFlashSignal.cs,885030c58c4364fbe91c1bd4e4396fc664003944cd700cb77276de8899aecc4f,722,Runtime,Mirage,unknown / no renderer evidence,0,0
Runtime/Mirage/MirageHud.cs,b1fb7b79bb2c81433eff3b616fd8325010cee7c0ee388c9c17466db1c41459b7,21172,Runtime,Mirage,ZUI / IMGUI,0,0
Runtime/Mirage/MirageManualDriver.cs,ac00c6b3d1713793526656f2a0021438025cc4bf28ad30c9d64061918c21f847,5587,Runtime,Mirage,unknown / no renderer evidence,0,0
Runtime/Mirage/MirageRig.cs,1cfc479621436cc1f37abf9535f1a7b0a8a9badd413fa19a0a228b056388e883,21035,Runtime,Mirage,unknown / no renderer evidence,0,0
Runtime/Mirage/MirageSubject.cs,87be4c7ae6c6d2edc4237b0bd3a34b545ae2bd292e0e8fa41db07f60797336df,30609,Runtime,Mirage,unknown / no renderer evidence,0,0
Runtime/Mirage/MirageView.cs,2913ef779b01f40426ad1b7889e0ea2aa72fe42d846961ed38b4c0c635f6f8eb,11464,Runtime,Mirage,unknown / no renderer evidence,0,0
Runtime/Monolith/Monolith.asmdef,4bfb7ef6beb0708872fa48f354665754ef46e207c6721abd187ef573f61d2f99,98,Runtime,Monolith,unknown / no renderer evidence,0,0
Runtime/Monolith/MonolithStateBase.cs,1af99caf6356f037b160d81f808506c336c3fe6b5eb92aafb3e5526e081006e0,4047,Runtime,Monolith,unknown / no renderer evidence,0,0
Runtime/Monolith/MonolithStateMachine.cs,21bbfc7565d37e9b837dc2a4c658e5d5f8baba1db9a0682884bc3aa8513d23ff,13306,Runtime,Monolith,UI Toolkit,0,0
Runtime/Notifyer/Notifyer.asmdef,ffb12811fbe470c6c089799b8ca9a1187985b3d14aad4765a24d6c16c2da71d9,398,Runtime,Notifyer,unknown / no renderer evidence,0,0
Runtime/Notifyer/Notifyer.cs,cf03956e47fdd65b44d21149cb8166b0e25736563779e45e15dc684490f3aade,5645,Runtime,Notifyer,unknown / no renderer evidence,0,0
Runtime/Overlapper/Overlapper2D.asmdef,0281ea0fec761d5adc58a084499ed46f59ae72aab9d367cfb7d9b8d9499fefd1,406,Runtime,Overlapper,unknown / no renderer evidence,0,0
Runtime/Overlapper/Overlapper2D.cs,f06f778bb343f0c0a23a6515eb51f22f69206d117bc83fa9e6640bd69602f0d3,8327,Runtime,Overlapper,unknown / no renderer evidence,0,0
Runtime/Overture/ManagedStateObject.cs,a1bd1cfccb76dada010aedb357bd0f03a940240346c77c74d15609d728f503de,901,Runtime,Overture,unknown / no renderer evidence,0,0
Runtime/Overture/Overture.asmdef,fdabd46f72eb5c020d620aaa0d35b23262867999aff5085ef13063e12eb9e8cc,439,Runtime,Overture,unknown / no renderer evidence,0,0
Runtime/Overture/OvertureManager.cs,8bb831c832ed2c0768790b3ac08a074a11733536460c45df7bcb37d1aef88b35,11100,Runtime,Overture,unknown / no renderer evidence,0,0
Runtime/Overture/OvertureState.cs,6a815a33e6d02f16ecab68d422105a1bcc445c3226943f8539165c20c3be951d,9991,Runtime,Overture,unknown / no renderer evidence,0,0
Runtime/Overture/OvertureVisual.cs,504fc355e518bd2a44b8912f1bd2d2ee7c46dcdf4b72eda4d1f76b61e6fb8242,14969,Runtime,Overture,uGUI,0,0
Runtime/PixelScale/com.Lautaro-Arino.Laubrary.PixelScale.asmdef,77c2fbaa04ebf19b19c8a90d40d4a91eb5bbca8f5c5bbd46a9c911e1379caead,366,Runtime,PixelScale,unknown / no renderer evidence,0,0
Runtime/PixelScale/PixelScale.cs,a6d94526afc7bbaee5aad8e67297290dff6f438aba1557204876c10e424cedef,829,Runtime,PixelScale,unknown / no renderer evidence,0,0
Runtime/PixelScale/PixelScaleCamera.cs,ab5df3c01875bff48a5cefb7cff6a0d0a427d9b46389309687243c0d3aafc7ad,3117,Runtime,PixelScale,unknown / no renderer evidence,0,0
Runtime/PixelScale/PixelScaleProjectSettings.cs,ad19cf97f0d2ec5f2b7c79f19d05ba0d3794135e85eab1b977c6d90b0c9cf668,1729,Runtime,PixelScale,unknown / no renderer evidence,0,0
Runtime/PixelScale/ScreenEdgeVisualizer.cs,a12580ddb2e7ca7b8afbaae40e7dd1cfb0ba5bf9e60b3f5776980c028df1ff9a,6892,Runtime,PixelScale,IMGUI,0,0
Runtime/Pocket/Pocket.asmdef,99e24cf70d5d09819ab409af263e86afb76a63316c4a7eb31734b43237bd17ce,94,Runtime,Pocket,unknown / no renderer evidence,0,0
Runtime/Pocket/Pocket.cs,0195dfbc22761cdcf5a52caa34bde4f46591246051902d07a419c47fd24ebdad,4269,Runtime,Pocket,unknown / no renderer evidence,0,0
Runtime/Pooling/com.Lautaro-Arino.Laubrary.Pooling.asmdef,bc68a80e52b67f6b7c0431bae1c5e409b215288d683046e34e2dc27225007ce6,384,Runtime,Pooling,unknown / no renderer evidence,0,0
Runtime/Pooling/ComponentPool.cs,525aa5f0758be87b572567d772893b076e93d4007e18d165bd53afc7842c5fef,3690,Runtime,Pooling,unknown / no renderer evidence,0,0
Runtime/PreviewKit/IVisualPreview.cs,c926faf16451385fb75181b83697e657603530ddc2a2bc56f58446e742688797,1579,Runtime,PreviewKit,unknown / no renderer evidence,0,0
Runtime/PreviewKit/PreviewKit.asmdef,7375827ebf3e44dded763919567776183052a9435aa1cb4b6500b29a716686dc,390,Runtime,PreviewKit,unknown / no renderer evidence,0,0
Runtime/PreviewKit/PreviewTex.cs,5365c436da1cce9ace4692bf7363912cc323bf4916b56fb448dbfd314e38d772,2511,Runtime,PreviewKit,unknown / no renderer evidence,0,0
Runtime/Pyre/CherryFrame.cs,c2bd6b2f398af7acb1dbd91c61dbf785a133291885f58edd94f2d5ba96b0f694,5399,Runtime,Pyre,unknown / no renderer evidence,0,0
Runtime/Pyre/Forms/Kiln/ArcBurstForm.cs,29cfbff70121f9aa806fca96ee0473e971feb24d11856c34479f0c01de140fb4,52283,Runtime,Pyre,unknown / no renderer evidence,0,0
Runtime/Pyre/Forms/Kiln/ArcRaster.cs,08ea15b166d975b6f784a227ab297b362e02ae3fd4c70fb6562cc15f44fdf62a,8209,Runtime,Pyre,unknown / no renderer evidence,0,0
Runtime/Pyre/Forms/Kiln/ForkBlastForm.cs,6acab28b37e94d1595633c5f406ac6f1e3b492aaf7795a6eb1578fe4c269e131,13530,Runtime,Pyre,unknown / no renderer evidence,0,0
Runtime/Pyre/Forms/Kiln/InfernoForm.cs,7295b312d3992bdc197b03bd534121980703783260e4f1d357423024f02f2b79,15599,Runtime,Pyre,unknown / no renderer evidence,0,0
Runtime/Pyre/Forms/Kiln/Jet/ExplosiveJetDraws.cs,906a0526cb29c7d89b121c1ec913e4ae4cd155728601819f4024f0e167fee2ee,24530,Runtime,Pyre,unknown / no renderer evidence,0,0
Runtime/Pyre/Forms/Kiln/Jet/ExplosiveJetForm.cs,f51c884a7d37d1046d21d9e5c363b3617bd7a3e26271f0c2dda094d9bbfdcf69,14005,Runtime,Pyre,unknown / no renderer evidence,0,0
Runtime/Pyre/Forms/Kiln/Jet/ExplosiveJetProgram.cs,04381f0af64d5560236376c5f3bda0fcfc21071b6bdb319d7d486e27fcc21a37,70951,Runtime,Pyre,unknown / no renderer evidence,0,0
Runtime/Pyre/Forms/Kiln/Jet/JetDraws.cs,ef037a8af981b4c61f9344183c3c1c82c9218ef674c0fd75c6ad04526efbdada,7904,Runtime,Pyre,unknown / no renderer evidence,0,0
Runtime/Pyre/Forms/Kiln/Jet/JetForm.cs,e6ac6099da169b2b7880eb0983acdae4af4fccd85320f6d2403c3f6ba5790826,6034,Runtime,Pyre,unknown / no renderer evidence,0,0
Runtime/Pyre/Forms/Kiln/Jet/JetFormBase.cs,d2a0e2e8f8f532b467d4c8700b0eaf3680dd704f0db00b1711611f957e4c95d9,13745,Runtime,Pyre,unknown / no renderer evidence,0,0
Runtime/Pyre/Forms/Kiln/Jet/PyreJetEngine.cs,c0c4f780e708a583cfdb672d6b9d4c7d4889160c8e263381dd231f060ef71e69,54413,Runtime,Pyre,unknown / no renderer evidence,0,0
Runtime/Pyre/Forms/Kiln/Jet/RadialJetDraws.cs,eea0b7cdca545cb02bed718ca24d44306f39a45896217a2b14f9728077c224e4,12714,Runtime,Pyre,unknown / no renderer evidence,0,0
Runtime/Pyre/Forms/Kiln/Jet/RadialJetForm.cs,3478b9e22cf594193eb76d784b87df150272b459648c7d6d82ff822edc09a256,6980,Runtime,Pyre,unknown / no renderer evidence,0,0
Runtime/Pyre/Forms/Kiln/Jet/RadialJetProgram.cs,f8247c76052f98deced1492b4b3348c63c6d7126863348877f215d47f77cbf78,21993,Runtime,Pyre,unknown / no renderer evidence,0,0
Runtime/Pyre/Forms/Kiln/OrbForm.cs,dfe10adc50df182b4c4d177230980cf830ac604997e40619e86faf65b4c77083,50278,Runtime,Pyre,unknown / no renderer evidence,0,0
Runtime/Pyre/Forms/Kiln/PlasmaBloomForm.cs,a12ea82873f5ee97033d75f3763921239215eb9775cc95b317aa2267e2cfb3dc,41177,Runtime,Pyre,unknown / no renderer evidence,0,0
Runtime/Pyre/Forms/Kiln/Pyre.Forms.Kiln.asmdef,b5293e4d5ee0742f7be47ff53538661d597ffbcea25a4b5d6097e517c28ec8de,644,Runtime,Pyre,unknown / no renderer evidence,0,0
Runtime/Pyre/Forms/Kiln/PyreArcBurst.cs,51bdf80467f489384437c51070ca0de4e1c72dfa673f32d230e980116f30bc0a,72004,Runtime,Pyre,unknown / no renderer evidence,0,0
Runtime/Pyre/Forms/Kiln/PyreForkBlast.cs,3dc0813d32bcc543afdddb51078351c78ce8b868f24832eb1df5d90a7c996731,27467,Runtime,Pyre,unknown / no renderer evidence,0,0
Runtime/Pyre/Forms/Kiln/PyreInferno.cs,bb44f4df9cada97a7e91e5cfbe2d03da7a76101b3e2bb5bb765f629c5e26a72c,60325,Runtime,Pyre,unknown / no renderer evidence,0,0
Runtime/Pyre/Forms/Kiln/PyreNumpyRng.cs,7d245e6eb0e8e8d5932825833fb871c1f1124458546303b665327b57b27d92fb,9296,Runtime,Pyre,unknown / no renderer evidence,0,0
Runtime/Pyre/Forms/Kiln/PyreOrb.cs,878ff0b2dd2511f177cbfb52579f412029b86b70c4b216d9c9242cd2e5951055,38949,Runtime,Pyre,unknown / no renderer evidence,0,0
Runtime/Pyre/Forms/Kiln/PyrePlasmaBloom.cs,501cebbfe6949b51dee33da0ea4dcd655ddc59f60cd572265f6ad31f8e436180,34784,Runtime,Pyre,unknown / no renderer evidence,0,0
Runtime/Pyre/Forms/Kiln/PyrePyRandom.cs,5cd6c8221dcf59426edca2e5f0715e50466bc49f7a37b7d433988ed167f0b359,6046,Runtime,Pyre,unknown / no renderer evidence,0,0
Runtime/Pyre/Forms/Kiln/PyreTorch.cs,ca2aaa73dd2c61fa92d302cdce7b4127f246165b76ddd17c83650adefeb1d71b,50933,Runtime,Pyre,unknown / no renderer evidence,0,0
Runtime/Pyre/Forms/Kiln/TorchForm.cs,e48433ece247dc5d362429900f58de3f25337721eb77f7508360fca9dc7d697f,24993,Runtime,Pyre,unknown / no renderer evidence,0,0
Runtime/Pyre/Pyre.asmdef,235bfe4d7b80e36caf8db5238c975e1b55cff93645372b564f1964ea08c3cf23,815,Runtime,Pyre,unknown / no renderer evidence,0,0
Runtime/Pyre/Pyre.cs,c5561b262af2bc02242fa17348e12e293a521ddd72620b5c4439d39afd8720fc,112101,Runtime,Pyre,unknown / no renderer evidence,0,0
Runtime/Pyre/PyreAnchor.cs,e8eafe56f391d073a720860049e7079330e9a9a0a26cf6dc08ee1589457d0381,4889,Runtime,Pyre,unknown / no renderer evidence,0,0
Runtime/Pyre/PyreBlastPlayer.cs,8ac419b22a2d6e85b9c231c818371d7b37ae033a6b6340475563eba33efeba05,4521,Runtime,Pyre,unknown / no renderer evidence,0,0
Runtime/Pyre/PyreBlastPool.cs,3401a51d9c7b83f5e0d7601f0329f4d3187408454eeb0979a662d14b84fa8c7a,1467,Runtime,Pyre,unknown / no renderer evidence,0,0
Runtime/Pyre/PyreChunkAnimation.cs,46d221fee9f5f47435d099e33f3b5c348bd3fe830ccfae79398c2bb2805ad9f8,2722,Runtime,Pyre,unknown / no renderer evidence,0,0
Runtime/Pyre/PyreChunksDirect.cs,7267d96e5e20c5a8d0af45a1e14db9789d36fe7d78e81c6ab60172a2a06725b2,12963,Runtime,Pyre,unknown / no renderer evidence,0,0
Runtime/Pyre/PyreClipStats.cs,e772fbd194ff3a315cbb4cc05557aff7dd34545c2febb72ff21044305642d877,5694,Runtime,Pyre,unknown / no renderer evidence,0,0
Runtime/Pyre/PyreField.cs,a4b8ef68631989d188281800e3bc638f2dd1c488c25a735ed53abd5dd860379b,16017,Runtime,Pyre,unknown / no renderer evidence,0,0
Runtime/Pyre/PyreFieldOps.cs,c6155839b0b15fa5e5772271a900393139666281fc01dad8d74d65fb6491d73b,27740,Runtime,Pyre,unknown / no renderer evidence,0,0
Runtime/Pyre/PyreFireSim.cs,938b511b566d9b2160f86830f8d9fc10ea0b0c8cda4b40b2396e6cd22ecdac0f,15933,Runtime,Pyre,unknown / no renderer evidence,0,0
Runtime/Pyre/PyreForm.cs,e5898870ca728380f7487773cfd04beec2aacffe505351a399803bf2c77a6a74,22913,Runtime,Pyre,unknown / no renderer evidence,0,0
Runtime/Pyre/PyreFormWarp.cs,f6e4ba7860189bcaa7f459a1ef6db2958c44a6e00d3e7499dbf140cabda64dda,4119,Runtime,Pyre,unknown / no renderer evidence,0,0
Runtime/Pyre/PyreFrameFill.cs,ead835a29fd771dc40e5a7a818daff5a312db42f9bd9b6781e1257e216c092be,9352,Runtime,Pyre,unknown / no renderer evidence,0,0
Runtime/Pyre/PyreLayerCache.cs,54a90023b361a7a8a03483048cf941dafd2045d8d0726e5d9c610441e162570b,5069,Runtime,Pyre,unknown / no renderer evidence,0,0
Runtime/Pyre/PyreLayerFill.cs,9badc0a58e4577858ffdad5f2798587f2248e3565c1ddf462e07ca1268bf1b1d,6945,Runtime,Pyre,unknown / no renderer evidence,0,0
Runtime/Pyre/PyreLayerKey.cs,6446c6ba9db8929b147e7d0858a858c34de85309c0c9879b064c53ddc4654c74,13280,Runtime,Pyre,unknown / no renderer evidence,0,0
Runtime/Pyre/PyrePrepassCache.cs,79d4665e320e6419b38088004f7ea4ea1b84ea3b01ed0d4e7b050da47cbd3d7e,3880,Runtime,Pyre,unknown / no renderer evidence,0,0
Runtime/Pyre/PyreRenderer.cs,e3c393c63b8c725f9edc5ed3313a7a091fc956505431fc51c5a100b3b21fe50f,362141,Runtime,Pyre,unknown / no renderer evidence,0,0
Runtime/Pyre/PyreRenderer.Layers.cs,a1a673ac9afb32872edc6194c7c625757499977537dcaa57ef95507fcf073849,23486,Runtime,Pyre,unknown / no renderer evidence,0,0
Runtime/Pyre/PyreShade.cs,e9a576be76ed42cc32ecf44cbc1ccc86525ce1eab98e2579292b8e81c0606aee,43686,Runtime,Pyre,unknown / no renderer evidence,0,0
Runtime/Pyre/PyreSpawnSource.cs,d7f58c597e1ef8b0cb4f7e5915d9d9d0c9a8180b867056560ebddc3df2379e87,4851,Runtime,Pyre,unknown / no renderer evidence,0,0
Runtime/Pyre/PyreSupersample.cs,30b1695b8a74cd8ba4ddd000acbe0c85d4cbd40ff5ee4e5bd5018bb048c44807,5578,Runtime,Pyre,unknown / no renderer evidence,0,0
Runtime/Qullection/Qullection.asmdef,652e531ab14ff0dc4fbc8fee6b6e86474ce88831fdb0f5057222481f1dd25a3d,457,Runtime,Qullection,unknown / no renderer evidence,0,0
Runtime/Qullection/Qullection.cs,298ffe9c25e0ec9d25ba482e7d3c17c17e09ea723a45edd0918fdc446d55b5ee,3172,Runtime,Qullection,unknown / no renderer evidence,0,0
Runtime/Randomizers/Randomizers.asmdef,be865737c86c0ace72505f2b2f2e575ff05f2c30001ba016c3ae91633d479864,404,Runtime,Randomizers,unknown / no renderer evidence,0,0
Runtime/Randomizers/Randomizers.cs,23ef3583b025681ae2bdbea1281ece369cee39894c90a26c1147fd62dca6a733,11053,Runtime,Randomizers,unknown / no renderer evidence,0,0
Runtime/Rulesets/GameRule.cs,d1bec99aba4f7293e8d36cbcad1df2d26ac48e0892951c99c7c23f644a97408f,5480,Runtime,Rulesets,unknown / no renderer evidence,0,0
Runtime/Rulesets/RuleMetadata.cs,e3c07cc7fb879bb8b93b5a8a27a85b49a256e16c28e7c56e0c8e2a54b682066e,915,Runtime,Rulesets,unknown / no renderer evidence,0,0
Runtime/Rulesets/RuleParams.cs,b34a0eca4561066773108c3237d159c4b58605ad490394a981fa3c29289d91f7,3732,Runtime,Rulesets,unknown / no renderer evidence,0,0
Runtime/Rulesets/RuleSet.cs,6f347d1ffbb9e3fe7a16897b9bc6595efc2250923b10678b1b8d982bb6b3b6a5,717,Runtime,Rulesets,unknown / no renderer evidence,0,0
Runtime/Rulesets/RuleSetManager.cs,3d2e4fefcd81b0270e47980cb3831b72a261b2d60ef23761bead02afff24b300,1821,Runtime,Rulesets,unknown / no renderer evidence,0,0
Runtime/Rulesets/Rulesets.asmdef,a4f1b7d6cee1eeb7b0648b35f595453a237ade1fd4df1234dfb9063ae733cb79,386,Runtime,Rulesets,unknown / no renderer evidence,0,0
Runtime/Rulesets/RulesHost.cs,47bf3cc66ca4fda34bc33a9ae4fcb73f246f6c19bf46d752d0205a653c4ca7ce,6860,Runtime,Rulesets,unknown / no renderer evidence,0,0
Runtime/Rulesets/RuleTaxonomy.cs,3892bfbf3d8aa42523f25bc7322ad3ae62444638835b31cb6abb0f8871571c96,2466,Runtime,Rulesets,unknown / no renderer evidence,0,0
Runtime/SaveGame/LoadSaveManager.cs,0f04dbb389bc1b56e77d18d9454bacf401692c7c67c6465273264b8187be87ab,14957,Runtime,SaveGame,unknown / no renderer evidence,0,0
Runtime/SaveGame/MetadataExtensions.cs,82849d53928cb0204aa1ddc3c20ee06ca6c4f0f6f3d1fef9ca3a3a9367680f0e,1634,Runtime,SaveGame,unknown / no renderer evidence,0,0
Runtime/SaveGame/SaveFile.cs,1d26f397556691b4469d5b8bb28fef36df0a5414c2cd5efa8c34fece0bb02932,4056,Runtime,SaveGame,unknown / no renderer evidence,0,0
Runtime/SaveGame/SaveGame.asmdef,af5df111ae6f6f9fa6f4aa72c96a39438513716aec69c6cc2a138f7b93648ef7,391,Runtime,SaveGame,unknown / no renderer evidence,0,0
Runtime/SaveGame/Snapshot.cs,dc3c9995332d10f2c9799db9905e181eabb6b6d2736b165b14aade9b714e9b46,1279,Runtime,SaveGame,unknown / no renderer evidence,0,0
Runtime/SceneDirector/SceneDirector.asmdef,8f9a610aad4b325cc387305fbf977f162f1206b441cf5f32950aaa65b4ca0f05,408,Runtime,SceneDirector,unknown / no renderer evidence,0,0
Runtime/SceneDirector/SceneDirector.cs,f6f75d55e14437de4b8ae8bd61a474d82d1178de788c37152a8630dd4f8fbd45,6516,Runtime,SceneDirector,unknown / no renderer evidence,0,0
Runtime/SimpleMenu/Attributes/MenuIdAttribute.cs,d0bdce2bbc38d693aee0b62c43134c348c2d68eb607b2cb9336385a71955e7f2,307,Runtime,SimpleMenu,unknown / no renderer evidence,0,0
Runtime/SimpleMenu/Attributes/SimpleMenuButtonAttribute.cs,d06171a42b05a729d99cf820d1ed96cde23af6a4b913c69f08dc277d519dc4e5,629,Runtime,SimpleMenu,unknown / no renderer evidence,0,0
Runtime/SimpleMenu/Attributes/SimpleMenuDropdownAttribute.cs,24938d0f654a818b19c74bcfc2ae80a33bd6301b13a757b12bf83e2e2e0960cd,1159,Runtime,SimpleMenu,unknown / no renderer evidence,0,0
Runtime/SimpleMenu/Attributes/SimpleMenuInputFieldAttribute.cs,9a2b4fe5f10a100e23205eb969e62214207e6c6da8b418159609ff6a0f0a0d3a,579,Runtime,SimpleMenu,unknown / no renderer evidence,0,0
Runtime/SimpleMenu/Attributes/SimpleMenuLabelAttribute.cs,2ede34d7d5311b82abe80235c47db623d75b7023e3e0ad81f38ad3d2f403cba4,333,Runtime,SimpleMenu,unknown / no renderer evidence,0,0
Runtime/SimpleMenu/Attributes/SimpleMenuLayoutAttribute.cs,308c5fbe0636293cb6b865282f384a9829712501141cf8d7f81332140aa3473b,391,Runtime,SimpleMenu,unknown / no renderer evidence,0,0
Runtime/SimpleMenu/Attributes/SimpleMenuLinkAttribute.cs,eb1b9226f8fb95eb0c8713093a86abf5756d1e382037636a1a261375494d68f1,340,Runtime,SimpleMenu,unknown / no renderer evidence,0,0
Runtime/SimpleMenu/Attributes/SimpleMenuSliderAttribute.cs,10db939925c42e0405463953a4d08685781abfe873e4d8e7d5ced3130460ae99,1862,Runtime,SimpleMenu,unknown / no renderer evidence,0,0
Runtime/SimpleMenu/Attributes/SimpleMenuTextBoxAttribute.cs,e0fba2badbfa71628bb84b372fc9d4f617b4e8609dc914372c680170238b22d9,337,Runtime,SimpleMenu,unknown / no renderer evidence,0,0
Runtime/SimpleMenu/Attributes/SimpleMenuToggleAttribute.cs,23257b6d2339a0de28555d4fc58c25c73200b08a711a3b2804bad9b140fb83c3,581,Runtime,SimpleMenu,unknown / no renderer evidence,0,0
Runtime/SimpleMenu/Attributes/SubMenuAttribute.cs,972748f1f6d5e9c4eb32d5da11d6db142ce0cd64df7972490c38e5143f51afa9,417,Runtime,SimpleMenu,unknown / no renderer evidence,0,0
Runtime/SimpleMenu/HackyHeightScript.cs,bad6799f2c6a4b8846e75672cd772b21e2698e678504071e31db7c7dc43e98ef,584,Runtime,SimpleMenu,uGUI,0,0
Runtime/SimpleMenu/PreserveHeight.cs,1ca24965d28d880442bc290ebe4cda9cd28877387ffec3e894869b44396ed9d8,362,Runtime,SimpleMenu,uGUI,0,0
Runtime/SimpleMenu/SimpleMenu.asmdef,89aff82cdb52a45e4c9d8f05007bc4cee8eeb51bd47407c741b91277fc02ebee,713,Runtime,SimpleMenu,unknown / no renderer evidence,0,0
Runtime/SimpleMenu/SimpleMenuBase.cs,9695c8b099523808f0c66ef5157c60d81ae31ca49f803e194a0a35b527ec9dfc,59589,Runtime,SimpleMenu,uGUI,0,0
Runtime/SimpleMenu/SimpleMenuElementAnimConfig.cs,aa01f502180784546caecbc4b745baee3a29573fbd54ac19cdc30a9536cff1e8,1566,Runtime,SimpleMenu,unknown / no renderer evidence,0,0
Runtime/SimpleMenu/SimpleMenuSettings.cs,55df2b2db167ef23b50620e1123f71d4532a2f29883b5e18742da9b100c173bc,2882,Runtime,SimpleMenu,unknown / no renderer evidence,0,0
Runtime/SimpleMenu/SimpleMenuStartupDelay.cs,737a394fe9824b7fcbba5a766e4559f82abd4aab0629871a6ae7b2c5535bb28e,1063,Runtime,SimpleMenu,unknown / no renderer evidence,0,0
Runtime/SimpleMenu/SimpleMenuVisual.cs,693b29ef4d0915bb3e83556f2b605e53b3fd547a20377fb0b24646d56be9e97f,21715,Runtime,SimpleMenu,uGUI,0,0
Runtime/SimpleUI/Attributes/SimpleUISliderAttribute.cs,1597c3bbdaf644cfef26170e42d3f8ef29be73a84d0522ec0d081fbea5166cf3,595,Runtime,SimpleUI,unknown / no renderer evidence,0,0
Runtime/SimpleUI/BindingCache.cs,204d215744c34b27486c5623ccacd263f69350131b95f96b2af74d78d7627aab,4653,Runtime,SimpleUI,unknown / no renderer evidence,0,0
Runtime/SimpleUI/BindingReport.cs,f48d084be27e88f328f91d51f6be0a12f68f09515f32e8ecd5994a686c9cc729,510,Runtime,SimpleUI,unknown / no renderer evidence,0,0
Runtime/SimpleUI/BindingResolver.cs,033de11e37442c0de7bcac03e8f225ab575a8966eb649e4bf4170161edd36cc2,34414,Runtime,SimpleUI,uGUI,0,0
Runtime/SimpleUI/GeneratePropertiesAttribute.cs,919639d68334d1e7a4e455cb0a2cd50bb12665e5df79956ad8a64a5926128a79,451,Runtime,SimpleUI,unknown / no renderer evidence,0,0
Runtime/SimpleUI/GeneratePropertyAttribute.cs,93f042f989a3af88ba3900f918555901093e6693b8ee724d7c6b9087b64c39f8,168,Runtime,SimpleUI,unknown / no renderer evidence,0,0
Runtime/SimpleUI/IgnorePropertyGenerationAttribute.cs,e13c963ff2a462408c4668db41e173a24311097bbbfc6efd697b456fe292ed90,176,Runtime,SimpleUI,unknown / no renderer evidence,0,0
Runtime/SimpleUI/SimpleUI.asmdef,2f99775674c66fee30d6adf8e771963dbf7f4d35096b6453b191414e41444e35,453,Runtime,SimpleUI,unknown / no renderer evidence,0,0
Runtime/SimpleUI/SimpleUIAttribute.cs,843613d562709941a72fdab1c60792a30a97046c87b37ef5070ee26582f533f7,589,Runtime,SimpleUI,unknown / no renderer evidence,0,0
Runtime/SimpleUI/SimpleUIBindAttribute.cs,8046e2e54cfb765783ab6dad6ceccaba13de0e7e8555709a9eef28ed83f236b2,361,Runtime,SimpleUI,unknown / no renderer evidence,0,0
Runtime/SimpleUI/SimpleUIBuilder.cs,761332fb07977a0c86586b08ebbbed94a8f0b7ebfd0e5109f8257d43d18f24e2,1408,Runtime,SimpleUI,unknown / no renderer evidence,0,0
Runtime/SimpleUI/SimpleUIComponentAttribute.cs,7d4e26b8a7b813b9588f449ace78077f9e7a4f4a5b22bb02c278620b1de5cdf3,362,Runtime,SimpleUI,unknown / no renderer evidence,0,0
Runtime/SimpleUI/SimpleUIEditableField.cs,4a378cf09ec1658fb581883e3aac6771bce3247d16f2a0fe0fc0733c8a62d541,4044,Runtime,SimpleUI,unknown / no renderer evidence,0,0
Runtime/SimpleUI/SimpleUIEnums.cs,e8ca2f06b558cd7132d175d37b24899d4ba86e6653e102544ec6e4dfdc9a0d36,4132,Runtime,SimpleUI,unknown / no renderer evidence,0,0
Runtime/SimpleUI/SimpleUIException.cs,9c6b90e9a4fabf32392e0f26c4d36b5fdcc1f13b4725573d4aa1987cc7c46e7d,202,Runtime,SimpleUI,unknown / no renderer evidence,0,0
Runtime/SimpleUI/SimpleUIFormatAttribute.cs,2093d9f68711907a4f6e92da83aaa91cc06497a7bf441d93bca1a7a649969112,350,Runtime,SimpleUI,unknown / no renderer evidence,0,0
Runtime/SimpleUI/SimpleUIIgnoreAttribute.cs,b6034a4c11dc180c98d3150ac3697f6356860aaf1b8323b1e06f34bb4c106d8f,194,Runtime,SimpleUI,unknown / no renderer evidence,0,0
Runtime/SimpleUI/SimpleUIPathAttribute.cs,50e3e94d22bc07f528449ee7bcecde8c07ca305568ec9bfbf1dce7a1617a4da9,360,Runtime,SimpleUI,unknown / no renderer evidence,0,0
Runtime/SimpleUI/SimpleUIPoco.cs,cb0fa6750f55c8ab40a2daa892c5ed0bce3b176d40a99846675f44a557184e2e,1675,Runtime,SimpleUI,unknown / no renderer evidence,0,0
Runtime/SimpleUI/SimpleUIView.cs,37af89e87a7511bcb363fef95b650955870dd970da683e712538ca8446a6abe9,6290,Runtime,SimpleUI,unknown / no renderer evidence,0,0
Runtime/SimpleUI/ValueChangedEventArgs.cs,54be30fdad2a67b4773ba44d430c28f2a5be0a53207eb2b0390a82e9836d3f0e,472,Runtime,SimpleUI,unknown / no renderer evidence,0,0
Runtime/SmartStats/BoolStat.cs,c3d084171d263b8a4b69b6c018084c19a920964129613201821a333de225f5ae,3979,Runtime,SmartStats,unknown / no renderer evidence,0,0
Runtime/SmartStats/BoolStatModifiers/BoolStatModifier.cs,b1fb9d7e17231816d9b63b0c43168f88229d9d73a97c2183a1221c113d134f6b,345,Runtime,SmartStats,unknown / no renderer evidence,0,0
Runtime/SmartStats/BoolStatModifiers/BoolStatModifierBase.cs,e3d725c9540d1de2d073ae437aba95d89fcfa378c591de5ee7739948d718dbcb,499,Runtime,SmartStats,unknown / no renderer evidence,0,0
Runtime/SmartStats/BoolStatModifiers/BoolStatTimerModifier.cs,a234c8ae23e5583106f22f5b0a20f2616e4e467a0437bca37aa425f398fe398d,1123,Runtime,SmartStats,unknown / no renderer evidence,0,0
Runtime/SmartStats/Engine/AutoRegisterStatsAttribute.cs,a23f6bd7540d5a4b338d1e200d9d84054afb7ef1581183a8a88dc3fb177d6b9e,1880,Runtime,SmartStats,unknown / no renderer evidence,0,0
Runtime/SmartStats/Engine/AutoRegisterStatsBehaviour.cs,a80e411ec726e0d38943ffd944689ba06a51c020bdfa82e1779ec0c84939d0e3,1163,Runtime,SmartStats,unknown / no renderer evidence,0,0
Runtime/SmartStats/Engine/IUpdateable.cs,06e85d56cde03a96bcf86765caabf87c2f13f27bd2b4b8067df2db56a9cd5aaa,93,Runtime,SmartStats,unknown / no renderer evidence,0,0
Runtime/SmartStats/Engine/SmartStatsConfig.cs,fd8ff24671692855da2d101c206c223ce2a0bf29bf656bb0c3bf9ed041bd8786,673,Runtime,SmartStats,unknown / no renderer evidence,0,0
Runtime/SmartStats/Engine/StatExtensions.cs,e20d81d1be7080bf6174d634760f5f70f15aa4bdbd7f82feb6e3bfaf1caae040,3047,Runtime,SmartStats,unknown / no renderer evidence,0,0
Runtime/SmartStats/Engine/StatModifierBase.cs,56527dd2f4c7f7b827a2c266b168a37ced998f7fe32dfff67d6e57bb2dfed85f,955,Runtime,SmartStats,unknown / no renderer evidence,0,0
Runtime/SmartStats/Engine/StatModifierTimer.cs,078d2da8af8446f8353eb9aaa07d7c66fec20b214f03dabb852047cd6068e025,502,Runtime,SmartStats,unknown / no renderer evidence,0,0
Runtime/SmartStats/Engine/TimerMode.cs,305871eb1b201a293daa820bcf8c72670817eb2cce1298648b9f34110a6c828a,1039,Runtime,SmartStats,unknown / no renderer evidence,0,0
Runtime/SmartStats/Engine/UpdateEngine.cs,135ce0ee21418b78d52a2ee9d43105fc615317fe2875b2abdc3228fe9a3c9870,477,Runtime,SmartStats,unknown / no renderer evidence,0,0
Runtime/SmartStats/FloatStat.cs,38f7e3848c78db75783989c515061468cac11711f7eb9a33c14edc92fe89a6d0,16893,Runtime,SmartStats,unknown / no renderer evidence,0,0
Runtime/SmartStats/FloatStatModifiers/FloatAdditionModifier.cs,b3ed2ea6bd2f9990faf5063446a68fa32ee5abb1fccb3999208a70a5eeffc7d1,1272,Runtime,SmartStats,unknown / no renderer evidence,0,0
Runtime/SmartStats/FloatStatModifiers/FloatDividerModifier.cs,4b1a4d13de62592785747430672caafdda92811cd63081e125bdb2301a8c86a0,2671,Runtime,SmartStats,unknown / no renderer evidence,0,0
Runtime/SmartStats/FloatStatModifiers/FloatMultiplierModifier.cs,5160fa46744f4660a7fbc5270d7c404603eb87c450b985e03eb388a303dc19d9,3491,Runtime,SmartStats,unknown / no renderer evidence,0,0
Runtime/SmartStats/FloatStatModifiers/FloatStatConditionalModifier.cs,dc0593a263cfb7858dd465293aa4e329a8fc7f05b7c4e44375285ba0ad232914,2909,Runtime,SmartStats,unknown / no renderer evidence,0,0
Runtime/SmartStats/FloatStatModifiers/FloatStatModifier.cs,09e754e3181aa9f41eb2aae731896b9ba006ebf1612483ea9fb4b74ea6a70641,4482,Runtime,SmartStats,unknown / no renderer evidence,0,0
Runtime/SmartStats/FloatStatModifiers/FloatStatSwitchModifier.cs,de88d45ef2163174dd43e234246a8a4684c50236f2bb2c4f8b47be96b9c6f2f4,2087,Runtime,SmartStats,unknown / no renderer evidence,0,0
Runtime/SmartStats/FloatStatModifiers/FloatStatTimerModifier.cs,bae783227b10b828d4550e3b07a20a128945432c7262e19aad2ff77197517dfd,2602,Runtime,SmartStats,unknown / no renderer evidence,0,0
Runtime/SmartStats/IntStat.cs,eb0c2b592dd9aa7ab3f033803da5acb792ad88635cb4ab0d86eab5724ec8e54b,9487,Runtime,SmartStats,unknown / no renderer evidence,0,0
Runtime/SmartStats/IntStatModifiers/IntAdditionModifier.cs,8046934f3da7a62cca2c3150673cc1ae8e02591a5a1e41ccbbac6022f5178b83,518,Runtime,SmartStats,unknown / no renderer evidence,0,0
Runtime/SmartStats/IntStatModifiers/IntDividerModifier.cs,56ce462eee1fec4f63177a65ca2baaadcdf8a3ee878c5f97b1e500b05b69e437,879,Runtime,SmartStats,unknown / no renderer evidence,0,0
Runtime/SmartStats/IntStatModifiers/IntMultiplierModifier.cs,f7916d7a8041f962be17d85c7017871471889f8ee5ce25e571670b8a7c4d7ab8,2113,Runtime,SmartStats,unknown / no renderer evidence,0,0
Runtime/SmartStats/IntStatModifiers/IntStatModifier.cs,da1c25e993bdbee46f9d7cb2ddc067f1b6d7201e32174174aa061f4e18034e0c,2359,Runtime,SmartStats,unknown / no renderer evidence,0,0
Runtime/SmartStats/IntStatModifiers/IntStatTimerModifier.cs,9c57dd37458cc3d14219e96db06d03403f413ddd4cb9d4660259582bed96d3aa,1491,Runtime,SmartStats,unknown / no renderer evidence,0,0
Runtime/SmartStats/SmartStats.asmdef,e8b74511e190ad38231e3c5b63c5c9837cf3ece790e120c5cca7e27facee5e98,555,Runtime,SmartStats,unknown / no renderer evidence,0,0
Runtime/SpriteFx/AssemblyInfo.cs,fcfd72faea5a5948154594cd2ec6ecf6c89f73cbfa67874dcfb2295d0355fed7,657,Runtime,SpriteFx,unknown / no renderer evidence,0,0
Runtime/SpriteFx/ColorRemapGpu.cs,40de904f4fc7c01c72415b3dd3e67c0e7a3a25df35ae5b5b1bb916d108217144,8930,Runtime,SpriteFx,unknown / no renderer evidence,0,0
Runtime/SpriteFx/com.Lautaro-Arino.Laubrary.SpriteFx.asmdef,f6408efcdaeb307f3aeb01cd9bf9870e81c52d09df17aeb6080bbb81e420d89f,520,Runtime,SpriteFx,unknown / no renderer evidence,0,0
Runtime/SpriteFx/FireballSim.cs,a81e660c52404141bf472c6baa28da44934a0ef46a74a8a8947b648418a581b6,8621,Runtime,SpriteFx,unknown / no renderer evidence,0,0
Runtime/SpriteFx/FireSim.cs,b72b50dfbf6f8b7b98386b3496432e55a80c3fa63718a70c92585d641e79a6ff,19260,Runtime,SpriteFx,unknown / no renderer evidence,0,0
Runtime/SpriteFx/IExternalPosition2D.cs,07521773fd4643c6789e5bc92702759d4ca9a4c0ad4ff0e3762ddf054d37f3ac,3344,Runtime,SpriteFx,unknown / no renderer evidence,0,0
Runtime/SpriteFx/Sfx.cs,c1de70d3d87a3e59b44e6728619fcae248361ced44f6b6b4b9ab321de00fcac8,3789,Runtime,SpriteFx,unknown / no renderer evidence,0,0
Runtime/SpriteFx/SpriteFxAuxMap.cs,cd83bc24a122df8eb0b94088582bf973a9892c2001f23fb7b7164330bbb69335,15772,Runtime,SpriteFx,unknown / no renderer evidence,0,0
Runtime/SpriteFx/SpriteFxAuxMapGate.cs,8d392e7ae805f1714683cf5b8769921ccd693f27d446833f88fbff29ee8f1b17,9005,Runtime,SpriteFx,unknown / no renderer evidence,0,0
Runtime/SpriteFx/SpriteFxBulletHole.cs,81432d13afbdfc315c2afd0942f50ef6625d57c06507a725651f3e50dce6d942,6957,Runtime,SpriteFx,unknown / no renderer evidence,0,0
Runtime/SpriteFx/SpriteFxBurst.cs,cae13b5d1aa941566de281f627c2f00a1be947b6167901f64612276012c7591c,42999,Runtime,SpriteFx,unknown / no renderer evidence,0,0
Runtime/SpriteFx/SpriteFxColorRemap.cs,7c2c621c3199c8f7344ce0118bf6f1350e2ee1b17905d925bff8a5087ba49bbd,10976,Runtime,SpriteFx,unknown / no renderer evidence,0,0
Runtime/SpriteFx/SpriteFxEnvelopeMigration.cs,efa73c0db2563e490c5a0df3e9998280a7f1b4f51a5cd7cf170963d1a7e693ad,1075,Runtime,SpriteFx,unknown / no renderer evidence,0,0
Runtime/SpriteFx/SpriteFxFilter.cs,61e937c26841731085754c0388bd0e9969e759be3246ab36dec6edc018fd636d,34432,Runtime,SpriteFx,unknown / no renderer evidence,0,0
Runtime/SpriteFx/SpriteFxHit.cs,9b0ae20d70e85d86f5ac6e97ba8f3d9d67d9d479e61c2a0aac14717552be48d1,15564,Runtime,SpriteFx,unknown / no renderer evidence,0,0
Runtime/SpriteFx/SpriteFxHurtFlash.cs,fe9a2d3ac9cce23cca1ab73ea27c632a33dec81b486ae899035ee09d3ca21b2b,3857,Runtime,SpriteFx,unknown / no renderer evidence,0,0
Runtime/SpriteFx/SpriteFxModifiers.cs,f197f86dbc0ea86459b5222f7bd3456418a205693b5642e95c09d50708be4768,221585,Runtime,SpriteFx,unknown / no renderer evidence,0,0
Runtime/SpriteFx/SpriteFxPreviewOverlay.cs,ef39d53582457d17da8f1daad1586c5804075e81fe20537ac002f5c02fbcfbce,10950,Runtime,SpriteFx,unknown / no renderer evidence,0,0
Runtime/SpriteFx/SpriteFxRecolor.cs,51202547823c0ff041f7ea2ab52fc0cee38c3b82ee32470a3792a29e17106d87,13091,Runtime,SpriteFx,unknown / no renderer evidence,0,0
Runtime/SpriteFx/SpriteFxRelight.cs,3416b661ce3e3f4b6b38f08241f18cc7c8066e360adb6fc78a61517bc4002510,36746,Runtime,SpriteFx,unknown / no renderer evidence,0,0
Runtime/SpriteFx/SpriteFxSettings.cs,1814705f80e433fb8cc8d0498279c306d724cd3546f169dd505062f2d71d5cd0,3815,Runtime,SpriteFx,unknown / no renderer evidence,0,0
Runtime/SpriteFx/SpriteFxSimulationModifiers.cs,b43e29bfaae1fd12fae9465eab067a0c14668141cf92d10702cfb760b0912868,29583,Runtime,SpriteFx,unknown / no renderer evidence,0,0
Runtime/SpriteFx/SpriteFxSpec.cs,fa6c071b7d72734e57e008ec4affe7558ac009f985208f834fefeada55aaedee,7017,Runtime,SpriteFx,unknown / no renderer evidence,0,0
Runtime/StatefulUI/StateDimension.cs,72635524cf1e4d3c6f38068d82a272c07aec1fcee8d551096bf8893a67fb8928,3165,Runtime,StatefulUI,unknown / no renderer evidence,0,0
Runtime/StatefulUI/StatefulUI.asmdef,4ab9249ac352d42d7d2cf28a4104035ed8e95782e28e75174c59a2c1e45fe57d,568,Runtime,StatefulUI,unknown / no renderer evidence,0,0
Runtime/StatefulUI/StatefulUI.cs,7479e747a6ad47c9cc71c50179c9fca63d4a70a810cb2ae8accb59a9332cfcce,18854,Runtime,StatefulUI,unknown / no renderer evidence,0,0
Runtime/StatefulUI/StatefulUINavigator.cs,e84306904db4f08382c3f7d158d267a983f37d73f0e52af931162ad9eab63fa2,5931,Runtime,StatefulUI,unknown / no renderer evidence,0,0
Runtime/StatefulUI/StatefulVisual.cs,cdc9ee079874443763caadecde48bd7b45dc02f45094cf656ed11633a1cbd9c6,27958,Runtime,StatefulUI,uGUI,0,0
Runtime/Story/InjectRulePage.cs,65cfdd09c4d306c70b756f73e46fdff092d6cd8f454b70c9228ab01d1a9a887d,1470,Runtime,Story,unknown / no renderer evidence,0,0
Runtime/Story/Page.cs,d5118ebf6c9531c6d6f8f52de5d0c3651e345de466299be1d5197932ff415840,3053,Runtime,Story,unknown / no renderer evidence,0,0
Runtime/Story/Pages.cs,de7781587bd3312d74b76d10a08af2b435722f81fbcc27592f758a6fdf0a5f57,10747,Runtime,Story,unknown / no renderer evidence,0,0
Runtime/Story/RulesHostRuleBridge.cs,703c6f61d2625e556881729cd6be8b56660e8b38239382c88f739dcf03f1aef0,3579,Runtime,Story,unknown / no renderer evidence,0,0
Runtime/Story/Screenplay.cs,96a99b339947f75bda6e2224d74b0014aedc99bfed32ee39ecae6655f0529429,3142,Runtime,Story,unknown / no renderer evidence,0,0
Runtime/Story/Story.asmdef,774adebdc240f1167ea5e68ac9aead761d3a2af5c3b0e3a54083558bb65c4575,521,Runtime,Story,unknown / no renderer evidence,0,0
Runtime/Story/Story.cs,dc00e3b5cab7ff08f19656b908ac846afaf1967027f13accdf39244f639a92b6,3331,Runtime,Story,unknown / no renderer evidence,0,0
Runtime/Story/StoryRunner.cs,73840441063dc28dd97741f44eb2713501c6decd6779c1b4d40a61d0048f166e,1130,Runtime,Story,unknown / no renderer evidence,0,0
Runtime/Story/StoryTypes.cs,6421facf5885e31c46e09e95e8ed964bdccac508b37bba9662fcbaef8411f63e,4225,Runtime,Story,unknown / no renderer evidence,0,0
Runtime/Switcheroo/Switcheroo.asmdef,a4933106840761c2235d055e60a8ef8dcd35b16830a68635ce3376f7231582f5,457,Runtime,Switcheroo,unknown / no renderer evidence,0,0
Runtime/Switcheroo/Switcheroo.cs,826e4dcf79dfda364eda461df6d09519bc3aab5527b132b515cf4fd4700dae13,5040,Runtime,Switcheroo,unknown / no renderer evidence,0,0
Runtime/Tapestry/com.Lautaro-Arino.Laubrary.Tapestry.asmdef,168463f84b48134ee4fe7ce145cf1bf25431f4e3ec52bd3a852dafae878e449a,439,Runtime,Tapestry,unknown / no renderer evidence,0,0
Runtime/Tapestry/Generators/TapestryLinesGenerator.cs,e65a6794910d5379f0cdb179ad3b54e2352f78b474ee2f3b28ca4ba144127594,12859,Runtime,Tapestry,unknown / no renderer evidence,0,0
Runtime/Tapestry/Generators/TapestryPanelsGenerator.cs,d7054c0f6ad2f40a2bb27237c0ad1336cb946fe098b3de9c09ece995f80dcc09,6722,Runtime,Tapestry,unknown / no renderer evidence,0,0
Runtime/Tapestry/TapestryCompositor.cs,12c36451e8ac38b312735505c9999e0528eedc9df51058c6f26beb86fb00be91,7824,Runtime,Tapestry,unknown / no renderer evidence,0,0
Runtime/Tapestry/TapestryGenerator.cs,dbc6f978dfa44d57664dc7be2c8af34c09f30167fb54cac53129020286ee2c0b,2722,Runtime,Tapestry,unknown / no renderer evidence,0,0
Runtime/Tapestry/TapestryLayer.cs,cf6c597fe181b5c4ce14c73897446b56becf6f6137fd7beea8021f4aa0bf615b,3285,Runtime,Tapestry,unknown / no renderer evidence,0,0
Runtime/Tapestry/TapestryLayerModifier.cs,e9b7ab82d978d985f576354373d2c18d229e1ea979afbcd5371cbb342016c768,1839,Runtime,Tapestry,unknown / no renderer evidence,0,0
Runtime/Tapestry/TapestrySdf.cs,c9c0f5dc125f4659439f95931fde4562e9a4e804838ad52a280b0feb93098ed3,1498,Runtime,Tapestry,unknown / no renderer evidence,0,0
Runtime/Tapestry/TapestrySpec.cs,69a4afeabf696db80836ed30157b05f3fe77ad6f7cd572fb588f75c4d7d5ab19,1626,Runtime,Tapestry,unknown / no renderer evidence,0,0
Runtime/TextSplash/com.Lautaro-Arino.Laubrary.TextSplash.asmdef,ef55362b3614fa11a108bfa8b233d2e88ff345e7ee2ff8058f0382e4d72f7ef4,614,Runtime,TextSplash,uGUI,0,0
Runtime/TextSplash/SplashFontBaker.cs,5f0b0c556bae9c4d56370dabaf0d6d86e570959d205317763c7e223b93e18b38,50694,Runtime,TextSplash,unknown / no renderer evidence,0,0
Runtime/TextSplash/SplashPixelRig.cs,fec687062aa3cdb6b792370423528339c3440dee79b70c58cca5a4011f858089,55437,Runtime,TextSplash,uGUI,0,0
Runtime/TextSplash/SplashPlayer.cs,5213271503946bd4352bb196977d37173351b1cf0343594714edb05b51f8f885,103215,Runtime,TextSplash,unknown / no renderer evidence,0,0
Runtime/TextSplash/TextSplash.cs,c330615fc42dfbe16353e8ffa60f6e53e7155e28ab7b27822d279a1eca52aae2,65852,Runtime,TextSplash,unknown / no renderer evidence,0,0
Runtime/Ticker/LaubraryTicker.asmdef,3a1314c1593f48fbe112f29814d9592d54657bae47410ec6d2a17f0f62057c8b,465,Runtime,Ticker,unknown / no renderer evidence,0,0
Runtime/Ticker/Ticker.cs,feae0e708635c0fb8bf7b23ef6af115de6368e499057536cc42bfada19609e22,4655,Runtime,Ticker,unknown / no renderer evidence,0,0
Runtime/UI/EditableLabel.cs,35d8f5b1a4297e4f53727694427334a638c1acc297bee91586d0afc103ee0698,846,Runtime,UI,uGUI,0,0
Runtime/UI/UI.asmdef,2c11168947bd4403766ac553ebda402cd60dfc47d2892cf40c15f3423386a846,441,Runtime,UI,unknown / no renderer evidence,0,0
Runtime/VectorRendering/LaubraryVectorRendering.asmdef,3f90e345228ef06c9f704e73c1a1f4e4db729c3bf531ba11b8da5225fa06ad3b,576,Runtime,VectorRendering,unknown / no renderer evidence,0,0
Runtime/VectorRendering/LazorRenderer.cs,ccfa0e5fd3d7626b5a5f43a70e63d24c22f008642449011da3469be534d78f40,7145,Runtime,VectorRendering,unknown / no renderer evidence,0,0
Runtime/VisionMask/com.Lautaro-Arino.Laubrary.VisionMask.asmdef,66d44d23c4a5b70540c2f389f6ef1ab633654a4b30fd0b4d1855423a6822d9af,390,Runtime,VisionMask,unknown / no renderer evidence,0,0
Runtime/VisionMask/VisionCone.cs,d76671a6aed1791d056b64bb28bc2bddc4a1ce559761226da1e2830ffc45a526,11514,Runtime,VisionMask,unknown / no renderer evidence,0,0
Runtime/VisionMask/VisionMask.cs,96e574ff16e7ded801b3213d61a3ccf9622bc1b4e32a9163ed60ce0adb4e541e,13046,Runtime,VisionMask,unknown / no renderer evidence,0,0
Runtime/VisionMask/VisionMasked.cs,3fcbedf2b66b9d040e5971c8432e5f94fdcc38a3c2e800d2bbfd918703224600,4106,Runtime,VisionMask,unknown / no renderer evidence,0,0
Runtime/VisualDebug3D/BubbleBlink.cs,fcce35033c4f9aaee0a625b86346224047e81e20bef6bc25f6ffd7b108ca1517,6205,Runtime,VisualDebug3D,unknown / no renderer evidence,0,0
Runtime/VisualDebug3D/FlowArrow.cs,51f4d3e9d1bdec19445bae3114d42553ae69d90c2f33c64f84e8fe01db8b02b6,4833,Runtime,VisualDebug3D,unknown / no renderer evidence,0,0
Runtime/VisualDebug3D/MeshBlink.cs,64ae5c53323f7474c52bf0e34cbf69076744386dea7382b9a532135e961b8188,5848,Runtime,VisualDebug3D,unknown / no renderer evidence,0,0
Runtime/VisualDebug3D/VisualDebug3D.asmdef,8c5fc0e8fb4f800746e9ad7af7c1602a49293ec681f65bedec45aef71a8cea66,464,Runtime,VisualDebug3D,unknown / no renderer evidence,0,0
Runtime/VisualDebug3D/VisualDebug3DHelper.cs,45a52206a3374c241e3f86825920f5b5eca2e590184ddd0fb78c2a67ad218fb6,2191,Runtime,VisualDebug3D,unknown / no renderer evidence,0,0
Runtime/WorldSpaceUINavigation/IWorldSpaceProxyTarget.cs,26e63aa31049ee4252f1aea50d806b74bff2de8c5c733aa5254025fbd5f7a9d6,582,Runtime,WorldSpaceUINavigation,unknown / no renderer evidence,0,0
Runtime/WorldSpaceUINavigation/NavigationCursor.cs,7e41dfbcf36de7d1b833aa01b037ae9b64cff742d73edb46cefa7f65fbaaae2b,1765,Runtime,WorldSpaceUINavigation,uGUI,0,0
Runtime/WorldSpaceUINavigation/WorldSpaceUINavigation.asmdef,27eac27e9c160867e0768dfcbb724c821301cd71a137d8bcaec2fb68c0954f9f,428,Runtime,WorldSpaceUINavigation,unknown / no renderer evidence,0,0
Runtime/WorldSpaceUINavigation/WorldSpaceUINavigation.cs,8c28e25f6719d6047161459a4e70d8c3debc16afb8106a0f4e57d1e5481ace0d,231,Runtime,WorldSpaceUINavigation,unknown / no renderer evidence,0,0
Runtime/WorldSpaceUINavigation/WorldSpaceUIProxy.cs,02bc81b200f6c2812b19792fb57b662821b592173808568ad2ba58b2591c605d,1872,Runtime,WorldSpaceUINavigation,uGUI,0,0
Runtime/WorldSpaceUINavigation/WorldSpaceUIProxyManager.cs,d5524a57c3f2fbde74b812a2ee17e086b244fdcb7e05e0778609c9f13ace1155,2382,Runtime,WorldSpaceUINavigation,uGUI,0,0
Runtime/ZoeCharacter/AimDriver.cs,cdfc4044ae79292f130f75f62aa5bc4ed78b57cbdaab9e1ed228899545a71b17,2389,Runtime,ZoeCharacter,unknown / no renderer evidence,0,0
Runtime/ZoeCharacter/com.Lautaro-Arino.Laubrary.ZoeCharacter.asmdef,4c585f4c6fb40668d615a3d4803377ef2afc83a1a618d0dd06785dd3f16d161e,474,Runtime,ZoeCharacter,unknown / no renderer evidence,0,0
Runtime/ZoeCharacter/IZoeInputSource.cs,f0e29c3d79ca0503c36feb24bc9a4de839626910adf679546c9f79d989bef3b3,2160,Runtime,ZoeCharacter,unknown / no renderer evidence,0,0
Runtime/ZoeCharacter/LegacyInputSource.cs,ac568d04b68d96217e7e661bfc2b8698dcb1a2e13738a1fc1addf939985bfeea,2866,Runtime,ZoeCharacter,unknown / no renderer evidence,0,0
Runtime/ZoeCharacter/NewInputSystemSource.cs,60e3fbf25209a22ecfdabb8c2b313453d3df894ba154608d74bbdb21a3feaa82,4827,Runtime,ZoeCharacter,unknown / no renderer evidence,0,0
Runtime/ZoeCharacter/TopDownMotionDriver.cs,ecaf6e6109d342df979b835f9c9045075b9e4f04cce67d49fddbf4441050abc2,2353,Runtime,ZoeCharacter,unknown / no renderer evidence,0,0
Runtime/ZoeCharacter/ZoeWeaponDriver.cs,c1f85ae910a819e787a56cc4308055fd2fd70735d529699d0d0c0520ced7b5b2,5770,Runtime,ZoeCharacter,unknown / no renderer evidence,0,0
Runtime/Zoetrope/AmmoDef.cs,305ba76bdc9067f5758f3c456be8c3ac7dd385e2f7a5ca2af2c5f86839fdb1d5,4396,Runtime,Zoetrope,unknown / no renderer evidence,0,0
Runtime/Zoetrope/AnimationArbiter.cs,b337915b47a409bb9013f56a79c2093ce4c0a26fc2a5b7ce81fcf90c486b1c33,11769,Runtime,Zoetrope,unknown / no renderer evidence,0,0
Runtime/Zoetrope/BodySpriteFxEffect.cs,c5661816c70e3266fd18f18722c4f97d4296f5fb559eac64f8352170c0cd5aa3,10266,Runtime,Zoetrope,unknown / no renderer evidence,0,0
Runtime/Zoetrope/com.Lautaro-Arino.Laubrary.Zoetrope.asmdef,4551400f1131f6a804c3bc557456be7a2c133c66c59bf5444d0acf2339176f17,672,Runtime,Zoetrope,unknown / no renderer evidence,0,0
Runtime/Zoetrope/CueBinding.cs,945dca30c2cece6305b9b6e7d15ef670381cb94276ad729f06488112d90dd8b6,2158,Runtime,Zoetrope,unknown / no renderer evidence,0,0
Runtime/Zoetrope/EvenDirectionsAim.cs,e8c38a44c75a4544d08ebb66db445e8bcb80205df786a8879064dcf645bd0066,8467,Runtime,Zoetrope,unknown / no renderer evidence,0,0
Runtime/Zoetrope/EventContext.cs,7cffa742a7c42ac507fbac92afd04e81249e5cf200697c9fdc51082da098a75e,18144,Runtime,Zoetrope,unknown / no renderer evidence,0,0
Runtime/Zoetrope/FreeAimRotateAimSpec.cs,d2f7d73fca06911991cf8739794cef4b5d6de3ca253baf582679a949323fe80f,11608,Runtime,Zoetrope,unknown / no renderer evidence,0,0
Runtime/Zoetrope/FxFollowTarget.cs,30b16b39c5198e166d023e327d9ace2f8f0a5063d395f347501a25a0fb626634,3447,Runtime,Zoetrope,unknown / no renderer evidence,0,0
Runtime/Zoetrope/IActivatable.cs,09a3d4aa4e5ca2dd6fc497fa089b8af59c9eb693bc0ca21466e33e2f4498f013,1110,Runtime,Zoetrope,unknown / no renderer evidence,0,0
Runtime/Zoetrope/IAimSpec.cs,d284ce6b24048bd8c8a817382494510355d7b5af6b30f48e03804bac859961e3,3245,Runtime,Zoetrope,unknown / no renderer evidence,0,0
Runtime/Zoetrope/IAnimatedView.cs,5b872d624ba34252eb7d0a14545c3d5ad94e8d1aca0ae01d081b92ab157368a5,7428,Runtime,Zoetrope,unknown / no renderer evidence,0,0
Runtime/Zoetrope/IArbitratedView.cs,93c8d808cf587c3f63e37082d43fd59b4588f60a9bf475decfbe9342215d508d,3468,Runtime,Zoetrope,unknown / no renderer evidence,0,0
Runtime/Zoetrope/IBrainSpec.cs,2b1d36b3a39f3b14645ddec7521f6b00519692f14544952e2da8ff6441e7d1ea,824,Runtime,Zoetrope,unknown / no renderer evidence,0,0
Runtime/Zoetrope/ICharacterView.cs,4d1ead2caae3db2f7af832865551cee33866f8c02fb8cf5a93e106b26a7f425c,3661,Runtime,Zoetrope,unknown / no renderer evidence,0,0
Runtime/Zoetrope/ICombatFx.cs,02d81312d56ddfb259d5b2a2f852770462a00dca04b441a4b8359ed69f7a5556,4106,Runtime,Zoetrope,unknown / no renderer evidence,0,0
Runtime/Zoetrope/ICueSink.cs,cf864aff98b6574ee536488269329127927bd84954d26f7fae3b71bf6965a23f,1328,Runtime,Zoetrope,unknown / no renderer evidence,0,0
Runtime/Zoetrope/IEffect.cs,e64acea43b68d7dabdd1fdee838127605f9714cd91255596786f2f1162928c97,1642,Runtime,Zoetrope,unknown / no renderer evidence,0,0
Runtime/Zoetrope/IEffectOrientationHint.cs,dc106d3db414e9125a8c21cd80de60e59dbe880199342e3e0ec7b11b87e57fc1,658,Runtime,Zoetrope,unknown / no renderer evidence,0,0
Runtime/Zoetrope/IEventParamUser.cs,d83532ff9d7d846d1b2493a7262d6d24baacb440122c9e2bff334cfaac7ec31c,2219,Runtime,Zoetrope,unknown / no renderer evidence,0,0
Runtime/Zoetrope/IFireStateSource.cs,c105ad511f75f1368aa6aa1174f1d57d4634eafe76ff22728e047fb12dde28fd,4385,Runtime,Zoetrope,unknown / no renderer evidence,0,0
Runtime/Zoetrope/IFlippableView.cs,e287dce64485c31ff9b5da05a2b2e517f21765e2ae78a58dd34b8fd3147e9dc1,822,Runtime,Zoetrope,unknown / no renderer evidence,0,0
Runtime/Zoetrope/IMotionPoseHost.cs,ee54dcb3e66bf704542df8dc098761e9e1f7087feeb608125b001f3a6237f384,1311,Runtime,Zoetrope,unknown / no renderer evidence,0,0
Runtime/Zoetrope/InvulnerableEffect.cs,7f6687e6d1ca69d047615cd35aa43cf5533e8cf4b4d9d397b1a4efd678b96b1b,1692,Runtime,Zoetrope,unknown / no renderer evidence,0,0
Runtime/Zoetrope/IPartLookup.cs,848a381da083a0c269af915b461a14098a60730594b3efa196529a9eb40eca09,1335,Runtime,Zoetrope,unknown / no renderer evidence,0,0
Runtime/Zoetrope/IPlayerControllerSpec.cs,d8c77d1c1bb94acc7283423257c5c2596ceaa7a6cec5b2ee59b45381bc0411b2,1020,Runtime,Zoetrope,unknown / no renderer evidence,0,0
Runtime/Zoetrope/IReactionLookAnswerer.cs,1fa6516047c231ea6f32967bf587087515c4e7de80d47f0d406d4d206a392229,2269,Runtime,Zoetrope,unknown / no renderer evidence,0,0
Runtime/Zoetrope/IResolvedFacing.cs,236c0bb81d41f40d667c7ae4d541ecd16d103f8ce1dae04bd42e64b1a9cda5f0,2141,Runtime,Zoetrope,unknown / no renderer evidence,0,0
Runtime/Zoetrope/IZonedView.cs,6fc08f0874e82146866b872d0d8c506a466d76fc483463d085e7c22466092d52,1880,Runtime,Zoetrope,unknown / no renderer evidence,0,0
Runtime/Zoetrope/LoadoutController.cs,44dbf357e1464422596f26ab9a35350438849b1ff1bfa6c6e56683e53632fc14,2167,Runtime,Zoetrope,unknown / no renderer evidence,0,0
Runtime/Zoetrope/Locomotion.cs,d6ed9b38ff8cd7cc863495099df85ea5bbda6fb544e7eb75108e39d17d023dbc,6158,Runtime,Zoetrope,unknown / no renderer evidence,0,0
Runtime/Zoetrope/MotionPose.cs,3e680c48b92902a909ad31a2c47b0669094631bd525641b19de099a52288aa4b,6969,Runtime,Zoetrope,unknown / no renderer evidence,0,0
Runtime/Zoetrope/MotionState.cs,5da268f6d1122618492231a4de34b99d6d3ba89c225a1d73b0a4799d955e346c,6576,Runtime,Zoetrope,unknown / no renderer evidence,0,0
Runtime/Zoetrope/MuzzleTracker.cs,feceb2738aa29281c2fbece546ce5ac4a995080263f9c927f4806236b7147e4c,3219,Runtime,Zoetrope,unknown / no renderer evidence,0,0
Runtime/Zoetrope/MuzzleVectorTracker.cs,4dc179effb81bed085edc3fc1c0028a5022b5b807c49ba080f5eb7d3d06f70df,4126,Runtime,Zoetrope,unknown / no renderer evidence,0,0
Runtime/Zoetrope/NamedReaction.cs,1098a8b89756d13f27bb5cb35a8c8df050d3758426832b5223f50a78fda16451,4117,Runtime,Zoetrope,unknown / no renderer evidence,0,0
Runtime/Zoetrope/PaintedMuzzleAimSpec.cs,654bfe3b80507987d76b59629111d6bf63c4fec380e27afa67313d4b1bdbf24d,3353,Runtime,Zoetrope,unknown / no renderer evidence,0,0
Runtime/Zoetrope/PlayLauminationEffect.cs,09f186d2047dc2abb98e642a57d75a8e902ef707eb3adb352c4d65eac7385ae4,4396,Runtime,Zoetrope,unknown / no renderer evidence,0,0
Runtime/Zoetrope/ProjectileFx.cs,89b7614cbba375ab2e643915c80f307c8a2b4a38d8034fdc1613728ff682424a,1358,Runtime,Zoetrope,unknown / no renderer evidence,0,0
Runtime/Zoetrope/PushbackEffect.cs,c7af087c09534b0b0dd9c880f38f807ac6eb86be875f5647b8cb0f5e4b7bc867,4825,Runtime,Zoetrope,unknown / no renderer evidence,0,0
Runtime/Zoetrope/ReactionFx.cs,47b7cfc32cf294a4d68ab8dd3a9dab34637bb3c1eb5c72cdc3910829c7f37a0a,21422,Runtime,Zoetrope,unknown / no renderer evidence,0,0
Runtime/Zoetrope/ReactionFxPlayer.cs,457ea98dee5f3b41223c6917f7b2c1bc2870c6334c806b5a9b63810c7b4972ed,49570,Runtime,Zoetrope,unknown / no renderer evidence,0,0
Runtime/Zoetrope/ReactionRequest.cs,5990062fa9ca1ff2338608423aa2ad88abe23cba89a8fbca1800bc2473dc8266,5993,Runtime,Zoetrope,unknown / no renderer evidence,0,0
Runtime/Zoetrope/SpriteAlphaHitFilter.cs,99f4788a5e2d01cc02a688d653e6bd52e42fa09ccae1faade0e52807037b9bf8,4895,Runtime,Zoetrope,unknown / no renderer evidence,0,0
Runtime/Zoetrope/TargetPracticeController.cs,6376c4ee1d5d8b9a3e482d2ccf9f780368713e340f48f5adae28fdd9c42e2c2f,7984,Runtime,Zoetrope,unknown / no renderer evidence,0,0
Runtime/Zoetrope/WeaponDef.cs,c67ed2e508203d5304679e065148cc8d8e1fdca1bcbfa22a9e0f00245b4a0b06,3995,Runtime,Zoetrope,IMGUI,0,0
Runtime/Zoetrope/WeaponMuzzleCue.cs,cf8f952605b7acda23f97ee615290f424287e2bc82a46bd76dad7f7506e3b1cf,18316,Runtime,Zoetrope,unknown / no renderer evidence,0,0
Runtime/Zoetrope/WeaponSwitcher.cs,3f14602163f8b2cb1345f11789733dda35ee0d0d12d1c376662271dc8f15e1d3,2112,Runtime,Zoetrope,unknown / no renderer evidence,0,0
Runtime/Zoetrope/Zoe.cs,c9c4f08278c418816b02490fc18b27132c8c437c39d6875955a0a2877ffc3522,14571,Runtime,Zoetrope,unknown / no renderer evidence,0,0
Runtime/Zoetrope/ZoeChunkAnimation.cs,4e18f9d8d9c115fb52fa3efc7844009a305f436aeeae1a98132781d9eb138deb,6865,Runtime,Zoetrope,unknown / no renderer evidence,0,0
Runtime/Zoetrope/ZoeMetaPositionResolver.cs,cacd0b41bc40300aeba0b1ddc0eb931398649b0f738e213f6e20f972c2477431,3708,Runtime,Zoetrope,unknown / no renderer evidence,0,0
Runtime/Zoetrope/ZoeReactionTelemetry.cs,1cd5077823aaa7ddf545ebfb862ea467b6e87f53f44e9cb2b6a82b2f8a55fdf9,2404,Runtime,Zoetrope,unknown / no renderer evidence,0,0
Runtime/Zoetrope/ZoeSpawner.cs,9caccc8b962779a5ac2bbeae9d3402006c31d92738b707545c4a604295d58a8a,17061,Runtime,Zoetrope,unknown / no renderer evidence,0,0
Runtime/Zoetrope/ZoeState.cs,5022d9ffd0f5959ba6da93848e4e6ec6c18348864431feea3e8391be9b7108a5,11963,Runtime,Zoetrope,unknown / no renderer evidence,0,0
Runtime/Zoetrope/ZoeWeaponSlot.cs,19db2b5a07e378ef45bb7c2ca888475cacfa6570b6e0ab7c16da68552a808d76,2411,Runtime,Zoetrope,unknown / no renderer evidence,0,0
Runtime/ZoetropeDaemon/com.Lautaro-Arino.Laubrary.Zoetrope.Daemon.asmdef,b9b30a7788f86ecf11f80cb11b4e9cb9e309e8d0b40ab1db5a5c7165afc109a1,556,Runtime,ZoetropeDaemon,unknown / no renderer evidence,0,0
Runtime/ZoetropeDaemon/DaemonBrainSpec.cs,3ae1a542480b0568710fdfbdea916d8991ea58bf1ae08477640d60beca134c77,1408,Runtime,ZoetropeDaemon,unknown / no renderer evidence,0,0
Runtime/ZoetropeLaunimator/AnimatedViewRelay.cs,1aa343d964c36b7906e6d5f5dab3eda9818430d5a053fa30845fbd2cc6a5cec0,9816,Runtime,ZoetropeLaunimator,unknown / no renderer evidence,0,0
Runtime/ZoetropeLaunimator/com.Lautaro-Arino.Laubrary.Zoetrope.Launimator.asmdef,3bfa0d3cf2b02fd70c758328a82da956e25bb1f9260cd7c280f812491651c07a,507,Runtime,ZoetropeLaunimator,unknown / no renderer evidence,0,0
Runtime/ZoetropeLaunimator/CompositeAnimatedView.cs,a3a3651d1e8b8fb502a364181dd9295e7ee206aa6da991a703c7ae7176eed220,17189,Runtime,ZoetropeLaunimator,unknown / no renderer evidence,0,0
Runtime/ZoetropeLaunimator/CompositeLauminaryView.cs,e753e2e22c657a480f95afcc2e6a4b8ef16a94b0d959623ed1032ea4345eda8f,9091,Runtime,ZoetropeLaunimator,unknown / no renderer evidence,0,0
Runtime/ZoetropeLaunimator/CompositeZonedPlayer.cs,e964d47171df9e011aaedaec48f8773cf4465d83a47bf18ce84486057e66ff4f,12427,Runtime,ZoetropeLaunimator,unknown / no renderer evidence,0,0
Runtime/ZoetropeLaunimator/CueRelay.cs,b41f207aac8b2db39d28bdc04a404a63ac985c816a56f8efeadfdc74d30c6482,6537,Runtime,ZoetropeLaunimator,unknown / no renderer evidence,0,0
Runtime/ZoetropeLaunimator/LauminaryPreview.cs,e32be277c793f90b4130b4c98b1d6504222a4f5ce6e1aff655d9224cf5c49eb6,2089,Runtime,ZoetropeLaunimator,unknown / no renderer evidence,0,0
Runtime/ZoetropeLaunimator/LauminaryView.cs,9c58cd738521cb6ab3454a18256219a70a93c6facf2da05f2587f16b287e87c2,2799,Runtime,ZoetropeLaunimator,unknown / no renderer evidence,0,0
Runtime/ZoetropeLaunimator/MotionPoseAnimator.cs,ebb577a78591c94380a209c01b620e4b5073fed3e307d147479ca726825c8a08,15187,Runtime,ZoetropeLaunimator,unknown / no renderer evidence,0,0
Runtime/ZoetropeLaunimator/MotionPoseCatalog.cs,18a7d8f4c9453529c8a9af4530ef68e02fec7052d6df5e22768611b4931bfe8c,8802,Runtime,ZoetropeLaunimator,unknown / no renderer evidence,0,0
Runtime/ZoetropeLaunimator/MotionPoseResolver.cs,053576a3177e68dc6e7ed321459cfdc748f579c008e06dcd7f95c094359d3b0a,4562,Runtime,ZoetropeLaunimator,unknown / no renderer evidence,0,0
Runtime/ZoetropeLaunimator/ZoeCapabilities.cs,2170e8990094595293ee046829dce3b4ac103ad2ddd4b9f748c31d78e8829a8d,6474,Runtime,ZoetropeLaunimator,unknown / no renderer evidence,0,0
Runtime/ZoetropeLaunimator/ZonedLauminaryView.cs,07f984d096b7c4d3d9515eac8970101f03dc6c19ffe2e229b25ccb92142c6fed,3593,Runtime,ZoetropeLaunimator,unknown / no renderer evidence,0,0
Runtime/ZoetropePyre/com.Lautaro-Arino.Laubrary.Zoetrope.Pyre.asmdef,d460574303f1e9bda4d62371394642a59902c5f97cab87268a773ab5828a8579,600,Runtime,ZoetropePyre,unknown / no renderer evidence,0,0
Runtime/ZoetropePyre/PersistentHoleFx.cs,566d468fb3cdfae5c1a9c06024d3b858ae26b092829862c775aae123fce612fb,14225,Runtime,ZoetropePyre,unknown / no renderer evidence,0,0
Runtime/ZoetropePyre/PyreChunksFx.cs,302ad861d33e2d2c9abb3c61896f024058b1fe9d439c544340ddf77eff5f097b,6383,Runtime,ZoetropePyre,unknown / no renderer evidence,0,0
Runtime/ZoetropePyre/SpawnChunkFx.cs,0c381c65d9f60450734dcc7e8f820fbb8b2e18798e14e5752675ae305f2547cd,4990,Runtime,ZoetropePyre,unknown / no renderer evidence,0,0
Runtime/ZoetropePyre/SpawnPyreFx.cs,79aa9abaa76fba63a4578b942d4fc3dde58d30f2536c28d90b242c00b490d027,5271,Runtime,ZoetropePyre,unknown / no renderer evidence,0,0
Runtime/ZoetropePyre/ZoeLiveSampler.cs,951b02e532303ead6f3a8ced7e5c4e6b8a5783494661273725bc4377d67a8ba4,3531,Runtime,ZoetropePyre,unknown / no renderer evidence,0,0
Runtime/ZoetropeZoeCharacter/com.Lautaro-Arino.Laubrary.Zoetrope.ZoeCharacter.asmdef,52fd8d8b7a90de651e498f49d14df389ab16140297955db69fb256490cf411f6,542,Runtime,ZoetropeZoeCharacter,unknown / no renderer evidence,0,0
Runtime/ZoetropeZoeCharacter/TopDownPlayerControllerSpec.cs,bcfe8f09ba77da3ecb35ec7c255f5f32686594070312f571351b6069d4412777,3571,Runtime,ZoetropeZoeCharacter,unknown / no renderer evidence,0,0
Runtime/ZoetropeZounds/com.Lautaro-Arino.Laubrary.Zoetrope.Zounds.asmdef,8262e0ed919108987f084a23a0f87e3a5c51ac8872111fdcb763dc3b845111ee,512,Runtime,ZoetropeZounds,unknown / no renderer evidence,0,0
Runtime/ZoetropeZounds/PlayZoundEffect.cs,b8897429de2786c8e8ecb36a6b6bb0e06c65ef9b8aca5a15f82f8d8983e94acb,1837,Runtime,ZoetropeZounds,unknown / no renderer evidence,0,0
Runtime/Zounds/AssemblyInfo.cs,efda52103bccd6d43baa1b101c33c12799cc0380cff5d36e843b49c14c7912a3,116,Runtime,Zounds,unknown / no renderer evidence,0,0
Runtime/Zounds/com.Lautaro-Arino.Laubrary.Zounds.asmdef,a79108111c24b744d0869560d815a535b2b3dfd8812bc450a9396569159b800e,795,Runtime,Zounds,unknown / no renderer evidence,0,0
Runtime/Zounds/ZoundAPI.cs,d1692c141fec9e540b9295b4bcf4fe8ee183b12bf3599a183a0b989bf5dae5b6,20802,Runtime,Zounds,unknown / no renderer evidence,0,0
Runtime/Zounds/ZoundEngine/Dsp/ChainLayout.cs,6569f64003bf945901fcfef4ba6ac19715e052121c5603015c8c64a1f95733ca,25717,Runtime,Zounds,unknown / no renderer evidence,0,0
Runtime/Zounds/ZoundEngine/Dsp/ChainModulationCompat.cs,9cb11492dbe86fb7e6ad38020b196866088bcd82c4562afb7ade94c34aa7aa59,12219,Runtime,Zounds,unknown / no renderer evidence,0,0
Runtime/Zounds/ZoundEngine/Dsp/DspVoice.cs,4376d6009c94df0f9cabaa2a2c6fd7004f8070c7c9652b3953181f26c3c300af,19565,Runtime,Zounds,unknown / no renderer evidence,0,0
Runtime/Zounds/ZoundEngine/Dsp/EnvelopeRandom.cs,7f387f6eff6275c5d99142975ce68526f6244d4b05882756c4ee8e32314a042c,5981,Runtime,Zounds,unknown / no renderer evidence,0,0
Runtime/Zounds/ZoundEngine/Dsp/LegacyStretch.cs,db7dec620be5264bc6164f2cc2cb11a0f7c1cdf8d4213ee31e42b3d239fafb35,4862,Runtime,Zounds,unknown / no renderer evidence,0,0
Runtime/Zounds/ZoundEngine/Dsp/ModulationMath.cs,935a0ae0b765eef82ad7bf52f8e4533b1123a24839171500018508230a5c31fd,14306,Runtime,Zounds,unknown / no renderer evidence,0,0
Runtime/Zounds/ZoundEngine/Dsp/Sap/SapChainLayout.cs,efe8f69b7034e599aee96f388bbd110da305a35923a7676bbb84c58965bc1e67,10283,Runtime,Zounds,unknown / no renderer evidence,0,0
Runtime/Zounds/ZoundEngine/Dsp/Sap/SapPcm.cs,7e84539bf3eca7a596653f7cc6fbffb0c1516a03d1fc2feed91e5e4a9ef273f0,3029,Runtime,Zounds,unknown / no renderer evidence,0,0
Runtime/Zounds/ZoundEngine/Dsp/Sap/SapRealtimeVoice.cs,81938913777a530351b17534a2bdc3cfd42935c75a9a080141e4cb5de056b9be,24345,Runtime,Zounds,unknown / no renderer evidence,0,0
Runtime/Zounds/ZoundEngine/Dsp/Sap/SapStretch.cs,350a64bb6963ff170e577be67b96730aae091feec8721d64ef936a5eeb5b29a5,22462,Runtime,Zounds,unknown / no renderer evidence,0,0
Runtime/Zounds/ZoundEngine/Dsp/Sap/SapVoiceCommand.cs,de37fe812055deaffaa2ff73f5da65e096da93370b6ca6c8dea12a7e11d1b394,5902,Runtime,Zounds,unknown / no renderer evidence,0,0
Runtime/Zounds/ZoundEngine/Dsp/Sap/SapVoiceRegistry.cs,7a092196f91d936c71f9d83ccdff787b1ebb0c3057ab7c8496c66288b80ac989,35576,Runtime,Zounds,unknown / no renderer evidence,0,0
Runtime/Zounds/ZoundEngine/Dsp/Sap/SapVoiceRender.cs,d37634eeb6f601de59d556af984449b4707d3f42fe2d85e6b07865eefde0eb10,77968,Runtime,Zounds,unknown / no renderer evidence,0,0
Runtime/Zounds/ZoundEngine/Dsp/Sap/SapVoiceRenderJob.cs,29626d38a3799828c86465fc5af8bc68e6cad71323d81dbee37917604db39757,3375,Runtime,Zounds,unknown / no renderer evidence,0,0
Runtime/Zounds/ZoundEngine/Dsp/Sap/SapVoiceSetup.cs,5d7e49cb92ae0f35ad4d03faac82d043670421147f4b3d098ff939ecd2d8ac48,31789,Runtime,Zounds,unknown / no renderer evidence,0,0
Runtime/Zounds/ZoundEngine/Dsp/Sap/SapVoiceState.cs,05e4084ddc501299370cc4682c7bfd6e38bb17f5a77df36a4bcc0cb64d2bf3e3,14228,Runtime,Zounds,unknown / no renderer evidence,0,0
Runtime/Zounds/ZoundEngine/Dsp/Sap/ZoundAudioThreadGuard.cs,40532eaab8212ed4239718e38f5f70309f5ee752bd2d03aa2309d5543372352f,2362,Runtime,Zounds,unknown / no renderer evidence,0,0
Runtime/Zounds/ZoundEngine/Dsp/Sap/ZoundSapPlayback.cs,680fc0b61c9595374d4e3133e465c5b5fb567cb151fd825dfa16617d806673bd,18724,Runtime,Zounds,unknown / no renderer evidence,0,0
Runtime/Zounds/ZoundEngine/Dsp/Sap/ZoundSapVoiceGenerator.cs,dd61749da55f3edbf70d7ceeaf6301edfd117c025c5ce4e1eb653e2e521a3f2b,45769,Runtime,Zounds,unknown / no renderer evidence,0,0
Runtime/Zounds/ZoundEngine/Dsp/ZoundDspConstants.cs,d2985e6363f7a4ea8aece22e838215154edb8c9ad5b0cb6cfaf2e6c8fb1d54c6,1770,Runtime,Zounds,unknown / no renderer evidence,0,0
Runtime/Zounds/ZoundEngine/Dsp/ZoundDspEvents.cs,1d5884b7de046f4aaea408e9a028ded050401cb43a4c2dde51d0d456d4122892,1772,Runtime,Zounds,unknown / no renderer evidence,0,0
Runtime/Zounds/ZoundEngine/Dsp/ZoundDspOffline.cs,b13e69a4d39b6366cc6016f272599383646eaac2fab837aa4e70200b6eb3525c,5213,Runtime,Zounds,unknown / no renderer evidence,0,0
Runtime/Zounds/ZoundEngine/Dsp/ZoundDspPlayback.cs,eeba3502c0804cfbbeafdc7f663f488bb0e66fa884137746953eda7a65d33828,20513,Runtime,Zounds,unknown / no renderer evidence,0,0
Runtime/Zounds/ZoundEngine/Dsp/ZoundEffectDescriptors.cs,9b8e9111a74988551bb3a7923387e624442298e44cbd46e6946afc5484d228af,43810,Runtime,Zounds,unknown / no renderer evidence,0,0
Runtime/Zounds/ZoundEngine/Dsp/ZoundEffects.cs,6007454c3cab3ca4151dedfeabddc7c64307d73388f0f1fd517d63e5c58cfcbe,39537,Runtime,Zounds,unknown / no renderer evidence,0,0
Runtime/Zounds/ZoundEngine/Dsp/ZoundGCStressTest.cs,9c3661c31626f98f118df4bf0fc1547dab584e7664e4feeaa92b22674dd900c9,1724,Runtime,Zounds,unknown / no renderer evidence,0,0
Runtime/Zounds/ZoundEngine/Dsp/ZoundPcmCache.cs,74cf1dbf8d91279a168bee02fd45fb352331b71ea48624faf61c40158af38ffa,4527,Runtime,Zounds,unknown / no renderer evidence,0,0
Runtime/Zounds/ZoundEngine/Dsp/ZoundTimeStretcher.cs,cbd49c85b1707c97c65ecbb5fac7b8ce6f44ae3d884252fbb66432d92cc3be6c,16966,Runtime,Zounds,unknown / no renderer evidence,0,0
Runtime/Zounds/ZoundEngine/Dsp/ZoundTriggerWatch.cs,6c23437632d94a1977cdd8dd0538fa40f045602e17c11d5c264f26d567702073,12846,Runtime,Zounds,unknown / no renderer evidence,0,0
Runtime/Zounds/ZoundEngine/Envelope.cs,fa4d22bf9c4acd2156253c89d9c98d7dfe60cb873db6294e3b1df9f085ee0a4e,6306,Runtime,Zounds,unknown / no renderer evidence,0,0
Runtime/Zounds/ZoundEngine/RuntimeUpdater.cs,f68a8e5062205186896444857978b2304866c77542b2883d387823e625a13433,1080,Runtime,Zounds,unknown / no renderer evidence,0,0
Runtime/Zounds/ZoundEngine/ZoundDictionary.cs,b91ebbcb0b864b4a9aa6cd855cf02befa2b08aef602c200805794b37a98c2f76,14176,Runtime,Zounds,unknown / no renderer evidence,0,0
Runtime/Zounds/ZoundEngine/ZoundEngine.cs,bf012517208cfa4ce56cd2f0f130581d3cb7a094eae0a95669765e89fb51621f,36288,Runtime,Zounds,unknown / no renderer evidence,0,0
Runtime/Zounds/ZoundEngine/ZoundGlide.cs,8b35d5519a8ab1302a83f1c0ec440392fd6995a423435116e9136ce03c380288,1948,Runtime,Zounds,unknown / no renderer evidence,0,0
Runtime/Zounds/ZoundEngine/ZoundHandlers/ClipZoundHandler.cs,530205badae039d832886e5ec1cc73bd309767253feb90a714c7b3cb979445ac,1111,Runtime,Zounds,unknown / no renderer evidence,0,0
Runtime/Zounds/ZoundEngine/ZoundHandlers/KlipHandler.cs,6a07f18286806573ec041a1d1a1a58fb1065a39249aa7f666f2929f9a83b0f92,31348,Runtime,Zounds,unknown / no renderer evidence,0,0
Runtime/Zounds/ZoundEngine/ZoundHandlers/ZequenceHandler.cs,b9acbf249e7c6b5e6e795c79fa6d1d3a7dbcc5397c3447862b4a14c8f05b1d4e,27544,Runtime,Zounds,unknown / no renderer evidence,0,0
Runtime/Zounds/ZoundEngine/ZoundHandlers/ZoundHandler.cs,e6e766d8153d5752de1a207c75c8e765be7dec14d4ef7a2340c876aaa13c446e,17076,Runtime,Zounds,unknown / no renderer evidence,0,0
Runtime/Zounds/ZoundEngine/ZoundPool.cs,0a6df28a3e08f5e813808246630ecf534464689bb4796c3055ea41be2b6250cc,4493,Runtime,Zounds,unknown / no renderer evidence,0,0
Runtime/Zounds/ZoundEngine/ZoundToken.cs,c72f6f1970275104db4f838182361e0aff6d6319705676319015788a93e3d855,35664,Runtime,Zounds,unknown / no renderer evidence,0,0
Runtime/Zounds/ZoundEngine/ZoundTrack.cs,a61b51f0f874fbe112208d8458587373eb341dbfd9c675edd508f7228945a5ef,4763,Runtime,Zounds,unknown / no renderer evidence,0,0
Runtime/Zounds/ZoundEngine/Zpoc/ZoundDiagnostics.cs,36f11accb572e8c4c9a3c6c219b622c1833f7f79da10ea65852446beac9ba335,4967,Runtime,Zounds,unknown / no renderer evidence,0,0
Runtime/Zounds/ZoundEngine/Zpoc/ZpocGlobals.cs,1646b2283a75d55a7fb013534d8e9e9a05553e27d6b869c8fb0f8355882fabc7,2846,Runtime,Zounds,unknown / no renderer evidence,0,0
Runtime/Zounds/ZoundEngine/Zpoc/ZpocIndex.cs,6ab503f984441a34b091c33c7d7b32a49b5d80d3fd5079eebbc080bc3a7f629d,4035,Runtime,Zounds,unknown / no renderer evidence,0,0
Runtime/Zounds/ZoundEngine/Zpoc/ZpocKeys.cs,18e8401fca0bef7d8c445ae58cf210b5f27224756f2afcbbe99695b56ace80e2,1831,Runtime,Zounds,unknown / no renderer evidence,0,0
Runtime/Zounds/ZoundsProject/ZoundChainLibrary.cs,53ac7822a7022f68ee64218e043a47a933cdf130efc7c12a429f7c33b1bfdea7,6651,Runtime,Zounds,unknown / no renderer evidence,0,0
Runtime/Zounds/ZoundsProject/ZoundEffectChain.cs,ffc207b8a17db0b4622f5b3d0fd5d868837f37111eba11862a19be7f216879cc,16095,Runtime,Zounds,unknown / no renderer evidence,0,0
Runtime/Zounds/ZoundsProject/ZoundLibrary.cs,cbdfa218a29dc3084d3fb1cf0ce826cf4bfba4db909fcece24497e303531f7cf,28319,Runtime,Zounds,unknown / no renderer evidence,0,0
Runtime/Zounds/ZoundsProject/ZoundLoop.cs,c658dd3d0b839c71a47f93f8b3a4c88568dccdbce6c3482ab5f3c470aa2f9c88,2693,Runtime,Zounds,unknown / no renderer evidence,0,0
Runtime/Zounds/ZoundsProject/ZoundRoutings.cs,e06c4f3f2618c089baa5d16b35b434d8e733453e4065fe8bd29be93792a25319,7640,Runtime,Zounds,unknown / no renderer evidence,0,0
Runtime/Zounds/ZoundsProject/ZoundSnapshot.cs,b3e4988720af1b6a56a695f9c97b48e6f2810eccf3b68fdb10a6d32adfb6f320,9539,Runtime,Zounds,unknown / no renderer evidence,0,0
Runtime/Zounds/ZoundsProject/ZoundsProject.cs,ae437a9b3956b717168b07c4c367ba4eb6c55d4ec68429eecfc233dd245a0fac,12679,Runtime,Zounds,unknown / no renderer evidence,0,0
Runtime/Zounds/ZoundsProject/ZoundsTempData.cs,9fd43485b9a0060903407f20057c5c661bc71ef4ef28cb5dbaf5138d0b58f0b3,889,Runtime,Zounds,unknown / no renderer evidence,0,0
Runtime/Zounds/ZoundsProject/ZoundsTheme.cs,b217ce91f80bd29605fa8e66fd0d7bf2e07954f9b5184b9fca8050f9272f9d9e,1415,Runtime,Zounds,unknown / no renderer evidence,0,0
Runtime/Zounds/ZoundsProject/ZoundTimeStretch.cs,543ede68339677caf836dfc5049a239219199cdf9ead60ffe292c98e41bfc7ea,6810,Runtime,Zounds,unknown / no renderer evidence,0,0
Samples~/Demos/ArenaDemo/ArenaEnemy.cs,c90ad42024c3cf822d3ad0623d8590315001217d6f05f9b4aa5ce282b8253550,7293,Other,Samples~,unknown / no renderer evidence,0,0
Samples~/Demos/ArenaDemo/ArenaSpawner.cs,bc4110e3e071885d952dea0c83ce0e3274bd15a54eae9e9e0721857f4d68f7c2,4016,Other,Samples~,IMGUI,0,0
Samples~/Demos/ChoreographerDemo/ChoreoDemoControlUI.cs,1969c049a50165ede9e6f23d8646470bc4171d05dad9590f85d4275f694144c9,9158,Other,Samples~,ZUI / IMGUI,0,0
Samples~/Demos/ChoreographerDemo/ChoreoDemoWander.cs,35c5430fd7a1b025e6fc68cc46c7eedd257c4c1c5d8e0cf18e2328abacd42a41,959,Other,Samples~,unknown / no renderer evidence,0,0
Samples~/Demos/ChoreographerDemo/DemoActor.cs,8321b2bb27be21e0c802b5ab4816d4bfa7badeec4e7e75208b7c5e794123635d,2188,Other,Samples~,unknown / no renderer evidence,0,0
Samples~/Demos/ChoreographerDemo/DemoBackground.cs,c42450754bf94554f630590885e1357f36ccf972c1888312ddb0742bed98fa74,3513,Other,Samples~,unknown / no renderer evidence,0,0
Samples~/Demos/ChoreographerDemo/DemoExplosion.cs,78dbe8e027cda3185d5e0a8d7e11d797efbcd1e7a41042f293bab44e3db01653,1618,Other,Samples~,unknown / no renderer evidence,0,0
Samples~/Demos/ChoreographerDemo/DemoMover.cs,ca1397d6bf4dff42c681221a0ff2559e480103dcaf575cfafcaa4bcec64cf453,495,Other,Samples~,unknown / no renderer evidence,0,0
Samples~/Demos/ChoreographerDemo/DemoPlayerWeapon.cs,9b3ef7cc5e6f6007365401facd6d56b95fd82255bf81beff13fc14d6bad19f93,2268,Other,Samples~,unknown / no renderer evidence,0,0
Samples~/Demos/ChoreographerDemo/DemoSprites.cs,f7ad06e6f19507279a9a3ff02f32754a172cba35e398a0140adcc8498810fefc,2027,Other,Samples~,unknown / no renderer evidence,0,0
Samples~/Demos/ChoreographerDemo/DemoWave.cs,890ff5709bc1d575170ca5abb502bd8b1b3ba3a4f07bd6a55c62cd1f826d5641,3041,Other,Samples~,unknown / no renderer evidence,0,0
Samples~/Demos/ChunksDemo/ChunksDemoSpawner.cs,012de5b61b32381219e54dcb131e38e91c397d77afd5c7d7d93878e6fcfca2fc,6674,Other,Samples~,IMGUI,0,0
Samples~/Demos/ColosseumDemo/ShmupDirector.cs,dc3fbd81f7c78c06d00d1c56860a6ea27d387dee8ac6d5ced998299f6d6fe351,12488,Other,Samples~,IMGUI,0,0
Samples~/Demos/ColosseumDemo/ShmupEnemy.cs,809254f24c5a7d5606fa3f31f4a965445ce1a4c17544b08f1ebdc9d5bee40502,4614,Other,Samples~,unknown / no renderer evidence,0,0
Samples~/Demos/ColosseumDemo/ShmupPlayer.cs,a8e78fcf268d7454601f6c99e6493b2b855d707cf1abccc8148705f42548e99e,1505,Other,Samples~,unknown / no renderer evidence,0,0
Samples~/Demos/Cookbook2DDemo/BoundPositionTest.cs,ac8be39fdfba4226dcbd639369a33f177713629171e2d122522dd039c7f70d08,347,Other,Samples~,unknown / no renderer evidence,0,0
Samples~/Demos/Cookbook2DDemo/Cookbook2DTester.cs,d07f2ed63e617a5f55ab4ce53cf08b0c298f68ddd8794411fbb91128f456a361,1047,Other,Samples~,unknown / no renderer evidence,0,0
Samples~/Demos/Cookbook2DDemo/PlaceNextToTester.cs,cde1ce3be883980b695e9e0e46f39464a668d736d5f81d5ffcecd134d5616dae,1522,Other,Samples~,unknown / no renderer evidence,0,0
Samples~/Demos/Cookbook2DDemo/PolygonRandomPointTester.cs,262ae912b9f59a8df6d8f57b868b00aac4c326cea434900ceefcf573a631f87a,639,Other,Samples~,unknown / no renderer evidence,0,0
Samples~/Demos/Cookbook2DDemo/RendererPositionTester.cs,cb7a8c0423192f57c276afbe394a2ff6cc89d46e4b49ac8b703e93ab0bfde5bb,582,Other,Samples~,unknown / no renderer evidence,0,0
Samples~/Demos/Cookbook2DDemo/SmoothRandomMovement.cs,126c5fa702e4e751a86de6979bac1fe1df8b7a78860d40e0bdde3669a212b567,2351,Other,Samples~,unknown / no renderer evidence,0,0
Samples~/Demos/DaemonDemo/ColosseumAgentBody.cs,c0fac06691ab8ba79d4a6979fcc1e8cc24195f08a47a3f14e028b5de077556fc,4882,Other,Samples~,unknown / no renderer evidence,0,0
Samples~/Demos/DaemonDemo/DaemonDemoDriver.cs,e284e11289acde1a4273aec68fd23217754b98cca888b512922b37a17d39c44c,3948,Other,Samples~,unknown / no renderer evidence,0,0
Samples~/Demos/DaemonDemo/DaemonEnemyDemo.cs,276edfe1fbecf8da88ed1770bfc860af95d6590b9233b0baa0c7bd3584804961,4283,Other,Samples~,unknown / no renderer evidence,0,0
Samples~/Demos/DashboardDemo/AttributeTester.cs,2cc93c61f278e14f02db37a297454f7b7a32b108323794ea5372b7d56127a6a6,666,Other,Samples~,unknown / no renderer evidence,0,0
Samples~/Demos/DashboardDemo/DashboardTester.cs,24ed0fc422aff8df5a6be3d3c38ca51fc5cb3636f34a36458b50f784634ada81,1147,Other,Samples~,uGUI,0,0
Samples~/Demos/GalleryDemo/GalleryDirector.cs,63c5b595a90c749eb3cada7a34f63af3810ccc6a8838f6ce4420ca08ce7671f0,6102,Other,Samples~,IMGUI,0,0
Samples~/Demos/LarderDemo/LarderDemoClickShooter.cs,3fd201fa071aa9afd70c6bb5a972cceb4e761fb6649695e43ac404ccfd94fed4,917,Other,Samples~,unknown / no renderer evidence,0,0
Samples~/Demos/LarderDemo/LarderDemoShelf.cs,95b45ee61d40da8ae7557348fc131ff3631e7fca4e9ba35fd29738ca2f9bb757,2683,Other,Samples~,unknown / no renderer evidence,0,0
Samples~/Demos/Laubrary.Demos.asmdef,a1cd79eb8bce65a863f4f2a42e10cb315e73acc284aff3e276189efdfdf15a4e,2037,Other,Samples~,unknown / no renderer evidence,0,0
Samples~/Demos/MonolithDemo/MonolithDemo/GameOnState.cs,4e308b01311a9e023705ba90508f3eb079fa90669722951816cdaa7a09384450,1552,Other,Samples~,unknown / no renderer evidence,0,0
Samples~/Demos/MonolithDemo/MonolithDemo/GamePausedState.cs,3f7904d4a233eef7637232c92d899df3ba93219def41b48058dfa6ee157a542d,901,Other,Samples~,unknown / no renderer evidence,0,0
Samples~/Demos/MonolithDemo/MonolithDemo/StartState.cs,b0cccc998147dbcc353a4c050141f6c308257d5d7c5ac039f91e36ae6a0824d4,1249,Other,Samples~,unknown / no renderer evidence,0,0
Samples~/Demos/MonolithDemo/MonolithSubStateDemo/Demo2_AltGameOnState.cs,82c7abdbd245cbf1fdb2185a6dd668163f77110edff3eda88267ccefe34d336e,911,Other,Samples~,unknown / no renderer evidence,0,0
Samples~/Demos/MonolithDemo/MonolithSubStateDemo/Demo2_AltGameOnState_SubState1.cs,70d480ce57cbe0519875238161e584fd895b94653cd37197f9995031a85cea00,754,Other,Samples~,unknown / no renderer evidence,0,0
Samples~/Demos/MonolithDemo/MonolithSubStateDemo/Demo2_AltGameOnState_SubState2.cs,b9af43a3ff3968763a3e4fb3921e859cacb2656b617add91e32e2a14fda67baf,886,Other,Samples~,unknown / no renderer evidence,0,0
Samples~/Demos/MonolithDemo/MonolithSubStateDemo/Demo2_GameOnState.cs,fce5e2f7e358dcabc42e6841ca1ff77383b2fac3febf0431b1d3407e04441bb8,702,Other,Samples~,unknown / no renderer evidence,0,0
Samples~/Demos/MonolithDemo/MonolithSubStateDemo/Demo2_GameOnState_SubState1.cs,d214d27a9f8df4030524da2a7a48ec2b35efb1fb1b2f96fbeb631f48eab34c42,723,Other,Samples~,unknown / no renderer evidence,0,0
Samples~/Demos/MonolithDemo/MonolithSubStateDemo/Demo2_GameOnState_SubState2.cs,49b7b878ccf055ad91357e73f2d813a849dc24671f7f16eb04bd48a0e15c3f82,921,Other,Samples~,unknown / no renderer evidence,0,0
Samples~/Demos/MonolithDemo/MonolithSubStateDemo/Demo2_MainState.cs,9e68586ab1b04845b16e347c14c0ac2258a0c3ec3f785d729120b5553ce3b137,701,Other,Samples~,unknown / no renderer evidence,0,0
Samples~/Demos/MonolithDemo/MonolithSubStateDemo/Demo2States.cs,510a9c945d43c36fdd71d44b653d24012e96be22f1c759f8d608d81b31d94254,304,Other,Samples~,unknown / no renderer evidence,0,0
Samples~/Demos/MonolithDemo/MonolithSubStateTest.cs,89e7cf6d3dca3a5f190807e370432a25b7d6a5aa4cd75f956778885b0b090b1b,1367,Other,Samples~,unknown / no renderer evidence,0,0
Samples~/Demos/MonolithDemo/MonolithTest.cs,13c893bb8337d90ee6c5d8e2128f23031840ce17b3ac7a85feeda60f2cffa8f0,845,Other,Samples~,unknown / no renderer evidence,0,0
Samples~/Demos/NotifyerDemo/NotifyerTester.cs,2d4d67ec2b9de11448940f488923600cb52eed536e1c8d78fec780d8b7c63a38,1603,Other,Samples~,unknown / no renderer evidence,0,0
Samples~/Demos/OverlapperDemo/OverlapperTester.cs,e999f2e4e097c371fae020d7b8cfc10a9f02cef94cfc9cd954503d21cc8dddf5,866,Other,Samples~,unknown / no renderer evidence,0,0
Samples~/Demos/OvertureDemo/ClickableCube.cs,c3e4322a7a89993532fb0f9ecc75da0d8d0624e51d699028166ff04e9f4e59ad,460,Other,Samples~,unknown / no renderer evidence,0,0
Samples~/Demos/OvertureDemo/DemoInGameMenu.cs,d12841c9135a8ad1b60425b70f620f6d985951791838436168760e1d3e4ccf19,503,Other,Samples~,unknown / no renderer evidence,0,0
Samples~/Demos/OvertureDemo/DemoMainMenu.cs,bab0a6d722f58d930e8b16d3136f3eed454df85121c78f2da94a7a5bdebb8708,928,Other,Samples~,unknown / no renderer evidence,0,0
Samples~/Demos/OvertureDemo/DemoSettingsMenu.cs,9cf4d66d945cdee0b7d383a891dfaaf0d25d75d7e001414f47d371f67f5b5d3f,1312,Other,Samples~,unknown / no renderer evidence,0,0
Samples~/Demos/OvertureDemo/GameStateController.cs,94ccaf4260d24472d564bbed2bd2bfe9ba564fa91e981d6aa39c30af2d0398d7,5501,Other,Samples~,unknown / no renderer evidence,0,0
Samples~/Demos/OvertureDemo/InGameMenuState.cs,301e67fb54e32e445653d346dfa9fa33a929b7915e96e19ca101533d9fc154f5,395,Other,Samples~,uGUI,0,0
Samples~/Demos/OvertureDemo/OvertureDemo.cs,1c3140ff06403efc59bea1160b5391eb5a991115e098486df545f422cc69bf09,273,Other,Samples~,unknown / no renderer evidence,0,0
Samples~/Demos/OvertureDemo/OvertureLoadingDisplay.cs,605adde59c752c8ac5d02aa80f1bfc1a3ba26e7f0ab3c3a4200a32bb84a70d15,1309,Other,Samples~,uGUI,0,0
Samples~/Demos/OvertureDemo/OvertureTimedState.cs,f720b42b48dc73a647282ac5cf51bddb6e97919bf53e40ec66ac903b514ef57f,2216,Other,Samples~,unknown / no renderer evidence,0,0
Samples~/Demos/PersistentSingletonDemo/PersistentSingletonTester.cs,3c5448f31c0f0c318748ba7fe307fc6a7d21e31ecbcdd19ec572a49696ccaf69,948,Other,Samples~,unknown / no renderer evidence,0,0
Samples~/Demos/ProtoGuyDemo/DemoWeaponSwitch.cs,240155d0bc26ca34539eb1cc997d757bccc6c878f24d8c009e443e74b700fe77,1677,Other,Samples~,unknown / no renderer evidence,0,0
Samples~/Demos/ProtoGuyDemo/FlyingDiscSpawner.cs,71bc0e26bf15e8eb8d8a11190fb2bd0dc6b23c4546d31b65d2a21df9eef69fea,4324,Other,Samples~,unknown / no renderer evidence,0,0
Samples~/Demos/ProtoGuyDemo/ProtoGuySpawner.cs,442ddc5f6849b1e1d2fb6486954950da3f79efe09638180e7772bb7c85eadcdb,2074,Other,Samples~,unknown / no renderer evidence,0,0
Samples~/Demos/QuellectionDemo/PocketTester.cs,4ab5771243c2fdc1bb60bea5c5ef8a16c33bb3dad194d93386fb955300a1157b,913,Other,Samples~,unknown / no renderer evidence,0,0
Samples~/Demos/QuellectionDemo/QuellectionTest.cs,6ece0eed8611d412fd6681daa9d07e1d6f611b60e5cf9a89da8740d6ba242860,856,Other,Samples~,unknown / no renderer evidence,0,0
Samples~/Demos/RandomizersDemo/RandomizersTester.cs,3c4d7d91153eb8365e7694a132b8b6ee698555c90be64cf2e82a075f5d16daf6,1759,Other,Samples~,unknown / no renderer evidence,0,0
Samples~/Demos/SaveGameDemo/SaveGameDemo.cs,be044cc02817446c0a55026120673edb0c0892903f82ccaae954ba657d5693f6,18817,Other,Samples~,uGUI,0,0
Samples~/Demos/SaveGameDemo/SaveListItem.cs,5e2c493bb3d4dbc4a3673ef19ad62a0e6774ec16079a913c7399df1c3c9e38e0,4000,Other,Samples~,uGUI,0,0
Samples~/Demos/SaveGameDemo/SnapshotListItem.cs,dd58b16cd1ee0cb0fa1cfd4dadf1fcdcbd6ca4958b47d2ec738835c820bdaee8,3353,Other,Samples~,uGUI,0,0
Samples~/Demos/SceneDirectorDemo/MySceneDirector_Test.cs,cfdd872741733aae6bdf2cd593f55b52e8628aee1b89375544a8d518ac9dff84,789,Other,Samples~,unknown / no renderer evidence,0,0
Samples~/Demos/SceneDirectorDemo/SceneDirectorTester.cs,e3314a6bd13b26fe4d1ab09fac6e95dd44ff5b49607fbcef503c6833f2c533a1,1163,Other,Samples~,unknown / no renderer evidence,0,0
Samples~/Demos/SceneDirectorDemo/SD_AnotherTestScript.cs,5232332e256bee27784994745455de974e309b9c73f8f4b6efeb80afaca922d1,420,Other,Samples~,unknown / no renderer evidence,0,0
Samples~/Demos/SceneDirectorDemo/SD_TestScriptOne.cs,bad47654cf80a9f2a690b8b54cc18f559fe6844d53609ac036f9afe766567083,357,Other,Samples~,unknown / no renderer evidence,0,0
Samples~/Demos/SimpleMenuDemo/AudioMenu.cs,cbcdfc2216089d0075496a213412591e6ee4c2ea464ce750d5c9be01ec4640a6,781,Other,Samples~,unknown / no renderer evidence,0,0
Samples~/Demos/SimpleMenuDemo/EdgeSettings.cs,70a97b1a69e61b2e3c2856aa5be134533a19fe1df4811989704d37d765212a89,1204,Other,Samples~,unknown / no renderer evidence,0,0
Samples~/Demos/SimpleMenuDemo/SettingsMenu.cs,50a936ff9d1a1afe73e99679ebaf7902903c8234b3b1719afa6552ba0a92263f,587,Other,Samples~,unknown / no renderer evidence,0,0
Samples~/Demos/SimpleMenuDemo/SimpleMenuExample.cs,41b330b820ee6e34218946732e06843fe7a95d321d488bd50210eb0f5da29e0b,934,Other,Samples~,unknown / no renderer evidence,0,0
Samples~/Demos/SimpleMenuDemo/SimpleMenuTransitionDemo/TransitionDemoAboutMenu.cs,70283d84a4eabfcb0064ac5b2c7182e0c8cf41ef11e5b3868307fb1085c75437,565,Other,Samples~,unknown / no renderer evidence,0,0
Samples~/Demos/SimpleMenuDemo/SimpleMenuTransitionDemo/TransitionDemoDisplayMenu.cs,d67a20f95bc4b404636e18397835c508891e5e488cc0bb6f118ac6b81e32af6f,1272,Other,Samples~,unknown / no renderer evidence,0,0
Samples~/Demos/SimpleMenuDemo/SimpleMenuTransitionDemo/TransitionDemoMainMenu.cs,4e3bf5abbf9a32401600802737f1ad4f85747fd8d8c5ea64a7df976905554371,1047,Other,Samples~,unknown / no renderer evidence,0,0
Samples~/Demos/SimpleMenuDemo/SimpleMenuTransitionDemo/TransitionDemoSettingsMenu.cs,662021ae6d2f58071d273064913fa7633e541bea3815590b72465367c6eb39a8,1045,Other,Samples~,unknown / no renderer evidence,0,0
Samples~/Demos/SimpleMenuDemo/VideoMenu.cs,8c0c4939a1c5d598edcae682ad193da926ba42ca4c3cdf69206dac8841f2dfad,1071,Other,Samples~,unknown / no renderer evidence,0,0
Samples~/Demos/SimpleUIDemo/AutoGenerateUI_POCO.cs,4ce2132dbba8edc906df8cc06fe6e223681f4dea496c8c77765125343ffaa98c,552,Other,Samples~,unknown / no renderer evidence,0,0
Samples~/Demos/SimpleUIDemo/CharacterClass.cs,e27000a6590a35401b2c58e81e75c7bb588bf9f6a56244e09b8741138facfd8b,151,Other,Samples~,unknown / no renderer evidence,0,0
Samples~/Demos/SimpleUIDemo/CharacterSheet.cs,c14f864c3dfbb83958e54ba2e62bb1b6afafae0d88ed8887f491cb224fe60463,1977,Other,Samples~,unknown / no renderer evidence,0,0
Samples~/Demos/SimpleUIDemo/Partial Generation Demo/PocoGenerationDemo.cs,d715bacab98550d3ac295a07f5afc2579797d055627d9230f1c30057bc8bf08c,945,Other,Samples~,unknown / no renderer evidence,0,0
Samples~/Demos/SimpleUIDemo/Partial Generation Demo/PocoGenerationDemo.Generated.cs,6fee70c128a6bb209a6162501c4c01166fe2d8e1b14c123923de62574dbc9329,1683,Other,Samples~,unknown / no renderer evidence,0,0
Samples~/Demos/SimpleUIDemo/PropertyChangeListener.cs,a7326e39923a5d67b28f087bb10b984fd7664cf7b0e4fabbbf30df2ce46e9e88,3156,Other,Samples~,unknown / no renderer evidence,0,0
Samples~/Demos/SimpleUIDemo/SimpleUIDemo.cs,873a384b07da9320414931faeb4552c74fffbe43a981c227e55d8d12d379bfb0,4985,Other,Samples~,IMGUI,0,0
Samples~/Demos/SimpleUIDemo/SmallPoco.cs,034e67e9a01812843638fb52d5a1dbf636e29ebc044009ca47bc218a0a8331dc,581,Other,Samples~,unknown / no renderer evidence,0,0
Samples~/Demos/SmartStatsDemo/SmartStatsDemoAdvancedFloat.cs,67e35accadcfaefbc2c75b2f8a40bacad4785bf7a11fc05c5039e311264baa2e,5365,Other,Samples~,unknown / no renderer evidence,0,0
Samples~/Demos/SmartStatsDemo/SmartStatsDemoBool.cs,b572e1f4dd3919fb4149bcd1d74003e3bdf7c6ac4e8bc6353dfec66f96039b10,4393,Other,Samples~,unknown / no renderer evidence,0,0
Samples~/Demos/SmartStatsDemo/SmartStatsDemoSimple.cs,f3ff9a188737bb383c314e568d82ce3fb731c4abb6bed1698165a08633f3c30b,3008,Other,Samples~,unknown / no renderer evidence,0,0
Samples~/Demos/SmartStatsDemo/SmartStatsDemoUISimple.cs,abb030b3cff087c192c9bdd6ea920d61782e2ef92038831287d49a8747c2656d,3668,Other,Samples~,unknown / no renderer evidence,0,0
Samples~/Demos/StatefulUIDemo/StatefulUITester.cs,f72b09566329f0b7245581238d412904cb8cd13a48fef8cbf6281994e808925e,2186,Other,Samples~,IMGUI,0,0
Samples~/Demos/SwitcherooDemo/SwitcherooTester.cs,42ee0d32b772968380e72ae604fd78f043155df6d66fe701ac7050a7b1f64fd1,1944,Other,Samples~,unknown / no renderer evidence,0,0
Samples~/Demos/TickerDemo/TickableTestType.cs,a3b23fd8acd1ee37ff3d5bcbd0a097afdca7aa65fcb78a91768e4f576344cdf8,775,Other,Samples~,unknown / no renderer evidence,0,0
Samples~/Demos/TickerDemo/TickerTester.cs,28b73501995e00414e423a5f09aa1e562d5a2dbe37e77512bc0780d263443d1c,356,Other,Samples~,unknown / no renderer evidence,0,0
Samples~/Demos/VisualDebugDemo/Blink3DTester.cs,b104e9a097f83f5cfa68856732d8cc4bb773d08a3aaab3218a9bcc591c2d969c,850,Other,Samples~,unknown / no renderer evidence,0,0
Samples~/Demos/VisualDebugDemo/DebugArrow.cs,24049cfa3f9fa393776da5c8775a8695d16ad2e765e498ea399c1b1e8d69446a,3650,Other,Samples~,unknown / no renderer evidence,0,0
Samples~/Demos/VisualDebugDemo/MeshBlinkTester.cs,fc1c1bbc1484cb70b19b9690952fde52231bd691c04eb244aa711e65e189dd66,585,Other,Samples~,unknown / no renderer evidence,0,0
Samples~/Demos/WorldSpaceUINavigationDemo/CameraRoamer.cs,79f7fbcce95230b38dcedf2afcd73298b547a4643d72e1f0ba0a1b0cc8b4accb,1608,Other,Samples~,unknown / no renderer evidence,0,0
Samples~/Demos/WorldSpaceUINavigationDemo/RandomWanderer.cs,374095e60b12e0cb00ca9ec5fc693315b90f29091af3d881439f51fb0456b725,1538,Other,Samples~,unknown / no renderer evidence,0,0
Samples~/Demos/WorldSpaceUINavigationDemo/WorldSpaceHighlightTarget.cs,12bca584f6238a86eafcd3a98cd012c8340fc52121b232f6b0bc710e0e618976,4386,Other,Samples~,unknown / no renderer evidence,0,0
Samples~/Demos/WorldSpaceUINavigationDemo/WorldSpaceUINavigationDemo.cs,976c02bb77d886b515b3a267689743f4160ee1a9ba189a3a5e4ff478a3124b1e,335,Other,Samples~,unknown / no renderer evidence,0,0
Zui/Scripts/Editor/Zhowcase.cs,088dee7e0721ec6c76e6b951e010833302451428eac87f54be41230cadc8feaf,31662,Other,Zui,ZUI / IMGUI,0,0
Zui/Scripts/Editor/ZUI.cs,00584621d636c2a4f5fa5c77769ab2728df0c786d1df30fd0aa4c121d6039194,43620,Other,Zui,mixed UI Toolkit + IMGUI,0,0
Zui/Scripts/Editor/ZUI.Editor.asmdef,375572f40ee1932c10bf5a8cb5a3ed19da5d24d9926bf28e1cf24dfe7dae5c91,437,Other,Zui,unknown / no renderer evidence,0,0
Zui/Scripts/Editor/ZUIAnimatedFoldout2.cs,db6f64a4fb0e1926cd4b70a33bb14bbb3ceb1856e9527468426bd166dbe3b7f9,9454,Other,Zui,ZUI / IMGUI,0,0
Zui/Scripts/Editor/ZUIAnimation.cs,dfe7a8563792bf2796260376f7eb785932bd3aa0fd02d5d84a460674513d71ba,16217,Other,Zui,ZUI / IMGUI,0,0
Zui/Scripts/Editor/ZUIAutoColorEditor.cs,8510717e8672bf9a05184511301db7ddf44c677d309e785bfd0821f670b669b4,20879,Other,Zui,ZUI / IMGUI,0,0
Zui/Scripts/Editor/ZUIBandSliders.cs,c0f5d63fcf3cad43c541efdbadf843782f39f9bededf0d3e1e7cc896914df61f,6975,Other,Zui,ZUI / IMGUI,0,0
Zui/Scripts/Editor/ZUIBlocks.cs,8c205d1d197759c630d286e640d287e1b0f187a7a7a71502dbb053a1424b5eda,5401,Other,Zui,ZUI / IMGUI,0,0
Zui/Scripts/Editor/ZUIButton.cs,20438cd73f9cfd7712103244e2802904ec49a29eaa7c7de0caeeec93d6ef51db,34450,Other,Zui,ZUI / IMGUI,0,0
Zui/Scripts/Editor/ZUIColorEditor.cs,3a581e0b69524a23475defd39d253a9c6304282ce65bee670c6dcb18d351b026,9457,Other,Zui,ZUI / IMGUI,0,0
Zui/Scripts/Editor/ZUIColorPicker.cs,39b5a2faf0cb1af232238bfadc964c55a5f3bdf229fc697cbbc3cefaacc748d8,11412,Other,Zui,ZUI / IMGUI,0,0
Zui/Scripts/Editor/ZUIContextMenu.cs,e2d2d4a402dbe104de88623abc80e5cce65bb2e8523a34c493c7319af19af13e,2965,Other,Zui,unknown / no renderer evidence,0,0
Zui/Scripts/Editor/ZUIControls.cs,47cbb9b7b8dc4c6c48325dffdece8e116711ffec77eea7874dc8be57a5d1ab08,3816,Other,Zui,ZUI / IMGUI,0,0
Zui/Scripts/Editor/ZUICurveField.cs,d6125ff449fc5879779e489ab6f59580f992f6ad007c449364d2c2ec723885e5,5278,Other,Zui,ZUI / IMGUI,0,0
Zui/Scripts/Editor/ZUIDebug.cs,8ce830dc723983c2575d03d6541202194d3edd1f8f9f3facb3d6d90f891d34a2,10147,Other,Zui,unknown / no renderer evidence,0,0
Zui/Scripts/Editor/ZUIEasePicker.cs,4c765e84fdc71003be151da432ed6b6a00d99a6129b1e8db6fa9278cf017cf47,7923,Other,Zui,ZUI / IMGUI,0,0
Zui/Scripts/Editor/ZUIEnvelope.cs,750e576fbcdf3b61fe0feadb089c8df689814c7f2cb77fa2fdd6020100b19bde,51547,Other,Zui,mixed UI Toolkit + IMGUI,0,0
Zui/Scripts/Editor/ZUIEnvelopeBuiltInPresets.cs,d1f5f1b47c9d1f75a5f19fff0ea8945000945a63c59e14d51b3cca4f0dba2950,1790,Other,Zui,unknown / no renderer evidence,0,0
Zui/Scripts/Editor/ZUIEnvelopePreset.cs,b1f9ef3a0e1d10ecf10c7769b81edee68afcf6453461b3045af458fdc37c5f61,1292,Other,Zui,unknown / no renderer evidence,0,0
Zui/Scripts/Editor/ZUIEnvelopePresetLibrary.cs,82939782fae1b17ad63beb13f4c65f5640b02c793b34216941c3e80dcd9bced8,2695,Other,Zui,unknown / no renderer evidence,0,0
Zui/Scripts/Editor/ZUIEnvelopePresetPopup.cs,ed82a686db673dd0e773e61c11b3c323553980371bf6530280e78b03c16497a0,4417,Other,Zui,ZUI / IMGUI,0,0
Zui/Scripts/Editor/ZUIFields.cs,2f350b25364b693e066cefbf275abc699f96604349b909764e8e39a980f64bc2,11591,Other,Zui,ZUI / IMGUI,0,0
Zui/Scripts/Editor/ZUIFlow.cs,ab269e7f2ad02b58d4a189613a432175374248702d51147e4aefb147e609d216,9429,Other,Zui,ZUI / IMGUI,0,0
Zui/Scripts/Editor/ZUIFoldControls.cs,84941873546688fc01ee23a326db6edd8c85a8ae5266227367ec1f2321450835,4799,Other,Zui,ZUI / IMGUI,0,0
Zui/Scripts/Editor/ZUIForm.cs,5710fe15c6021a558c69f54a5b51d29b07b85cb4279ee0ee3ac444017553c8a1,10587,Other,Zui,ZUI / IMGUI,0,0
Zui/Scripts/Editor/ZUIFormControls.cs,76c9c81e598911a5d0243d58704495bef4baab2f18370f8c919ca16e7d49a397,16113,Other,Zui,ZUI / IMGUI,0,0
Zui/Scripts/Editor/ZuiGradientPresetLibrary.cs,19150dd531b6519233b01286ca1441155745e1bcc40269379fb80effc0efe0a5,3339,Other,Zui,unknown / no renderer evidence,0,0
Zui/Scripts/Editor/ZUIIconChoice.cs,b754e7615a7460d4655ade94aab9727989aac0d24bb95a2ba607046bbfcc3279,5449,Other,Zui,unknown / no renderer evidence,0,0
Zui/Scripts/Editor/ZUIMultiSelect.cs,4a36475724ba1a891f504d1f0dd67882cb47781e7797b63f3c05ba9b47d0ba5d,28379,Other,Zui,mixed UI Toolkit + IMGUI,0,0
Zui/Scripts/Editor/ZUIMultiToggle.cs,c3ae4458276fff0f0f2da431654cead83148f83fe0eb93dc56f959fb9d1b79a0,2144,Other,Zui,ZUI / IMGUI,0,0
Zui/Scripts/Editor/ZUIPaddedArea.cs,98df378c0d58e0b39952dd558d8fb9b6e5ab2ae13b59acc6c3118df54a2cc344,1903,Other,Zui,mixed UI Toolkit + IMGUI,0,0
Zui/Scripts/Editor/ZUIPolymorphicFoldout.cs,e4581d5b3dc89bb9c90ee5da1b4f2c3e5517fedf3fffd9fb5533cc2fc7330812,8415,Other,Zui,ZUI / IMGUI,0,0
Zui/Scripts/Editor/ZUIPopover.cs,755dbdd19604538fb3cacbc694c820c076b5d0a5069823e2416100b46fe379e1,1997,Other,Zui,ZUI / IMGUI,0,0
Zui/Scripts/Editor/ZUIPositionPad.cs,55ea76e5c6c057d27bcda4b94ab7cd552ab0d20ca6fff4cca1e24be1ebb59a29,4616,Other,Zui,ZUI / IMGUI,0,0
Zui/Scripts/Editor/ZUIPulse.cs,aa7b7b88365dc2d67a466dccbf89bf300e54a86a7f3f2c84eaf801ee88c32fe4,8702,Other,Zui,ZUI / IMGUI,0,0
Zui/Scripts/Editor/ZUIRequireInterfaceDrawer.cs,1628e41e542bf48a2717ecd136f75a3f353af3a45bf78c6a89f6115f6e57981c,1318,Other,Zui,ZUI / IMGUI,0,0
Zui/Scripts/Editor/ZUIRow.cs,6edad669c7eb7e0ab1fe5dd7ba9f6a93fdb89e8af917394f42c8efdb723d9529,5081,Other,Zui,ZUI / IMGUI,0,0
Zui/Scripts/Editor/ZUISlider.cs,9f32392d338fbef44f1e09ebd987cabef82a67a16976329768f57f7904935fef,94285,Other,Zui,ZUI / IMGUI,2,0
Zui/Scripts/Editor/ZUIStackedDragField.cs,46321ab9a2cbc8c2d77bc0b67baae9d312336e0f0bd13a380879556442377438,5168,Other,Zui,ZUI / IMGUI,0,0
Zui/Scripts/Editor/ZUIStyleEditorWindow.cs,f81e18e933002db4f585d1ef4468cfdaec255071bb4bf73a1ce4444400c697ce,293775,Other,Zui,mixed UI Toolkit + IMGUI,0,0
Zui/Scripts/Editor/ZUIText.cs,2343002db3519771e581c492ebc841a1108b1f749e2185cbce6c53259464257f,16014,Other,Zui,mixed UI Toolkit + IMGUI,0,0
Zui/Scripts/Editor/ZUITextureEditor.cs,fc35779c382d274a6e242bec00f38988524eaae524bcc68e50ef022ccae9e92a,32991,Other,Zui,ZUI / IMGUI,0,0
Zui/Scripts/Editor/ZUIToggle.cs,7b9ab8c8477f8bf178bea19815a12da0697a001096e261d424ef9a55dcc5afc8,18320,Other,Zui,ZUI / IMGUI,0,0
Zui/Scripts/Editor/ZUITween.cs,80e92b4bed5ddee6fe05834415984335c341c97fafad72bf61792286893520c3,7081,Other,Zui,unknown / no renderer evidence,0,0
Zui/Scripts/Editor/ZUIValue2DControl.cs,1afe69e839a7fed09c45fc1646ed448a2badaf06f2abf571446957e28f6f9fcb,24417,Other,Zui,ZUI / IMGUI,0,0
Zui/Scripts/Editor/ZUIValueControl.cs,ba04da7f1058278e05ae4bd76507a6138a8eebe45498b3aa93177dfdfed597a3,15506,Other,Zui,ZUI / IMGUI,0,0
Zui/Scripts/Editor/ZUIWindow.cs,273ab3471dcfd96cf558801eceb919e2c47561e16e0a3d7f7bf9bdf63281a042,3685,Other,Zui,mixed UI Toolkit + IMGUI,0,0
Zui/Scripts/Editor/ZUIWindow.Draw.cs,fba79aac096a553e7ce9c6ae8e61576a0135000092504ffdc17ea3dee2ad98d4,36512,Other,Zui,ZUI / IMGUI,0,0
Zui/Scripts/Runtime/IZuiRamp.cs,b0a58d0a1b665d3627c81b496c9d9b744917e93ddf4d1147f77e0c2955b70bfc,2750,Other,Zui,unknown / no renderer evidence,0,0
Zui/Scripts/Runtime/SwatchPalette.cs,b1ab4d98dc55e7128d568ac818c13c9dde7ae6e6b415bb8e791cf8264c6ab317,3567,Other,Zui,UI Toolkit,0,0
Zui/Scripts/Runtime/ZUIAssetLibrary.cs,823bd054afbffcca27c22ceb7286e2352bf9ff4638e7943549aaef94d451e667,20025,Other,Zui,mixed UI Toolkit + IMGUI,0,0
Zui/Scripts/Runtime/ZUIAutoColor.cs,5adccc06363bfd82bc98596451e95963689c2270ec0bcef0b676cd250489a1fe,712,Other,Zui,unknown / no renderer evidence,0,0
Zui/Scripts/Runtime/ZUIColor.cs,170072756253b5556c7b19754fc2f2a9e13e8593d5f3ac4aa6838fbe0973fe1a,27651,Other,Zui,mixed UI Toolkit + IMGUI,0,0
Zui/Scripts/Runtime/ZUIColorHSL.cs,f1e524dff8d8d0bbb3465e12af68d8d30135c3e25ba6d9dc2f09ccedcee31784,2669,Other,Zui,unknown / no renderer evidence,0,0
Zui/Scripts/Runtime/ZUIColorRef.cs,c75d1d88d486f8b716a9b59674e2df03bd7ea79da87070de5c15156ccc1b0310,2512,Other,Zui,UI Toolkit,0,0
Zui/Scripts/Runtime/ZUICore.cs,7e6145339492d2f26f53cbc53ad273f1bfa07dffa9db12f1f6890055d179ffe4,2540,Other,Zui,unknown / no renderer evidence,0,0
Zui/Scripts/Runtime/ZUIEnvelopeDef.cs,cc0f5494440a7953ea43d8623d715057a072a699e32e2672203f219b249e2590,7103,Other,Zui,UI Toolkit,0,0
Zui/Scripts/Runtime/ZUIEnvelopeEvaluator.cs,cf2173a47e6f16f1aa9662a3a76730605beab1d943dc817e8522407d535ccd36,3939,Other,Zui,unknown / no renderer evidence,0,0
Zui/Scripts/Runtime/ZUIEnvelopeMarker.cs,2573b99527cc41e47045a3dacf5092b34273fa2069b2eae12d44a65e564854ce,1287,Other,Zui,unknown / no renderer evidence,0,0
Zui/Scripts/Runtime/ZUIEnvelopePoint.cs,c896ede7a25dbe4b170b54c7c2f6183f7dc90c67c7c1f089d4e287162664e11c,1508,Other,Zui,unknown / no renderer evidence,0,0
Zui/Scripts/Runtime/ZuiFaceButtons.cs,0319731f74b12ff15d975a14388e1a4f5cad66ddf1c06ae5e26b4c877d0885f1,6745,Other,Zui,ZUI / IMGUI,2,0
Zui/Scripts/Runtime/ZuiFill.cs,baa6a177f0fab8d17a10f49870bce148f0d498fc5656af7c3adcdf87b3a38106,40910,Other,Zui,unknown / no renderer evidence,0,0
Zui/Scripts/Runtime/ZUIFlash.cs,7ccebbacc5082535f74e399aceb4427c53c6ee10394bc1d23f5298809a00b1ba,2925,Other,Zui,mixed UI Toolkit + IMGUI,0,0
Zui/Scripts/Runtime/ZuiGamepad.cs,97d89b9e19b9436a37e279ee0997678f79c49c03f8b6afcce8410429ecc0feb8,13054,Other,Zui,ZUI / IMGUI,2,0
Zui/Scripts/Runtime/ZuiGradient.cs,7334cd41846722ff2b03e822bbd66fccb5d24c57d57578c5dc820beed65c916a,12776,Other,Zui,unknown / no renderer evidence,0,0
Zui/Scripts/Runtime/ZUIHue.cs,21ce1005ba3049e6a350013203d754be68e938d635140d53ec96761a6a3fb8e4,999,Other,Zui,unknown / no renderer evidence,0,0
Zui/Scripts/Runtime/ZUIIconLibraryAsset.cs,11ebf5a3062d34605cd958cea5580a1ac40e592bd71d6b8c371045848cd6bd4d,2842,Other,Zui,UI Toolkit,0,0
Zui/Scripts/Runtime/ZuiKeyboard.cs,1f90ac7eb75f440cf9fc10c32c0543864dbd725c94dcfb58655c661c87757daa,10072,Other,Zui,ZUI / IMGUI,14,0
Zui/Scripts/Runtime/ZuiMenu.cs,5d256bf23dd5e3c8a66ae2da0716f5b3abface5c47081d7f92ad23ad2d705de7,4229,Other,Zui,ZUI / IMGUI,0,0
Zui/Scripts/Runtime/ZUINineSlice.cs,db66068ef7764ebf48801b7788c27e14105f9fc399059b36966a1c4ac4c5d521,15451,Other,Zui,ZUI / IMGUI,0,0
Zui/Scripts/Runtime/ZuiOverlay.cs,a7bd50ca3a7b7778fff03bcfceb478f1b4eb8c8de8a59cd004cbc33914cdd03d,981,Other,Zui,ZUI / IMGUI,0,0
Zui/Scripts/Runtime/ZUIPair2D.cs,80c1c21f977fa8417ebfcd55d6721e3687c23238b3ff83e24988d66ee5a29006,2100,Other,Zui,unknown / no renderer evidence,0,0
Zui/Scripts/Runtime/ZUIPalette.cs,53133a09f98ec1791cf97e2cf8a032c67e54513502b6444faa7693afbfff000f,983,Other,Zui,UI Toolkit,0,0
Zui/Scripts/Runtime/ZuiPaletteCycle.cs,a1c5e1e642ea7912743d15789d2492b0e3d09d9ad532a41d501b42c0fa761665,3728,Other,Zui,unknown / no renderer evidence,0,0
Zui/Scripts/Runtime/ZuiPanels.cs,2fd1b48c7235ed72485cbb55b01612d492993c42b3b01a1622467eb46e895d01,4288,Other,Zui,mixed UI Toolkit + IMGUI,0,0
Zui/Scripts/Runtime/ZUIRequireInterface.cs,3b9f5c175ab78349d95aa8c896133a7c159de36df443bf49562aef5934bb5e28,919,Other,Zui,ZUI / IMGUI,0,0
Zui/Scripts/Runtime/ZuiRuntime.asmdef,8ccd379941a4fff7ab04b0aa00c077a35d5a3ab5bf9ce47ddeb2b098c38ee96b,91,Other,Zui,unknown / no renderer evidence,0,0
Zui/Scripts/Runtime/ZuiRuntime.cs,2ba0dae8102c837909f6964f05d1fbebfe5168bfdcfae64734cdef21226b3bca,4650,Other,Zui,ZUI / IMGUI,0,0
Zui/Scripts/Runtime/ZuiRuntimeSheet.cs,8e8d52d95719016aa7186e3265fc42ddc57e33ceb7423a6a21fbe45072d67afb,2320,Other,Zui,UI Toolkit,0,0
Zui/Scripts/Runtime/ZuiScale.cs,25dd027722310d93344cba55cf07f5efca767dc2f63e22e037dc91293255817d,1333,Other,Zui,ZUI / IMGUI,0,0
Zui/Scripts/Runtime/ZUISheet.cs,c2024b4aac04edca0b7f68eb86f2804d6f898a20864413924e498f3f68ffdcd1,4676,Other,Zui,mixed UI Toolkit + IMGUI,0,0
Zui/Scripts/Runtime/ZUIShowIf.cs,06af40f2f468320519da22f8273219c660c835891c2dce68f2d207fbdbaa359a,2138,Other,Zui,unknown / no renderer evidence,0,0
Zui/Scripts/Runtime/ZUISpacingScale.cs,3bf9b67e20e8a3a1b2a1b9313b1db2f9cb9fbb6d2fa01fb78ff9f651db733f51,341,Other,Zui,unknown / no renderer evidence,0,0
Zui/Scripts/Runtime/ZuiStack.cs,4b966713d16a6e4df98f1fd9e22d80017f120a7be0920596d99a2b84e762dc80,11245,Other,Zui,ZUI / IMGUI,0,0
Zui/Scripts/Runtime/ZUIStyleDef.cs,dbecfee63afbaeddd225b1296d77076a1968f1ad7ce5cd0ab9ee44aa714968ae,80586,Other,Zui,mixed UI Toolkit + IMGUI,0,0
Zui/Scripts/Runtime/ZuiStyles.cs,38e3982245dbc7de493b9f442c8639fae42edb85ba56c8afe8824c66ed2bc566,1999,Other,Zui,ZUI / IMGUI,0,0
Zui/Scripts/Runtime/ZUIStyleSheetAsset.cs,6f8a16d7ba2caea77aea0f5d3e34a125aa5d3ffcce208f5fd366324011610b75,16857,Other,Zui,UI Toolkit,0,0
Zui/Scripts/Runtime/ZUISubDefs.cs,35ee4d3f24f052a7a5598f3fe380cbd8fc4166a47b47a7ad8af5a18de06b9650,25559,Other,Zui,mixed UI Toolkit + IMGUI,0,0
Zui/Scripts/Runtime/ZuiSwatchBinding.cs,bee21e4faef77573e4b97a5414eb5a82fb1b180c01db6df373902395f93f2895,2661,Other,Zui,unknown / no renderer evidence,0,0
Zui/Scripts/Runtime/ZuiSwatchRef.cs,ec085319c7d1ad3126fd9f18510f9098b78eddb41a951227b906b6bac11cfa0f,3014,Other,Zui,unknown / no renderer evidence,0,0
Zui/Scripts/Runtime/ZUIValue.cs,2a603941762233a013b076f79b50b7c85f78d2fc871fa7c5fb6753ac0629de02,18311,Other,Zui,unknown / no renderer evidence,0,0
Zui/Scripts/Runtime/ZUIWholeNumber.cs,8cda0a6f7b726498b3817775f5f020b9e25c760209030ea4bdc34932c368a6df,1210,Other,Zui,unknown / no renderer evidence,0,0
Zui/Toolkit/com.Lautaro-Arino.Laubrary.Zui.Editor.asmdef,33ec05bde60a746e3a1ac29cac3a3933fbecb718b163f68d93b42eba3d3ce727,547,Other,Zui,unknown / no renderer evidence,0,0
Zui/Toolkit/Zui.cs,a763a623c380b2cce336a3041835e1a13e2546b64a463bfc20df5698ff674c2c,69819,Other,Zui,mixed UI Toolkit + IMGUI,59,26
Zui/Toolkit/ZuiAnchorGrid.cs,110046dbab09dbb0862b6ccd259a7694a8082cd545df5374488d254ff6211c51,5109,Other,Zui,UI Toolkit,0,6
Zui/Toolkit/ZuiAssetHook.cs,b5623004e30915334220af6ac2a289229683ea2f799f5f47daf58841ff875a3d,2038,Other,Zui,UI Toolkit,0,0
Zui/Toolkit/ZuiAudit.cs,67d27f4a9d7c469ca6a81b99627fc25b67cba02ad3be9cb0385f4282fc86a901,11990,Other,Zui,UI Toolkit,0,0
Zui/Toolkit/ZuiBox.cs,e18c556e7a68f741ac878f9a1a3ba67b783c54fa0beb22a8e9643f9a18899c72,27226,Other,Zui,UI Toolkit,27,13
Zui/Toolkit/ZuiBreadcrumb.cs,c7f6247da4f79028592cce50567eb20a16141c236da9638ba614bb9c98795ceb,4097,Other,Zui,UI Toolkit,11,4
Zui/Toolkit/ZuiChip.cs,e516139a4ddb30c0a851fa7cc181baf0d9ecd5d4a88a0102deb8998e8c0c70f6,8107,Other,Zui,UI Toolkit,2,4
Zui/Toolkit/ZuiColumnFlow.cs,715f690d7e299baf789cac0c555f39141c7785eaf347df97fbf6ba5192f26556,16502,Other,Zui,UI Toolkit,18,2
Zui/Toolkit/ZuiCorners.cs,26b4f30d4eade992aa6049e086b6b8873025cb6248c2b01c443804ddd0de6411,1610,Other,Zui,UI Toolkit,0,7
Zui/Toolkit/ZuiDirection3D.cs,b6f7da64eadbef5c5f4ebb130f1b7c1c05d2306591b81ba15fe85760bf207c29,17111,Other,Zui,UI Toolkit,10,3
Zui/Toolkit/ZuiEnvelope.cs,ec53f2b26f42691cad7d2da64af285280ca2797b2ccd44510d93a32452bae8f7,36404,Other,Zui,UI Toolkit,2,0
Zui/Toolkit/ZuiEnvelopeGenerators.cs,158b2fff057d3b317a33585e50c788e053732ea7e7054ccb6d9698510fcf4719,8874,Other,Zui,UI Toolkit,12,0
Zui/Toolkit/ZuiFillControl.cs,95914dcbbd67b834c7ae11f7ba5062972a64c1aae11eeecbbfae572ca3f45be0,48868,Other,Zui,UI Toolkit,43,6
Zui/Toolkit/ZuiFoldCard.cs,486f6114c2bb29552d10cf7f785f5f2e550277796a99a0b579cdfa8c07a1b7c3,5331,Other,Zui,UI Toolkit,1,1
Zui/Toolkit/ZuiFrame.cs,638153f8116d332c94b703cdfdb71723c7b8238f56818d4a7a2687f28984f250,2732,Other,Zui,UI Toolkit,1,4
Zui/Toolkit/ZuiGallery.cs,3bcc1c7cc68df71efeac56f7b8ccadebc94c50e43d865bd918d32f2cc69fc60a,14485,Other,Zui,UI Toolkit,3,0
Zui/Toolkit/ZuiGradientControl.cs,685b170b0ef5bed410f525a6d277dc5f6b8d28e9a10f4927a73dec9d8d1f87c4,1894,Other,Zui,UI Toolkit,5,0
Zui/Toolkit/ZuiGradientEditor.cs,6328a0a3e7ec104b3a42931d827948ece307f5aefb4cc48509cbb61b81119b15,10453,Other,Zui,UI Toolkit,2,0
Zui/Toolkit/ZuiGradientPresetPopup.cs,dedec12478274e1e00d399bab75bf0b210b20d49e7f8137a09ba2b11746092a6,7099,Other,Zui,UI Toolkit,17,0
Zui/Toolkit/ZuiLabelAlign.cs,5e01b898fd2d4e41c81bdfb44d3da46287bf644d11896c706c8f9e996924169f,3453,Other,Zui,UI Toolkit,3,1
Zui/Toolkit/ZuiLanes.cs,23509f3e37910edef2262655f75d2d231d6ed001785e4453b1bb2f419d29055c,43275,Other,Zui,UI Toolkit,66,9
Zui/Toolkit/ZuiLiveOverlay.cs,1d28be3ca067a233b5332d486817b96c75ef56a079183eaeab4ec4ed3641ec10,10951,Other,Zui,UI Toolkit,40,7
Zui/Toolkit/ZuiManagedRef.cs,9ec92f4f8b5696592be36d27272fdd8536e36141f5a2b02cf33f036d592ce6cd,6390,Other,Zui,UI Toolkit,2,5
Zui/Toolkit/ZuiMenu.cs,db5b0982866396a31b3c8f8fbe97ba3a5fe1fb17dff7c549897bd1bf0ff86f3c,17641,Other,Zui,UI Toolkit,25,15
Zui/Toolkit/ZuiMicroMinMax.cs,7c511d5dad3e1d5b6f986bb799555aab06182fcb38d556eaf5812ee22a7e58d9,18195,Other,Zui,UI Toolkit,0,2
Zui/Toolkit/ZuiMicroSlider.cs,6755a268716167c058a56ba85046e220d207e1dde430dd13ba116072586d9fe2,13855,Other,Zui,UI Toolkit,9,3
Zui/Toolkit/ZuiPad.cs,2de2e77722a65ba31321fbf28f18c854bc7e1ef7fa06081548f91b7c0a6ac30b,4232,Other,Zui,UI Toolkit,4,1
Zui/Toolkit/ZuiPixel.cs,6b66c977fca8fc915013ccd3ba115d380e82df1b285ef8c4015cf8897f085b8f,19106,Other,Zui,mixed UI Toolkit + IMGUI,0,0
Zui/Toolkit/ZuiPopover.cs,b96bbcd1bdcee92696c1e9ddae141c6cd8c01fef3f3dd6dd15ce56e5f7ee5ebb,11443,Other,Zui,UI Toolkit,16,3
Zui/Toolkit/ZuiRampControl.cs,8e224fa40096864db7911e40e297fc9c49ba32e2c724daa2f4c498a5a2936e58,17454,Other,Zui,UI Toolkit,17,0
Zui/Toolkit/ZuiRampGradientBridge.cs,4b20d9a4b448dc2f2da93eb104a6dc1864cd4b2a51f7aea94c7409d0e88a9d22,5068,Other,Zui,unknown / no renderer evidence,0,0
Zui/Toolkit/ZuiRectCanvas.cs,f6e5c202e4f9bd0f52c5ad5926997aa450fbfe202eea7c2980e4d94d546b6cac,2840,Other,Zui,mixed UI Toolkit + IMGUI,0,0
Zui/Toolkit/ZuiReflect.cs,20ab1bb69163c5cde5e4da23481c55b8154b6a9b4a59c3e591b029516a468b67,49882,Other,Zui,mixed UI Toolkit + IMGUI,11,0
Zui/Toolkit/ZuiReorder.cs,5a8fec0aa43026cb84ebe60a9ba3fb22d3b99c71d1360b3554bc14082041ea46,3913,Other,Zui,UI Toolkit,5,3
Zui/Toolkit/ZuiScrub.cs,b3ff65c59c3ccd2a8db3c363a30b9d0cc2e046c83f552257e9a4795d243e12ee,15246,Other,Zui,UI Toolkit,6,0
Zui/Toolkit/ZuiSection.cs,8a3a0d974b52022172b30febc8d84f00fb2200448fc739ebcd5fa064c3f98273,14638,Other,Zui,UI Toolkit,16,8
Zui/Toolkit/ZuiSectionLabel.cs,36b3456110000d96b444cc3ac3b6664c15afcfe62b99df39b1ffde07194bea7b,7896,Other,Zui,UI Toolkit,2,0
Zui/Toolkit/ZuiSectionToggleBar.cs,edf2fbd3c4c37d287989376f5c391178a20ff9aa741e40056c93910fa6b3ad37,25270,Other,Zui,UI Toolkit,6,4
Zui/Toolkit/ZuiSegmented.cs,494dc676128462f924f5ecb9a88de055f25a45c3161d0e66223034c78e7835f4,3706,Other,Zui,UI Toolkit,0,7
Zui/Toolkit/ZuiSerialized.cs,0eaa26be3322ab2fbaf5cce66b8c09f9789b541779486707a37b1d78a83b2bf1,8194,Other,Zui,UI Toolkit,4,1
Zui/Toolkit/ZuiShapeBrowser.cs,3034de3e99644bf9c173964be43b14db175e90fca7a0945591bd2fab648c90b2,13930,Other,Zui,UI Toolkit,21,1
Zui/Toolkit/ZuiSkinBandSliders.cs,8b7d29986a4af2d0c551cdf8dd6ca66f1891691d7ea0727a1c583412b8059ca3,8811,Other,Zui,UI Toolkit,31,3
Zui/Toolkit/ZuiSkinEnvelope.cs,af63114c5f5b2c0643bdd4f5a9fb22e8d80360cd862fab39956c15318276fbe2,35579,Other,Zui,UI Toolkit,15,1
Zui/Toolkit/ZuiSkinMinMax.cs,e2338029069793649d31abfb18292e6504ec826415a80b851c8cbdf8668abe0c,13151,Other,Zui,UI Toolkit,22,8
Zui/Toolkit/ZuiSkinRangeSlider.cs,8d32ef833e96dc475bbd049447775a6747a332f5b18dec2594d54dfe60424062,18471,Other,Zui,UI Toolkit,31,8
Zui/Toolkit/ZuiSkinSlider.cs,6dc8667d69681e638faaeb03d039f209518416dae559a18e01694004654cd6a4,5602,Other,Zui,UI Toolkit,6,2
Zui/Toolkit/ZuiSkinThumbSlider.cs,9059ca29603cec19e4bd03b1bc73ca9c78ebb1df5cadafe5c456696a4eca7b6d,7622,Other,Zui,UI Toolkit,18,4
Zui/Toolkit/ZuiSkinTrackLabel.cs,07afeaf81956d37f639fb19c6e7e9776574be2ae290964d234a93d947dcbe4a7,3683,Other,Zui,UI Toolkit,19,1
Zui/Toolkit/ZuiStepSequencer.cs,ae6fa8e4bf780f0e2fee5668e1a0126abc4aa70f2342c3531711ce2a88182bd5,3773,Other,Zui,UI Toolkit,1,0
Zui/Toolkit/ZuiSwatchControl.cs,17a421a42e3327e4ff6155f6fcc5b087d5d3c1d86148f88f86d00444c101cd6b,4749,Other,Zui,UI Toolkit,14,0
Zui/Toolkit/ZuiThumbGrid.cs,3917214749ae6b6b4510548c14b2e09d7c88b6fc45a7e82fc1853534ff2f3f91,3440,Other,Zui,unknown / no renderer evidence,0,0
Zui/Toolkit/ZuiTimeline.cs,00f7a395c178e7853739947ece7482625859af4056ac97511da31be29affc02c,21899,Other,Zui,UI Toolkit,37,2
Zui/Toolkit/ZuiToggleButton.cs,7df5bc1a9c84128f7fb7a30aaadac314a32824fe4dc91deba084abb0fcb2c920,3009,Other,Zui,UI Toolkit,0,0
Zui/Toolkit/ZuiToolkit.uss,d276788270eb0cfe57d95218fe3df99e6eb7a9682e9dbba630b28e2203ff093a,39737,Other,Zui,UI Toolkit,0,0
Zui/Toolkit/ZuiToolStateProvider.cs,14434e26d5696d6e9391c62b3e8259b4909df215c5e575317a138c2458f3b6d0,3885,Other,Zui,unknown / no renderer evidence,0,0
Zui/Toolkit/ZuiToolStateStore.cs,6e67a273b205d7f406b60395a7299e38c52e773560870bde391bc5f2932bdb78,6558,Other,Zui,unknown / no renderer evidence,0,0
Zui/Toolkit/ZuiUndoGesture.cs,b3bff8da14a9116a2c6fc0bbbf4aa9b6c6b7a74f595e43784b6ee3e3baaf1c27,1629,Other,Zui,unknown / no renderer evidence,0,0
Zui/Toolkit/ZuiValue2DControl.cs,f9b2824a904f3e2f61536b7e67548721b8e5938b127b05d84b8784deee0c4a1c,37697,Other,Zui,UI Toolkit,11,6
Zui/Toolkit/ZuiValueControl.cs,019e6db053950a1d503f282cbe0ba20fc4890cbbe91f537894b5827ae56e423c,53907,Other,Zui,UI Toolkit,46,13
Zui/Toolkit/ZuiVectorDial.cs,ba9d32672453dc68b8c0885164c8fe4445f4fd62c0d951adc1a456334f821697,12941,Other,Zui,UI Toolkit,14,0
Zui/Toolkit/ZuiVectorEditor.cs,846bc4e53523995a973f1c82cfac6ae73ff96706bd3f56019b2f939e55a358bd,15170,Other,Zui,UI Toolkit,2,0
Zui/Toolkit/ZuiVectorMarker.cs,616cb97aedbf65658ba933f4945b61331a37d23f454e668142d719a9fc37101e,11360,Other,Zui,ZUI / IMGUI,0,0
Zui/Toolkit/ZuiViewBar.cs,2b9fba533cb54a9fa10ee162e0e90ce414e53cbd1e4a8252b529af723d5bf070,10111,Other,Zui,UI Toolkit,15,0
Zui/Toolkit/ZuiViewStore.cs,8ba8726ec3315102cdd3ef19452d31e7a1182c91ad90550850c49e832422ea43,1866,Other,Zui,unknown / no renderer evidence,0,0
Zui/Toolkit/ZuiWindow.cs,5e4ccf3f58f9825e16f8a5b0d713ac4198c5e8a18a8ba9663e44a97c6d891352,1718,Other,Zui,UI Toolkit,0,0
